let MOLECULE_DB = {},
  MOLECULE_INDEX = {};
const di = (_0x200f2f, _0x202bf4 = 0x3c) => [
    { "\x65\x6c\x65\x6d": _0x200f2f, "\x78": -_0x202bf4, "\x79": 0x0, "\x7a": 0x0 },
    { "\x65\x6c\x65\x6d": _0x200f2f, "\x78": _0x202bf4, "\x79": 0x0, "\x7a": 0x0 },
  ],
  getLinear = (_0x374ccb, _0x27c16e, _0x79acf = 0x46) => [
    { "\x65\x6c\x65\x6d": _0x374ccb, "\x78": 0x0, "\x79": 0x0, "\x7a": 0x0, "\x6c\x70\x43\x6f\x75\x6e\x74": 0x0 },
    { "\x65\x6c\x65\x6d": _0x27c16e, "\x78": -_0x79acf, "\x79": 0x0, "\x7a": 0x0 },
    { "\x65\x6c\x65\x6d": _0x27c16e, "\x78": _0x79acf, "\x79": 0x0, "\x7a": 0x0 },
  ],
  getTrigPlanar = (_0x2b89e4, _0x190d94, _0x3872f5 = 0x46) => [
    { "\x65\x6c\x65\x6d": _0x2b89e4, "\x78": 0x0, "\x79": 0x0, "\x7a": 0x0, "\x6c\x70\x43\x6f\x75\x6e\x74": 0x0 },
    { "\x65\x6c\x65\x6d": _0x190d94, "\x78": 0x0, "\x79": _0x3872f5, "\x7a": 0x0 },
    { "\x65\x6c\x65\x6d": _0x190d94, "\x78": _0x3872f5 * 0.866, "\x79": -_0x3872f5 * 0.5, "\x7a": 0x0 },
    { "\x65\x6c\x65\x6d": _0x190d94, "\x78": -_0x3872f5 * 0.866, "\x79": -_0x3872f5 * 0.5, "\x7a": 0x0 },
  ],
  getTetra = (_0x271382, _0x2197c9, _0x408060 = 0x3c) => {
    const _0x46663b = _0x408060 / 1.73205;
    return [
      { "\x65\x6c\x65\x6d": _0x271382, "\x78": 0x0, "\x79": 0x0, "\x7a": 0x0, "\x6c\x70\x43\x6f\x75\x6e\x74": 0x0 },
      { "\x65\x6c\x65\x6d": _0x2197c9, "\x78": _0x46663b, "\x79": -_0x46663b, "\x7a": _0x46663b },
      { "\x65\x6c\x65\x6d": _0x2197c9, "\x78": -_0x46663b, "\x79": _0x46663b, "\x7a": _0x46663b },
      { "\x65\x6c\x65\x6d": _0x2197c9, "\x78": -_0x46663b, "\x79": -_0x46663b, "\x7a": -_0x46663b },
      { "\x65\x6c\x65\x6d": _0x2197c9, "\x78": _0x46663b, "\x79": _0x46663b, "\x7a": -_0x46663b },
    ];
  },
  getOcta = (_0x41804d, _0x2d5c2e, _0x2ee533 = 0x41) => [
    { "\x65\x6c\x65\x6d": _0x41804d, "\x78": 0x0, "\x79": 0x0, "\x7a": 0x0, "\x6c\x70\x43\x6f\x75\x6e\x74": 0x0 },
    { "\x65\x6c\x65\x6d": _0x2d5c2e, "\x78": _0x2ee533, "\x79": 0x0, "\x7a": 0x0 },
    { "\x65\x6c\x65\x6d": _0x2d5c2e, "\x78": -_0x2ee533, "\x79": 0x0, "\x7a": 0x0 },
    { "\x65\x6c\x65\x6d": _0x2d5c2e, "\x78": 0x0, "\x79": _0x2ee533, "\x7a": 0x0 },
    { "\x65\x6c\x65\x6d": _0x2d5c2e, "\x78": 0x0, "\x79": -_0x2ee533, "\x7a": 0x0 },
    { "\x65\x6c\x65\x6d": _0x2d5c2e, "\x78": 0x0, "\x79": 0x0, "\x7a": _0x2ee533 },
    { "\x65\x6c\x65\x6d": _0x2d5c2e, "\x78": 0x0, "\x79": 0x0, "\x7a": -_0x2ee533 },
  ],
  benzBase = [
    { "\x78": 0x0, "\x79": 0x46, "\x7a": 0x0 },
    { "\x78": 0x3c, "\x79": 0x23, "\x7a": 0x0 },
    { "\x78": 0x3c, "\x79": -0x23, "\x7a": 0x0 },
    { "\x78": 0x0, "\x79": -0x46, "\x7a": 0x0 },
    { "\x78": -0x3c, "\x79": -0x23, "\x7a": 0x0 },
    { "\x78": -0x3c, "\x79": 0x23, "\x7a": 0x0 },
  ];
function getBenzH(_0xc9d085, _0x361a2b = 0x23) {
  const _0x3d025e = benzBase[_0xc9d085],
    _0x427070 = Math["\x73\x71\x72\x74"](_0x3d025e["\x78"] ** 0x2 + _0x3d025e["\x79"] ** 0x2);
  return { "\x78": _0x3d025e["\x78"] + (_0x3d025e["\x78"] / _0x427070) * _0x361a2b, "\x79": _0x3d025e["\x79"] + (_0x3d025e["\x79"] / _0x427070) * _0x361a2b, "\x7a": 0x0 };
}
const addMol = (_0x37b1aa, _0x27fdf1, _0x3e26e6, _0x17fefb, _0x481318, _0x578897, _0x362c99, _0x2e4ca4, _0x3de660, _0x24581a = null, _0x142802 = null, _0x2c4729 = null, _0x18e72f = "\x69\x73\x6f\x6d\x65\x72") => {
  if (typeof MOLECULE_INDEX === "\x75\x6e\x64\x65\x66\x69\x6e\x65\x64") MOLECULE_INDEX = {};
  if (typeof MOLECULE_DB === "\x75\x6e\x64\x65\x66\x69\x6e\x65\x64") MOLECULE_DB = {};
  const _0x557124 = _0x37b1aa["\x73\x70\x6c\x69\x74"]("\x7c"),
    _0xda4cdd = _0x557124[0x0]["\x74\x72\x69\x6d"](),
    _0x12fd23 = _0xda4cdd["\x74\x6f\x55\x70\x70\x65\x72\x43\x61\x73\x65"]();
  _0x557124["\x66\x6f\x72\x45\x61\x63\x68"]((_0x3989d5) => {
    MOLECULE_INDEX[_0x3989d5["\x74\x72\x69\x6d"]()["\x74\x6f\x55\x70\x70\x65\x72\x43\x61\x73\x65"]()] = { "\x6b\x65\x79": _0xda4cdd, "\x76\x61\x72\x69\x61\x6e\x74": null };
  });
  const _0x2f225e = {
    "\x63\x65\x6e\x74\x65\x72": _0x27fdf1,
    "\x68\x79\x62\x72\x69\x64": _0x3e26e6,
    "\x73\x68\x61\x70\x65": Array["\x69\x73\x41\x72\x72\x61\x79"](_0x17fefb) ? _0x17fefb[0x0] + "\x20\x28" + _0x17fefb[0x1] + "\x29" : _0x17fefb,
    "\x61\x6e\x67\x6c\x65": _0x481318,
    "\x6d\x70": _0x578897,
    "\x62\x70": _0x362c99,
    "\x61\x74\x6f\x6d\x73\x52\x61\x77": _0x2e4ca4,
    "\x62\x6f\x6e\x64\x73\x52\x61\x77": _0x3de660,
    "\x64\x65\x73\x63": _0x142802,
    "\x66\x75\x6c\x6c\x4b\x65\x79": _0x37b1aa,
    "\x69\x73\x4d\x65\x74\x61\x6c": ![],
    "\x70\x67": _0x2c4729,
    "\x76\x61\x72\x69\x61\x6e\x74\x54\x79\x70\x65": _0x18e72f,
  };
  if (_0x24581a) {
    _0x2f225e["\x76\x61\x72\x69\x61\x6e\x74\x73"] = {};
    for (let _0x26a162 in _0x24581a) {
      const _0x230227 = _0x26a162,
        _0x41a8a2 = _0x24581a[_0x26a162];
      _0x2f225e["\x76\x61\x72\x69\x61\x6e\x74\x73"][_0x230227] = {
        ..._0x2f225e,
        "\x61\x74\x6f\x6d\x73\x52\x61\x77": _0x41a8a2["\x61\x74\x6f\x6d\x73"],
        "\x62\x6f\x6e\x64\x73\x52\x61\x77": _0x41a8a2["\x62\x6f\x6e\x64\x73"],
        "\x70\x67": _0x41a8a2["\x70\x67"] || _0x2f225e["\x70\x67"] || null,
        "\x6d\x70": _0x41a8a2["\x6d\x70"] !== undefined ? _0x41a8a2["\x6d\x70"] : _0x2f225e["\x6d\x70"],
        "\x62\x70": _0x41a8a2["\x62\x70"] !== undefined ? _0x41a8a2["\x62\x70"] : _0x2f225e["\x62\x70"],
        "\x64\x65\x73\x63": _0x41a8a2["\x64\x65\x73\x63"] !== undefined ? _0x41a8a2["\x64\x65\x73\x63"] : _0x2f225e["\x64\x65\x73\x63"],
        "\x66\x75\x6c\x6c\x4b\x65\x79": _0x26a162,
      };
    }
  }
  MOLECULE_DB[_0xda4cdd] = _0x2f225e;
};
function updateVariantUI(_0x4c54eb, _0x4a47e2) {
  const _0x331506 = MOLECULE_DB[_0x4c54eb];
  ((variantSelector["\x69\x6e\x6e\x65\x72\x48\x54\x4d\x4c"] = ""), (variantSelector["\x63\x6c\x61\x73\x73\x4e\x61\x6d\x65"] = ""));
  if (_0x331506["\x76\x61\x72\x69\x61\x6e\x74\x73"]) {
    variantSelector["\x73\x74\x79\x6c\x65"]["\x64\x69\x73\x70\x6c\x61\x79"] = "\x62\x6c\x6f\x63\x6b";
    const _0x42b9f6 = document["\x63\x72\x65\x61\x74\x65\x45\x6c\x65\x6d\x65\x6e\x74"]("\x64\x69\x76");
    _0x42b9f6["\x63\x6c\x61\x73\x73\x4e\x61\x6d\x65"] = "\x76\x61\x72\x69\x61\x6e\x74\x2d\x68\x65\x61\x64\x65\x72";
    const _0x23e3ae = {
        "\x69\x73\x6f\x6d\x65\x72": { "\x63\x6c\x61\x73\x73": "", "\x74\x69\x74\x6c\x65": "\u9078\u64c7\u540c\u5206\u7570\u69cb\u7269\x20\x28\x49\x73\x6f\x6d\x65\x72\x29\x3a" },
        "\x72\x65\x73\x6f\x6e\x61\x6e\x63\x65": { "\x63\x6c\x61\x73\x73": "\x72\x65\x73\x6f\x6e\x61\x6e\x63\x65\x2d\x74\x68\x65\x6d\x65", "\x74\x69\x74\x6c\x65": "\u9078\u64c7\u5171\u632f\u7d50\u69cb\x20\x28\x52\x65\x73\x6f\x6e\x61\x6e\x63\x65\x29\x3a" },
        "\x73\x74\x72\x75\x63\x74\x75\x72\x65": { "\x63\x6c\x61\x73\x73": "\x73\x74\x72\x75\x63\x74\x75\x72\x65\x2d\x74\x68\x65\x6d\x65", "\x74\x69\x74\x6c\x65": "\u9078\u64c7\u7d50\u69cb\u5c64\u6b21\x20\x28\x53\x74\x72\x75\x63\x74\x75\x72\x65\x29\x3a" },
        "\x61\x63\x69\x64": { "\x63\x6c\x61\x73\x73": "\x61\x63\x69\x64\x2d\x74\x68\x65\x6d\x65", "\x74\x69\x74\x6c\x65": "\u9078\u64c7\u89e3\u96e2\u72c0\u614b\x20\x28\x44\x69\x73\x73\x6f\x63\x69\x61\x74\x69\x6f\x6e\x29\x3a" },
        "\x61\x6c\x6c\x6f\x74\x72\x6f\x70\x65": { "\x63\x6c\x61\x73\x73": "\x61\x6c\x6c\x6f\x74\x72\x6f\x70\x65\x2d\x74\x68\x65\x6d\x65", "\x74\x69\x74\x6c\x65": "\u9078\u64c7\u540c\u7d20\u7570\u5f62\u9ad4\x20\x28\x41\x6c\x6c\x6f\x74\x72\x6f\x70\x65\x29\x3a" },
        "\x70\x6f\x6c\x79\x6d\x6f\x72\x70\x68": { "\x63\x6c\x61\x73\x73": "\x70\x6f\x6c\x79\x6d\x6f\x72\x70\x68\x2d\x74\x68\x65\x6d\x65", "\x74\x69\x74\x6c\x65": "\u9078\u64c7\u540c\u8cea\u7570\u5f62\u9ad4\x20\x28\x50\x6f\x6c\x79\x6d\x6f\x72\x70\x68\x29\x3a" },
      },
      _0x97395f = _0x23e3ae[_0x331506["\x76\x61\x72\x69\x61\x6e\x74\x54\x79\x70\x65"]] || _0x23e3ae["\x69\x73\x6f\x6d\x65\x72"];
    if (_0x97395f["\x63\x6c\x61\x73\x73"]) variantSelector["\x63\x6c\x61\x73\x73\x4c\x69\x73\x74"]["\x61\x64\x64"](_0x97395f["\x63\x6c\x61\x73\x73"]);
    ((_0x42b9f6["\x74\x65\x78\x74\x43\x6f\x6e\x74\x65\x6e\x74"] = _0x97395f["\x74\x69\x74\x6c\x65"]), variantSelector["\x61\x70\x70\x65\x6e\x64\x43\x68\x69\x6c\x64"](_0x42b9f6));
    for (let _0x846054 in _0x331506["\x76\x61\x72\x69\x61\x6e\x74\x73"]) {
      const _0x4dfdd8 = document["\x63\x72\x65\x61\x74\x65\x45\x6c\x65\x6d\x65\x6e\x74"]("\x64\x69\x76");
      _0x4dfdd8["\x63\x6c\x61\x73\x73\x4e\x61\x6d\x65"] = "\x76\x61\x72\x69\x61\x6e\x74\x2d\x6f\x70\x74\x69\x6f\x6e";
      const _0x30641d = document["\x63\x72\x65\x61\x74\x65\x45\x6c\x65\x6d\x65\x6e\x74"]("\x69\x6e\x70\x75\x74");
      ((_0x30641d["\x74\x79\x70\x65"] = "\x72\x61\x64\x69\x6f"), (_0x30641d["\x6e\x61\x6d\x65"] = "\x76"));
      if (_0x846054 === _0x4a47e2) _0x30641d["\x63\x68\x65\x63\x6b\x65\x64"] = !![];
      const _0x1dfcb8 = document["\x63\x72\x65\x61\x74\x65\x45\x6c\x65\x6d\x65\x6e\x74"]("\x73\x70\x61\x6e"),
        _0x56681e = _0x331506["\x76\x61\x72\x69\x61\x6e\x74\x73"][_0x846054],
        _0x8de1f7 = (_0x56681e["\x66\x75\x6c\x6c\x4b\x65\x79"] || _0x846054)["\x73\x70\x6c\x69\x74"]("\x7c");
      ((_0x1dfcb8["\x69\x6e\x6e\x65\x72\x48\x54\x4d\x4c"] = _0x8de1f7["\x6c\x65\x6e\x67\x74\x68"] > 0x1 ? "\x20" + _0x8de1f7[0x1]["\x74\x72\x69\x6d"]() : "\x20" + formatFormula(_0x8de1f7[0x0]["\x74\x72\x69\x6d"]())),
        _0x4dfdd8["\x61\x70\x70\x65\x6e\x64\x43\x68\x69\x6c\x64"](_0x30641d),
        _0x4dfdd8["\x61\x70\x70\x65\x6e\x64\x43\x68\x69\x6c\x64"](_0x1dfcb8),
        _0x4dfdd8["\x61\x64\x64\x45\x76\x65\x6e\x74\x4c\x69\x73\x74\x65\x6e\x65\x72"]("\x63\x6c\x69\x63\x6b", () => loadMolecule(_0x4c54eb, _0x846054)),
        variantSelector["\x61\x70\x70\x65\x6e\x64\x43\x68\x69\x6c\x64"](_0x4dfdd8));
    }
  } else variantSelector["\x73\x74\x79\x6c\x65"]["\x64\x69\x73\x70\x6c\x61\x79"] = "\x6e\x6f\x6e\x65";
}
function markReps(_0x451571, _0x2ee3c0, _0x3a8039, _0x3a3a03, _0x390951, _0x666986) {
  const _0x3d9af3 = new Array(_0x451571["\x6c\x65\x6e\x67\x74\x68"])["\x66\x69\x6c\x6c"](0x0);
  (_0x2ee3c0["\x66\x6f\x72\x45\x61\x63\x68"]((_0x24b059) => {
    (_0x3d9af3[_0x24b059[0x0]]++, _0x3d9af3[_0x24b059[0x1]]++);
  }),
    _0x451571["\x66\x6f\x72\x45\x61\x63\x68"]((_0x42cf73, _0x3fdc4b) => {
      if (_0x42cf73["\x65\x6c\x65\x6d"] === _0x3a3a03 && _0x3d9af3[_0x3fdc4b] === _0x3a8039) _0x42cf73["\x69\x73\x52\x65\x70\x72\x65\x73\x65\x6e\x74\x61\x74\x69\x76\x65"] = !![];
      else {
        if (_0x42cf73["\x65\x6c\x65\x6d"] === _0x666986 && _0x3d9af3[_0x3fdc4b] === _0x390951) _0x42cf73["\x69\x73\x52\x65\x70\x72\x65\x73\x65\x6e\x74\x61\x74\x69\x76\x65"] = !![];
        else _0x42cf73["\x69\x73\x52\x65\x70\x72\x65\x73\x65\x6e\x74\x61\x74\x69\x76\x65"] = ![];
      }
    }));
}
((function () {
  const _0x2e61ed = [
      { "\x65\x6c\x65\x6d": "\x4e\x61", "\x78": -0x28, "\x79": 0x0, "\x7a": 0x0, "\x72": 0x14, "\x6c\x70\x43\x6f\x75\x6e\x74": 0x0 },
      { "\x65\x6c\x65\x6d": "\x43\x6c", "\x78": 0x28, "\x79": 0x0, "\x7a": 0x0, "\x72": 0x23, "\x6c\x70\x43\x6f\x75\x6e\x74": 0x0 },
    ],
    _0x5424b5 = [[0x0, 0x1, "\x69\x6f\x6e\x69\x63\x5f\x74\x68\x69\x6e"]],
    _0x2310e6 = [],
    _0x501b56 = [],
    _0x597c13 = 0x78;
  for (let _0x49431f = -0x1; _0x49431f <= 0x1; _0x49431f++)
    for (let _0x4b2d66 = -0x1; _0x4b2d66 <= 0x1; _0x4b2d66++)
      for (let _0x42546b = -0x1; _0x42546b <= 0x1; _0x42546b++) {
        const _0x59dccd = Math["\x61\x62\x73"](_0x49431f + _0x4b2d66 + _0x42546b) % 0x2 !== 0x0;
        _0x2310e6["\x70\x75\x73\x68"]({ "\x65\x6c\x65\x6d": _0x59dccd ? "\x4e\x61" : "\x43\x6c", "\x78": _0x49431f * _0x597c13, "\x79": _0x4b2d66 * _0x597c13, "\x7a": _0x42546b * _0x597c13, "\x72": _0x59dccd ? 0x12 : 0x22, "\x6c\x70\x43\x6f\x75\x6e\x74": 0x0, "\x67\x78": _0x49431f, "\x67\x79": _0x4b2d66, "\x67\x7a": _0x42546b, "\x69\x73\x52\x65\x70\x72\x65\x73\x65\x6e\x74\x61\x74\x69\x76\x65": !_0x49431f && !_0x4b2d66 && !_0x42546b });
      }
  for (let _0x266c16 = 0x0; _0x266c16 < _0x2310e6["\x6c\x65\x6e\x67\x74\x68"]; _0x266c16++)
    for (let _0x4a674d = _0x266c16 + 0x1; _0x4a674d < _0x2310e6["\x6c\x65\x6e\x67\x74\x68"]; _0x4a674d++) {
      const _0x402afe = Math["\x61\x62\x73"](_0x2310e6[_0x266c16]["\x78"] - _0x2310e6[_0x4a674d]["\x78"]) + Math["\x61\x62\x73"](_0x2310e6[_0x266c16]["\x79"] - _0x2310e6[_0x4a674d]["\x79"]) + Math["\x61\x62\x73"](_0x2310e6[_0x266c16]["\x7a"] - _0x2310e6[_0x4a674d]["\x7a"]);
      if (Math["\x61\x62\x73"](_0x402afe - _0x597c13) < 0x1) {
        const _0xe23bf = (Math["\x61\x62\x73"](_0x2310e6[_0x266c16]["\x67\x78"]) === 0x1 && _0x2310e6[_0x266c16]["\x67\x78"] === _0x2310e6[_0x4a674d]["\x67\x78"]) || (Math["\x61\x62\x73"](_0x2310e6[_0x266c16]["\x67\x79"]) === 0x1 && _0x2310e6[_0x266c16]["\x67\x79"] === _0x2310e6[_0x4a674d]["\x67\x79"]) || (Math["\x61\x62\x73"](_0x2310e6[_0x266c16]["\x67\x7a"]) === 0x1 && _0x2310e6[_0x266c16]["\x67\x7a"] === _0x2310e6[_0x4a674d]["\x67\x7a"]);
        _0x501b56["\x70\x75\x73\x68"]([_0x266c16, _0x4a674d, _0xe23bf ? "\x69\x6f\x6e\x69\x63\x5f\x74\x68\x69\x63\x6b" : "\x69\x6f\x6e\x69\x63\x5f\x74\x68\x69\x6e"]);
      }
    }
  (addMol(
    "\x4e\x61\x43\x6c\x7c\u6c2f\u5316\u9209\x7c\u98df\u9e7d",
    "\x4e\x61",
    "\x2d",
    "\x2d",
    "\x2d",
    "\x38\x30\x31",
    "\x31\x34\x36\x35",
    _0x2e61ed,
    _0x5424b5,
    {
      "\x53\x69\x6d\x70\x6c\x65\x7c\u57fa\u672c\u55ae\u5143\x20\x28\u96e2\u5b50\u5c0d\x29": {
        "\x61\x74\x6f\x6d\x73": _0x2e61ed,
        "\x62\x6f\x6e\x64\x73": _0x5424b5,
        "\x68\x79\x62\x72\x69\x64": "\x2d",
        "\x73\x68\x61\x70\x65": "\x2d",
        "\x64\x65\x73\x63":
          "\x3c\x64\x69\x76\x20\x63\x6c\x61\x73\x73\x3d\x22\x69\x6e\x66\x6f\x2d\x73\x65\x63\x74\x69\x6f\x6e\x22\x3e\x3c\x64\x69\x76\x20\x63\x6c\x61\x73\x73\x3d\x22\x69\x6e\x66\x6f\x2d\x74\x69\x74\x6c\x65\x22\x3e\ud83e\uddc2\x20\u7269\u8cea\u7c21\u4ecb\x3c\x2f\x64\x69\x76\x3e\x3c\x64\x69\x76\x20\x63\x6c\x61\x73\x73\x3d\x22\x69\x6e\x66\x6f\x2d\x62\x6f\x64\x79\x22\x3e\x3c\x73\x74\x72\x6f\x6e\x67\x3e\u6c2f\u5316\u9209\x20\x28\x4e\x61\x43\x6c\x29\x3c\x2f\x73\x74\x72\x6f\x6e\x67\x3e\x3c\x62\x72\x3e\u4fd7\u7a31\u98df\u9e7d\u3002\u7d14\u6de8\u6642\u70ba\u7121\u8272\u900f\u660e\u6676\u9ad4\u3002\u5b83\u662f\u751f\u6d3b\u4e2d\u6700\u91cd\u8981\u7684\u8abf\u5473\u54c1\u8207\u9632\u8150\u5291\u3002\x3c\x2f\x64\x69\x76\x3e\x3c\x2f\x64\x69\x76\x3e",
      },
      "\x43\x72\x79\x73\x74\x61\x6c\x7c\u6676\u9ad4\u5806\u7a4d\x20\x28\x46\x43\x43\x29": {
        "\x61\x74\x6f\x6d\x73": _0x2310e6,
        "\x62\x6f\x6e\x64\x73": _0x501b56,
        "\x69\x73\x49\x6f\x6e\x69\x63": !![],
        "\x65\x64\x67\x65\x52\x65\x6c\x61\x74\x69\x6f\x6e": "\x61\x20\x3d\x20\x32\x28\x72\x3c\x73\x75\x62\x3e\x2b\x3c\x2f\x73\x75\x62\x3e\x20\x2b\x20\x72\x3c\x73\x75\x62\x3e\x2d\x3c\x2f\x73\x75\x62\x3e\x29",
        "\x64\x65\x73\x63":
          "\x3c\x64\x69\x76\x20\x63\x6c\x61\x73\x73\x3d\x22\x69\x6e\x66\x6f\x2d\x73\x65\x63\x74\x69\x6f\x6e\x22\x3e\x3c\x64\x69\x76\x20\x63\x6c\x61\x73\x73\x3d\x22\x69\x6e\x66\x6f\x2d\x74\x69\x74\x6c\x65\x22\x3e\ud83e\uddca\x20\u6676\u9ad4\u7279\u6027\x3c\x2f\x64\x69\x76\x3e\x3c\x64\x69\x76\x20\x63\x6c\x61\x73\x73\x3d\x22\x69\x6e\x66\x6f\x2d\x62\x6f\x64\x79\x22\x3e\x3c\x73\x74\x72\x6f\x6e\x67\x3e\u9762\u5fc3\u7acb\u65b9\u5806\u7a4d\x20\x28\x46\x43\x43\x29\x3c\x2f\x73\x74\x72\x6f\x6e\x67\x3e\x3c\x62\x72\x3e\u6c2f\u5316\u9209\u5177\u6709\u9ad8\u7194\u9ede\x20\x28\x38\x30\x31\u00b0\x43\x29\u3002\u6bcf\u500b\u9209\u96e2\u5b50\u5468\u570d\u90fd\u88ab\x36\u500b\u6c2f\u96e2\u5b50\u5305\u570d\uff0c\u914d\u4f4d\u6578\u70ba\x20\x36\u3002\x3c\x62\x72\x3e\x3c\x73\x70\x61\x6e\x20\x73\x74\x79\x6c\x65\x3d\x22\x63\x6f\x6c\x6f\x72\x3a\x23\x66\x61\x63\x63\x31\x35\x22\x3e\u2605\x20\u9ede\u64ca\u4e2d\u5fc3\u539f\u5b50\u53ef\u67e5\u770b\u914d\u4f4d\u6578\u3002\x3c\x2f\x73\x70\x61\x6e\x3e\x3c\x2f\x64\x69\x76\x3e\x3c\x2f\x64\x69\x76\x3e",
      },
    },
    "\x3c\x64\x69\x76\x20\x63\x6c\x61\x73\x73\x3d\x22\x69\x6e\x66\x6f\x2d\x73\x65\x63\x74\x69\x6f\x6e\x22\x3e\x3c\x64\x69\x76\x20\x63\x6c\x61\x73\x73\x3d\x22\x69\x6e\x66\x6f\x2d\x74\x69\x74\x6c\x65\x22\x3e\ud83e\uddc2\x20\u6c2f\u5316\u9209\x3c\x2f\x64\x69\x76\x3e\x3c\x64\x69\x76\x20\x63\x6c\x61\x73\x73\x3d\x22\x69\x6e\x66\x6f\x2d\x62\x6f\x64\x79\x22\x3e\u8acb\u5207\u63db\u9078\u9805\u6aa2\u8996\u3002\x3c\x2f\x64\x69\x76\x3e\x3c\x2f\x64\x69\x76\x3e",
    "\x2d",
    "\x73\x74\x72\x75\x63\x74\x75\x72\x65",
  ),
    MOLECULE_DB["\x4e\x61\x43\x6c"]?.["\x76\x61\x72\x69\x61\x6e\x74\x73"] && ((MOLECULE_DB["\x4e\x61\x43\x6c"]["\x76\x61\x72\x69\x61\x6e\x74\x73"]["\x43\x72\x79\x73\x74\x61\x6c\x7c\u6676\u9ad4\u5806\u7a4d\x20\x28\x46\x43\x43\x29"]["\x69\x73\x49\x6f\x6e\x69\x63"] = !![]), (MOLECULE_DB["\x4e\x61\x43\x6c"]["\x76\x61\x72\x69\x61\x6e\x74\x73"]["\x53\x69\x6d\x70\x6c\x65\x7c\u57fa\u672c\u55ae\u5143\x20\x28\u96e2\u5b50\u5c0d\x29"]["\x69\x73\x49\x6f\x6e\x69\x63"] = !![])));
})(),
  (function () {
    const _0x16f33b = [
        { "\x65\x6c\x65\x6d": "\x43\x73", "\x78": -0x2d, "\x79": 0x0, "\x7a": 0x0, "\x72": 0x1a, "\x6c\x70\x43\x6f\x75\x6e\x74": 0x0 },
        { "\x65\x6c\x65\x6d": "\x43\x6c", "\x78": 0x2d, "\x79": 0x0, "\x7a": 0x0, "\x72": 0x22, "\x6c\x70\x43\x6f\x75\x6e\x74": 0x0 },
      ],
      _0x3ec882 = [[0x0, 0x1, "\x69\x6f\x6e\x69\x63\x5f\x74\x68\x69\x6e"]],
      _0x11876a = [],
      _0x55d441 = [],
      _0xecb3f5 = 0xc8;
    (_0x11876a["\x70\x75\x73\x68"]({ "\x65\x6c\x65\x6d": "\x43\x73", "\x78": 0x0, "\x79": 0x0, "\x7a": 0x0, "\x72": 0x1a, "\x69\x73\x52\x65\x70\x72\x65\x73\x65\x6e\x74\x61\x74\x69\x76\x65": !![] }),
      [-0x1, 0x1]["\x66\x6f\x72\x45\x61\x63\x68"]((_0x11f703) =>
        [-0x1, 0x1]["\x66\x6f\x72\x45\x61\x63\x68"]((_0x3231de) =>
          [-0x1, 0x1]["\x66\x6f\x72\x45\x61\x63\x68"]((_0x5f5af1) => {
            (_0x11876a["\x70\x75\x73\x68"]({ "\x65\x6c\x65\x6d": "\x43\x6c", "\x78": _0x11f703 * _0xecb3f5 * 0.5, "\x79": _0x3231de * _0xecb3f5 * 0.5, "\x7a": _0x5f5af1 * _0xecb3f5 * 0.5, "\x72": 0x22, "\x69\x73\x43\x6f\x72\x6e\x65\x72": !![] }), _0x55d441["\x70\x75\x73\x68"]([0x0, _0x11876a["\x6c\x65\x6e\x67\x74\x68"] - 0x1, "\x69\x6f\x6e\x69\x63\x5f\x74\x68\x69\x6e"]));
          }),
        ),
      ));
    for (let _0xa5cb5 = 0x1; _0xa5cb5 < _0x11876a["\x6c\x65\x6e\x67\x74\x68"]; _0xa5cb5++)
      for (let _0x402496 = _0xa5cb5 + 0x1; _0x402496 < _0x11876a["\x6c\x65\x6e\x67\x74\x68"]; _0x402496++) if (Math["\x61\x62\x73"](Math["\x61\x62\x73"](_0x11876a[_0xa5cb5]["\x78"] - _0x11876a[_0x402496]["\x78"]) + Math["\x61\x62\x73"](_0x11876a[_0xa5cb5]["\x79"] - _0x11876a[_0x402496]["\x79"]) + Math["\x61\x62\x73"](_0x11876a[_0xa5cb5]["\x7a"] - _0x11876a[_0x402496]["\x7a"]) - _0xecb3f5) < 0x5) _0x55d441["\x70\x75\x73\x68"]([_0xa5cb5, _0x402496, "\x69\x6f\x6e\x69\x63\x5f\x74\x68\x69\x63\x6b"]);
    (addMol(
      "\x43\x73\x43\x6c\x7c\u6c2f\u5316\u92ab\x7c\x43\x65\x73\x69\x75\x6d\x20\x43\x68\x6c\x6f\x72\x69\x64\x65",
      "\x43\x73",
      "\x2d",
      "\x2d",
      "\x2d",
      "\x36\x34\x35",
      "\x31\x32\x39\x30",
      _0x16f33b,
      _0x3ec882,
      {
        "\x53\x69\x6d\x70\x6c\x65\x7c\u57fa\u672c\u55ae\u5143\x20\x28\u96e2\u5b50\u5c0d\x29": {
          "\x61\x74\x6f\x6d\x73": _0x16f33b,
          "\x62\x6f\x6e\x64\x73": _0x3ec882,
          "\x68\x79\x62\x72\x69\x64": "\x2d",
          "\x73\x68\x61\x70\x65": "\x2d",
          "\x64\x65\x73\x63":
            "\x3c\x64\x69\x76\x20\x63\x6c\x61\x73\x73\x3d\x22\x69\x6e\x66\x6f\x2d\x73\x65\x63\x74\x69\x6f\x6e\x22\x3e\x3c\x64\x69\x76\x20\x63\x6c\x61\x73\x73\x3d\x22\x69\x6e\x66\x6f\x2d\x74\x69\x74\x6c\x65\x22\x3e\u269b\ufe0f\x20\u7269\u8cea\u7c21\u4ecb\x3c\x2f\x64\x69\x76\x3e\x3c\x64\x69\x76\x20\x63\x6c\x61\x73\x73\x3d\x22\x69\x6e\x66\x6f\x2d\x62\x6f\x64\x79\x22\x3e\x3c\x73\x74\x72\x6f\x6e\x67\x3e\u6c2f\u5316\u92ab\x20\x28\x43\x73\x43\x6c\x29\x3c\x2f\x73\x74\x72\x6f\x6e\x67\x3e\x3c\x62\x72\x3e\u7531\u92ab\u96e2\u5b50\x20\x28\x43\x73\u207a\x29\x20\u8207\u6c2f\u96e2\u5b50\x20\x28\x43\x6c\u207b\x29\x20\u7d44\u6210\u3002\u92ab\u96e2\u5b50\u534a\u5f91\u8f03\u5927\uff0c\u5f62\u6210\u914d\u4f4d\u6578\x20\x38\x20\u7684\u7d50\u69cb\u3002\x3c\x2f\x64\x69\x76\x3e\x3c\x2f\x64\x69\x76\x3e",
        },
        "\x43\x72\x79\x73\x74\x61\x6c\x7c\u6676\u9ad4\u5806\u7a4d\x20\x28\x53\x43\x29": {
          "\x61\x74\x6f\x6d\x73": _0x11876a,
          "\x62\x6f\x6e\x64\x73": _0x55d441,
          "\x69\x73\x49\x6f\x6e\x69\x63": !![],
          "\x65\x64\x67\x65\x52\x65\x6c\x61\x74\x69\x6f\x6e": "\u221a\x33\x20\x61\x20\x3d\x20\x32\x28\x72\u207a\x2b\x72\u207b\x29",
          "\x64\x65\x73\x63":
            "\x3c\x64\x69\x76\x20\x63\x6c\x61\x73\x73\x3d\x22\x69\x6e\x66\x6f\x2d\x73\x65\x63\x74\x69\x6f\x6e\x22\x3e\x3c\x64\x69\x76\x20\x63\x6c\x61\x73\x73\x3d\x22\x69\x6e\x66\x6f\x2d\x74\x69\x74\x6c\x65\x22\x3e\ud83e\uddca\x20\u6676\u9ad4\u7d50\u69cb\x3c\x2f\x64\x69\x76\x3e\x3c\x64\x69\x76\x20\x63\x6c\x61\x73\x73\x3d\x22\x69\x6e\x66\x6f\x2d\x62\x6f\x64\x79\x22\x3e\x3c\x73\x74\x72\x6f\x6e\x67\x3e\u7c21\u55ae\u7acb\u65b9\u5806\u7a4d\x20\x28\x53\x43\x29\x3c\x2f\x73\x74\x72\x6f\x6e\x67\x3e\x3c\x62\x72\x3e\u6c2f\u96e2\u5b50\u69cb\u6210\u7c21\u55ae\u7acb\u65b9\uff0c\u92ab\u96e2\u5b50\u586b\u5165\u9ad4\u5fc3\u3002\u914d\u4f4d\u6578\u70ba\x20\x38\u3002\x3c\x62\x72\x3e\x3c\x73\x70\x61\x6e\x20\x73\x74\x79\x6c\x65\x3d\x22\x63\x6f\x6c\x6f\x72\x3a\x23\x66\x61\x63\x63\x31\x35\x22\x3e\u2605\x20\u9ede\u64ca\u4e2d\u592e\x20\x43\x73\x20\u96e2\u5b50\u53ef\u67e5\u770b\u914d\u4f4d\u6578\u3002\x3c\x2f\x73\x70\x61\x6e\x3e\x3c\x2f\x64\x69\x76\x3e\x3c\x2f\x64\x69\x76\x3e",
        },
      },
      "\x3c\x64\x69\x76\x20\x63\x6c\x61\x73\x73\x3d\x22\x69\x6e\x66\x6f\x2d\x73\x65\x63\x74\x69\x6f\x6e\x22\x3e\x3c\x64\x69\x76\x20\x63\x6c\x61\x73\x73\x3d\x22\x69\x6e\x66\x6f\x2d\x74\x69\x74\x6c\x65\x22\x3e\ud83e\uddca\x20\u6c2f\u5316\u92ab\x3c\x2f\x64\x69\x76\x3e\x3c\x64\x69\x76\x20\x63\x6c\x61\x73\x73\x3d\x22\x69\x6e\x66\x6f\x2d\x62\x6f\x64\x79\x22\x3e\u8acb\u5207\u63db\u9078\u9805\u6aa2\u8996\u3002\x3c\x2f\x64\x69\x76\x3e\x3c\x2f\x64\x69\x76\x3e",
      "\x2d",
      "\x73\x74\x72\x75\x63\x74\x75\x72\x65",
    ),
      MOLECULE_DB["\x43\x73\x43\x6c"]?.["\x76\x61\x72\x69\x61\x6e\x74\x73"] && ((MOLECULE_DB["\x43\x73\x43\x6c"]["\x76\x61\x72\x69\x61\x6e\x74\x73"]["\x43\x72\x79\x73\x74\x61\x6c\x7c\u6676\u9ad4\u5806\u7a4d\x20\x28\x53\x43\x29"]["\x69\x73\x49\x6f\x6e\x69\x63"] = !![]), (MOLECULE_DB["\x43\x73\x43\x6c"]["\x76\x61\x72\x69\x61\x6e\x74\x73"]["\x53\x69\x6d\x70\x6c\x65\x7c\u57fa\u672c\u55ae\u5143\x20\x28\u96e2\u5b50\u5c0d\x29"]["\x69\x73\x49\x6f\x6e\x69\x63"] = !![])));
  })(),
  (function () {
    const _0x3c46fb = [
        { "\x65\x6c\x65\x6d": "\x5a\x6e", "\x78": -0x2d, "\x79": 0x0, "\x7a": 0x0, "\x72": 0x12, "\x6c\x70\x43\x6f\x75\x6e\x74": 0x0 },
        { "\x65\x6c\x65\x6d": "\x53", "\x78": 0x2d, "\x79": 0x0, "\x7a": 0x0, "\x72": 0x1e, "\x6c\x70\x43\x6f\x75\x6e\x74": 0x0 },
      ],
      _0x4b9b7e = [[0x0, 0x1, "\x69\x6f\x6e\x69\x63\x5f\x74\x68\x69\x6e"]],
      _0x4e5595 = [],
      _0x2b0739 = [],
      _0x1a0111 = 0xdc,
      _0x3ba3f4 = _0x1a0111 * 0.433,
      _0xf15a78 = [
        [0x0, 0x0, 0x0],
        [0x1, 0x0, 0x0],
        [0x0, 0x1, 0x0],
        [0x0, 0x0, 0x1],
        [0x1, 0x1, 0x0],
        [0x1, 0x0, 0x1],
        [0x0, 0x1, 0x1],
        [0x1, 0x1, 0x1],
        [0.5, 0.5, 0x0],
        [0.5, 0x0, 0.5],
        [0x0, 0.5, 0.5],
        [0.5, 0x1, 0.5],
        [0x1, 0.5, 0.5],
        [0.5, 0.5, 0x1],
      ],
      _0xc3dc83 = [
        [0.25, 0.25, 0.25],
        [0.75, 0.75, 0.25],
        [0.75, 0.25, 0.75],
        [0.25, 0.75, 0.75],
      ];
    let _0x375c09 = 0x0;
    (_0xf15a78["\x66\x6f\x72\x45\x61\x63\x68"]((_0x3d0b01, _0x35dcbc) => _0x4e5595["\x70\x75\x73\x68"]({ "\x65\x6c\x65\x6d": "\x53", "\x78": (_0x3d0b01[0x0] - 0.5) * _0x1a0111, "\x79": (_0x3d0b01[0x1] - 0.5) * _0x1a0111, "\x7a": (_0x3d0b01[0x2] - 0.5) * _0x1a0111, "\x72": 0x1c, "\x69\x73\x43\x6f\x72\x6e\x65\x72": _0x35dcbc < 0x8, "\x69\x64\x78": _0x375c09++ })),
      _0xc3dc83["\x66\x6f\x72\x45\x61\x63\x68"]((_0x41da0a) => _0x4e5595["\x70\x75\x73\x68"]({ "\x65\x6c\x65\x6d": "\x5a\x6e", "\x78": (_0x41da0a[0x0] - 0.5) * _0x1a0111, "\x79": (_0x41da0a[0x1] - 0.5) * _0x1a0111, "\x7a": (_0x41da0a[0x2] - 0.5) * _0x1a0111, "\x72": 0xc, "\x69\x73\x52\x65\x70\x72\x65\x73\x65\x6e\x74\x61\x74\x69\x76\x65": !![] })));
    for (let _0x447eb1 = 0xe; _0x447eb1 < _0x4e5595["\x6c\x65\x6e\x67\x74\x68"]; _0x447eb1++)
      for (let _0x3fdffc = 0x0; _0x3fdffc < 0xe; _0x3fdffc++) if (Math["\x61\x62\x73"](Math["\x73\x71\x72\x74"]((_0x4e5595[_0x447eb1]["\x78"] - _0x4e5595[_0x3fdffc]["\x78"]) ** 0x2 + (_0x4e5595[_0x447eb1]["\x79"] - _0x4e5595[_0x3fdffc]["\x79"]) ** 0x2 + (_0x4e5595[_0x447eb1]["\x7a"] - _0x4e5595[_0x3fdffc]["\x7a"]) ** 0x2) - _0x3ba3f4) < 0x14) _0x2b0739["\x70\x75\x73\x68"]([_0x447eb1, _0x3fdffc, "\x69\x6f\x6e\x69\x63\x5f\x74\x68\x69\x6e"]);
    for (let _0x4cdc13 = 0x0; _0x4cdc13 < 0xe; _0x4cdc13++)
      for (let _0x10374b = _0x4cdc13 + 0x1; _0x10374b < 0xe; _0x10374b++)
        if (_0x4e5595[_0x4cdc13]["\x69\x73\x43\x6f\x72\x6e\x65\x72"] && _0x4e5595[_0x10374b]["\x69\x73\x43\x6f\x72\x6e\x65\x72"] && Math["\x61\x62\x73"](Math["\x73\x71\x72\x74"]((_0x4e5595[_0x4cdc13]["\x78"] - _0x4e5595[_0x10374b]["\x78"]) ** 0x2 + (_0x4e5595[_0x4cdc13]["\x79"] - _0x4e5595[_0x10374b]["\x79"]) ** 0x2 + (_0x4e5595[_0x4cdc13]["\x7a"] - _0x4e5595[_0x10374b]["\x7a"]) ** 0x2) - _0x1a0111) < 0x5)
          _0x2b0739["\x70\x75\x73\x68"]([_0x4cdc13, _0x10374b, "\x69\x6f\x6e\x69\x63\x5f\x74\x68\x69\x63\x6b"]);
    (addMol(
      "\x5a\x6e\x53\x7c\u9583\u92c5\u7926\x7c\u786b\u5316\u92c5\x7c\x5a\x69\x6e\x63\x20\x42\x6c\x65\x6e\x64\x65",
      "\x5a\x6e",
      "\x2d",
      "\x2d",
      "\x2d",
      "\x31\x31\x38\x35",
      "\u6607\u83ef",
      _0x3c46fb,
      _0x4b9b7e,
      {
        "\x53\x69\x6d\x70\x6c\x65\x7c\u57fa\u672c\u55ae\u5143\x20\x28\u96e2\u5b50\u5c0d\x29": {
          "\x61\x74\x6f\x6d\x73": _0x3c46fb,
          "\x62\x6f\x6e\x64\x73": _0x4b9b7e,
          "\x68\x79\x62\x72\x69\x64": "\x2d",
          "\x73\x68\x61\x70\x65": "\x2d",
          "\x64\x65\x73\x63":
            "\x3c\x64\x69\x76\x20\x63\x6c\x61\x73\x73\x3d\x22\x69\x6e\x66\x6f\x2d\x73\x65\x63\x74\x69\x6f\x6e\x22\x3e\x3c\x64\x69\x76\x20\x63\x6c\x61\x73\x73\x3d\x22\x69\x6e\x66\x6f\x2d\x74\x69\x74\x6c\x65\x22\x3e\ud83d\udca1\x20\u7269\u8cea\u6027\u8cea\x3c\x2f\x64\x69\x76\x3e\x3c\x64\x69\x76\x20\x63\x6c\x61\x73\x73\x3d\x22\x69\x6e\x66\x6f\x2d\x62\x6f\x64\x79\x22\x3e\x3c\x73\x74\x72\x6f\x6e\x67\x3e\u786b\u5316\u92c5\x20\x28\x5a\x6e\x53\x29\x3c\x2f\x73\x74\x72\x6f\x6e\x67\x3e\x3c\x62\x72\x3e\u767d\u8272\u6216\u5fae\u9ec3\u8272\u7c89\u672b\u3002\u5177\u6709\u87a2\u5149\u7279\u6027\uff0c\u647b\u96dc\u5fae\u91cf\u91d1\u5c6c\u5f8c\u53ef\u7528\u65bc\u88fd\u4f5c\u591c\u5149\u5857\u6599\u3001\u87a2\u5149\u5c4f\u4ee5\u53ca\u9670\u6975\u5c04\u7dda\u7ba1\u3002\x3c\x2f\x64\x69\x76\x3e\x3c\x2f\x64\x69\x76\x3e",
        },
        "\x43\x72\x79\x73\x74\x61\x6c\x7c\u6676\u9ad4\u5806\u7a4d\x20\x28\x46\x43\x43\x29": {
          "\x61\x74\x6f\x6d\x73": _0x4e5595,
          "\x62\x6f\x6e\x64\x73": _0x2b0739,
          "\x69\x73\x49\x6f\x6e\x69\x63": !![],
          "\x65\x64\x67\x65\x52\x65\x6c\x61\x74\x69\x6f\x6e": "\x34\x28\x72\x3c\x73\x75\x62\x3e\x2b\x3c\x2f\x73\x75\x62\x3e\x20\x2b\x20\x72\x3c\x73\x75\x62\x3e\x2d\x3c\x2f\x73\x75\x62\x3e\x29\x20\x3d\x20\u221a\x33\x20\x61",
          "\x64\x65\x73\x63":
            "\x3c\x64\x69\x76\x20\x63\x6c\x61\x73\x73\x3d\x22\x69\x6e\x66\x6f\x2d\x73\x65\x63\x74\x69\x6f\x6e\x22\x3e\x3c\x64\x69\x76\x20\x63\x6c\x61\x73\x73\x3d\x22\x69\x6e\x66\x6f\x2d\x74\x69\x74\x6c\x65\x22\x3e\ud83d\udc8e\x20\u9583\u92c5\u7926\x20\x28\x5a\x6e\x53\x29\x3c\x2f\x64\x69\x76\x3e\x3c\x64\x69\x76\x20\x63\x6c\x61\x73\x73\x3d\x22\x69\x6e\x66\x6f\x2d\x62\x6f\x64\x79\x22\x3e\u786b\u96e2\u5b50\x28\x53\u00b2\u207b\x29\u69cb\u6210\u9762\u5fc3\u7acb\u65b9\u5806\u7a4d\uff0c\u92c5\u96e2\u5b50\x28\x5a\x6e\u00b2\u207a\x29\u4f4d\u65bc\u56db\u9762\u9ad4\u7a7a\u9699\u3002\x3c\x62\x72\x3e\x3c\x73\x70\x61\x6e\x20\x73\x74\x79\x6c\x65\x3d\x22\x63\x6f\x6c\x6f\x72\x3a\x23\x66\x61\x63\x63\x31\x35\x22\x3e\u2605\x20\u9ede\u64ca\u4efb\u4e00\u5167\u90e8\u7684\x20\x5a\x6e\x20\u96e2\u5b50\u53ef\u67e5\u770b\u914d\u4f4d\u6578\u3002\x3c\x2f\x73\x70\x61\x6e\x3e\x3c\x2f\x64\x69\x76\x3e\x3c\x2f\x64\x69\x76\x3e",
        },
      },
      "\x3c\x64\x69\x76\x20\x63\x6c\x61\x73\x73\x3d\x22\x69\x6e\x66\x6f\x2d\x73\x65\x63\x74\x69\x6f\x6e\x22\x3e\x3c\x64\x69\x76\x20\x63\x6c\x61\x73\x73\x3d\x22\x69\x6e\x66\x6f\x2d\x74\x69\x74\x6c\x65\x22\x3e\ud83d\udca1\x20\u786b\u5316\u92c5\x3c\x2f\x64\x69\x76\x3e\x3c\x64\x69\x76\x20\x63\x6c\x61\x73\x73\x3d\x22\x69\x6e\x66\x6f\x2d\x62\x6f\x64\x79\x22\x3e\u8acb\u5207\u63db\u9078\u9805\u6aa2\u8996\u3002\x3c\x2f\x64\x69\x76\x3e\x3c\x2f\x64\x69\x76\x3e",
      "\x2d",
      "\x73\x74\x72\x75\x63\x74\x75\x72\x65",
    ),
      MOLECULE_DB["\x5a\x6e\x53"]?.["\x76\x61\x72\x69\x61\x6e\x74\x73"] && ((MOLECULE_DB["\x5a\x6e\x53"]["\x76\x61\x72\x69\x61\x6e\x74\x73"]["\x43\x72\x79\x73\x74\x61\x6c\x7c\u6676\u9ad4\u5806\u7a4d\x20\x28\x46\x43\x43\x29"]["\x69\x73\x49\x6f\x6e\x69\x63"] = !![]), (MOLECULE_DB["\x5a\x6e\x53"]["\x76\x61\x72\x69\x61\x6e\x74\x73"]["\x53\x69\x6d\x70\x6c\x65\x7c\u57fa\u672c\u55ae\u5143\x20\x28\u96e2\u5b50\u5c0d\x29"]["\x69\x73\x49\x6f\x6e\x69\x63"] = !![])));
  })(),
  (function () {
    const _0x2cfc2f = [
        { "\x65\x6c\x65\x6d": "\x43\x75", "\x78": -0x2d, "\x79": 0x0, "\x7a": 0x0, "\x72": 0xd, "\x6c\x70\x43\x6f\x75\x6e\x74": 0x0 },
        { "\x65\x6c\x65\x6d": "\x43\x6c", "\x78": 0x2d, "\x79": 0x0, "\x7a": 0x0, "\x72": 0x1b, "\x6c\x70\x43\x6f\x75\x6e\x74": 0x0 },
      ],
      _0xf63e38 = [[0x0, 0x1, "\x69\x6f\x6e\x69\x63\x5f\x74\x68\x69\x6e"]],
      _0x26b1d7 = [],
      _0x24e39b = [],
      _0x5b7c52 = 0xdc,
      _0x1bcb36 = _0x5b7c52 * 0.433,
      _0x3fe7a0 = [
        [0x0, 0x0, 0x0],
        [0x1, 0x0, 0x0],
        [0x0, 0x1, 0x0],
        [0x0, 0x0, 0x1],
        [0x1, 0x1, 0x0],
        [0x1, 0x0, 0x1],
        [0x0, 0x1, 0x1],
        [0x1, 0x1, 0x1],
        [0.5, 0.5, 0x0],
        [0.5, 0x0, 0.5],
        [0x0, 0.5, 0.5],
        [0.5, 0x1, 0.5],
        [0x1, 0.5, 0.5],
        [0.5, 0.5, 0x1],
      ],
      _0x318836 = [
        [0.25, 0.25, 0.25],
        [0.75, 0.75, 0.25],
        [0.75, 0.25, 0.75],
        [0.25, 0.75, 0.75],
      ];
    let _0x3d1df7 = 0x0;
    (_0x3fe7a0["\x66\x6f\x72\x45\x61\x63\x68"]((_0x582e48, _0x2c1387) => _0x26b1d7["\x70\x75\x73\x68"]({ "\x65\x6c\x65\x6d": "\x43\x6c", "\x78": (_0x582e48[0x0] - 0.5) * _0x5b7c52, "\x79": (_0x582e48[0x1] - 0.5) * _0x5b7c52, "\x7a": (_0x582e48[0x2] - 0.5) * _0x5b7c52, "\x72": 0x1b, "\x69\x73\x43\x6f\x72\x6e\x65\x72": _0x2c1387 < 0x8, "\x69\x64\x78": _0x3d1df7++ })),
      _0x318836["\x66\x6f\x72\x45\x61\x63\x68"]((_0x15d652) => _0x26b1d7["\x70\x75\x73\x68"]({ "\x65\x6c\x65\x6d": "\x43\x75", "\x78": (_0x15d652[0x0] - 0.5) * _0x5b7c52, "\x79": (_0x15d652[0x1] - 0.5) * _0x5b7c52, "\x7a": (_0x15d652[0x2] - 0.5) * _0x5b7c52, "\x72": 0xd, "\x69\x73\x52\x65\x70\x72\x65\x73\x65\x6e\x74\x61\x74\x69\x76\x65": !![] })));
    for (let _0x2d2d73 = 0xe; _0x2d2d73 < _0x26b1d7["\x6c\x65\x6e\x67\x74\x68"]; _0x2d2d73++)
      for (let _0x544a3d = 0x0; _0x544a3d < 0xe; _0x544a3d++) if (Math["\x61\x62\x73"](Math["\x73\x71\x72\x74"]((_0x26b1d7[_0x2d2d73]["\x78"] - _0x26b1d7[_0x544a3d]["\x78"]) ** 0x2 + (_0x26b1d7[_0x2d2d73]["\x79"] - _0x26b1d7[_0x544a3d]["\x79"]) ** 0x2 + (_0x26b1d7[_0x2d2d73]["\x7a"] - _0x26b1d7[_0x544a3d]["\x7a"]) ** 0x2) - _0x1bcb36) < 0x14) _0x24e39b["\x70\x75\x73\x68"]([_0x2d2d73, _0x544a3d, "\x69\x6f\x6e\x69\x63\x5f\x74\x68\x69\x6e"]);
    for (let _0x295c8b = 0x0; _0x295c8b < 0xe; _0x295c8b++)
      for (let _0x13cb31 = _0x295c8b + 0x1; _0x13cb31 < 0xe; _0x13cb31++)
        if (_0x26b1d7[_0x295c8b]["\x69\x73\x43\x6f\x72\x6e\x65\x72"] && _0x26b1d7[_0x13cb31]["\x69\x73\x43\x6f\x72\x6e\x65\x72"] && Math["\x61\x62\x73"](Math["\x73\x71\x72\x74"]((_0x26b1d7[_0x295c8b]["\x78"] - _0x26b1d7[_0x13cb31]["\x78"]) ** 0x2 + (_0x26b1d7[_0x295c8b]["\x79"] - _0x26b1d7[_0x13cb31]["\x79"]) ** 0x2 + (_0x26b1d7[_0x295c8b]["\x7a"] - _0x26b1d7[_0x13cb31]["\x7a"]) ** 0x2) - _0x5b7c52) < 0x5)
          _0x24e39b["\x70\x75\x73\x68"]([_0x295c8b, _0x13cb31, "\x69\x6f\x6e\x69\x63\x5f\x74\x68\x69\x63\x6b"]);
    (addMol(
      "\x43\x75\x43\x6c\x7c\u6c2f\u5316\u4e9e\u9285\x7c\x4e\x61\x6e\x74\x6f\x6b\x69\x74\x65",
      "\x43\x75",
      "\x2d",
      "\x2d",
      "\x2d",
      "\x34\x33\x30",
      "\x31\x34\x39\x30",
      _0x2cfc2f,
      _0xf63e38,
      {
        "\x53\x69\x6d\x70\x6c\x65\x7c\u57fa\u672c\u55ae\u5143\x20\x28\u96e2\u5b50\u5c0d\x29": {
          "\x61\x74\x6f\x6d\x73": _0x2cfc2f,
          "\x62\x6f\x6e\x64\x73": _0xf63e38,
          "\x68\x79\x62\x72\x69\x64": "\x2d",
          "\x73\x68\x61\x70\x65": "\x2d",
          "\x64\x65\x73\x63":
            "\x3c\x64\x69\x76\x20\x63\x6c\x61\x73\x73\x3d\x22\x69\x6e\x66\x6f\x2d\x73\x65\x63\x74\x69\x6f\x6e\x22\x3e\x3c\x64\x69\x76\x20\x63\x6c\x61\x73\x73\x3d\x22\x69\x6e\x66\x6f\x2d\x74\x69\x74\x6c\x65\x22\x3e\ud83d\udd38\x20\u7269\u8cea\u7c21\u4ecb\x3c\x2f\x64\x69\x76\x3e\x3c\x64\x69\x76\x20\x63\x6c\x61\x73\x73\x3d\x22\x69\x6e\x66\x6f\x2d\x62\x6f\x64\x79\x22\x3e\x3c\x73\x74\x72\x6f\x6e\x67\x3e\u6c2f\u5316\u4e9e\u9285\x20\x28\x43\x75\x43\x6c\x29\x3c\x2f\x73\x74\x72\x6f\x6e\x67\x3e\x3c\x62\x72\x3e\u767d\u8272\u56fa\u9ad4\uff0c\u96e3\u6eb6\u65bc\u6c34\u3002\u7d50\u69cb\u8207\u9583\u92c5\u7926\x28\x5a\x6e\x53\x29\u76f8\u540c\u3002\x3c\x2f\x64\x69\x76\x3e\x3c\x2f\x64\x69\x76\x3e",
        },
        "\x43\x72\x79\x73\x74\x61\x6c\x7c\u6676\u9ad4\u5806\u7a4d\x20\x28\x46\x43\x43\x29": {
          "\x61\x74\x6f\x6d\x73": _0x26b1d7,
          "\x62\x6f\x6e\x64\x73": _0x24e39b,
          "\x69\x73\x49\x6f\x6e\x69\x63": !![],
          "\x65\x64\x67\x65\x52\x65\x6c\x61\x74\x69\x6f\x6e": "\x34\x28\x72\x3c\x73\x75\x62\x3e\x2b\x3c\x2f\x73\x75\x62\x3e\x20\x2b\x20\x72\x3c\x73\x75\x62\x3e\x2d\x3c\x2f\x73\x75\x62\x3e\x29\x20\x3d\x20\u221a\x33\x20\x61",
          "\x64\x65\x73\x63":
            "\x3c\x64\x69\x76\x20\x63\x6c\x61\x73\x73\x3d\x22\x69\x6e\x66\x6f\x2d\x73\x65\x63\x74\x69\x6f\x6e\x22\x3e\x3c\x64\x69\x76\x20\x63\x6c\x61\x73\x73\x3d\x22\x69\x6e\x66\x6f\x2d\x74\x69\x74\x6c\x65\x22\x3e\ud83e\uddca\x20\u6676\u9ad4\u7d50\u69cb\x3c\x2f\x64\x69\x76\x3e\x3c\x64\x69\x76\x20\x63\x6c\x61\x73\x73\x3d\x22\x69\x6e\x66\x6f\x2d\x62\x6f\x64\x79\x22\x3e\x3c\x73\x74\x72\x6f\x6e\x67\x3e\u9762\u5fc3\u7acb\u65b9\u5806\u7a4d\x20\x28\x46\x43\x43\x29\x3c\x2f\x73\x74\x72\x6f\x6e\x67\x3e\x3c\x62\x72\x3e\u7d50\u69cb\u540c\u9583\u92c5\u7926\u3002\u6c2f\u96e2\u5b50\u5806\u7a4d\uff0c\u4e9e\u9285\u96e2\u5b50\u586b\u5165\u56db\u9762\u9ad4\u7a7a\u9699\u3002\x3c\x62\x72\x3e\x3c\x73\x70\x61\x6e\x20\x73\x74\x79\x6c\x65\x3d\x22\x63\x6f\x6c\x6f\x72\x3a\x23\x66\x61\x63\x63\x31\x35\x22\x3e\u2605\x20\u9ede\u64ca\u4efb\u4e00\u5167\u90e8\x20\x43\x75\u207a\x20\u53ef\u67e5\u770b\u914d\u4f4d\u6578\u3002\x3c\x2f\x73\x70\x61\x6e\x3e\x3c\x2f\x64\x69\x76\x3e\x3c\x2f\x64\x69\x76\x3e",
        },
      },
      "\x3c\x64\x69\x76\x20\x63\x6c\x61\x73\x73\x3d\x22\x69\x6e\x66\x6f\x2d\x73\x65\x63\x74\x69\x6f\x6e\x22\x3e\x3c\x64\x69\x76\x20\x63\x6c\x61\x73\x73\x3d\x22\x69\x6e\x66\x6f\x2d\x74\x69\x74\x6c\x65\x22\x3e\ud83d\udd38\x20\u6c2f\u5316\u4e9e\u9285\x3c\x2f\x64\x69\x76\x3e\x3c\x64\x69\x76\x20\x63\x6c\x61\x73\x73\x3d\x22\x69\x6e\x66\x6f\x2d\x62\x6f\x64\x79\x22\x3e\u8acb\u5207\u63db\u9078\u9805\u6aa2\u8996\u3002\x3c\x2f\x64\x69\x76\x3e\x3c\x2f\x64\x69\x76\x3e",
      "\x2d",
      "\x73\x74\x72\x75\x63\x74\x75\x72\x65",
    ),
      MOLECULE_DB["\x43\x75\x43\x6c"]?.["\x76\x61\x72\x69\x61\x6e\x74\x73"] && ((MOLECULE_DB["\x43\x75\x43\x6c"]["\x76\x61\x72\x69\x61\x6e\x74\x73"]["\x43\x72\x79\x73\x74\x61\x6c\x7c\u6676\u9ad4\u5806\u7a4d\x20\x28\x46\x43\x43\x29"]["\x69\x73\x49\x6f\x6e\x69\x63"] = !![]), (MOLECULE_DB["\x43\x75\x43\x6c"]["\x76\x61\x72\x69\x61\x6e\x74\x73"]["\x53\x69\x6d\x70\x6c\x65\x7c\u57fa\u672c\u55ae\u5143\x20\x28\u96e2\u5b50\u5c0d\x29"]["\x69\x73\x49\x6f\x6e\x69\x63"] = !![])));
  })(),
  (function () {
    const _0x2f056f = [
        { "\x65\x6c\x65\x6d": "\x54\x69", "\x78": 0x0, "\x79": 0x0, "\x7a": 0x0, "\x72": 0xb, "\x6c\x70\x43\x6f\x75\x6e\x74": 0x0 },
        { "\x65\x6c\x65\x6d": "\x4f", "\x78": 0x32, "\x79": 0x0, "\x7a": 0x0, "\x72": 0x15, "\x6c\x70\x43\x6f\x75\x6e\x74": 0x0 },
        { "\x65\x6c\x65\x6d": "\x4f", "\x78": -0x32, "\x79": 0x0, "\x7a": 0x0, "\x72": 0x15, "\x6c\x70\x43\x6f\x75\x6e\x74": 0x0 },
      ],
      _0x51812f = [
        [0x0, 0x1, "\x69\x6f\x6e\x69\x63\x5f\x74\x68\x69\x6e"],
        [0x0, 0x2, "\x69\x6f\x6e\x69\x63\x5f\x74\x68\x69\x6e"],
      ],
      _0x22bac5 = [],
      _0x1102a4 = [],
      _0x26b262 = 0xb4,
      _0x46f8f9 = 0.65,
      _0xf3c28e = 0.3,
      _0x188c29 = [
        [0x0, 0x0, 0x0],
        [0x1, 0x0, 0x0],
        [0x0, 0x1, 0x0],
        [0x0, 0x0, 0x1],
        [0x1, 0x1, 0x0],
        [0x1, 0x0, 0x1],
        [0x0, 0x1, 0x1],
        [0x1, 0x1, 0x1],
        [0.5, 0.5, 0.5],
      ],
      _0x22f52e = [
        [_0xf3c28e, _0xf3c28e, 0x0],
        [0x1 - _0xf3c28e, 0x1 - _0xf3c28e, 0x0],
        [_0xf3c28e, _0xf3c28e, 0x1],
        [0x1 - _0xf3c28e, 0x1 - _0xf3c28e, 0x1],
        [0.5 + _0xf3c28e, 0.5 - _0xf3c28e, 0.5],
        [0.5 - _0xf3c28e, 0.5 + _0xf3c28e, 0.5],
      ];
    let _0x37615c = 0x0;
    (_0x188c29["\x66\x6f\x72\x45\x61\x63\x68"]((_0x2de9a8, _0x44f521) => _0x22bac5["\x70\x75\x73\x68"]({ "\x65\x6c\x65\x6d": "\x54\x69", "\x78": (_0x2de9a8[0x0] - 0.5) * _0x26b262, "\x79": (_0x2de9a8[0x1] - 0.5) * _0x26b262, "\x7a": (_0x2de9a8[0x2] - 0.5) * _0x26b262 * _0x46f8f9, "\x72": 0xb, "\x69\x73\x43\x6f\x72\x6e\x65\x72": _0x44f521 < 0x8, "\x69\x64\x78": _0x37615c++, "\x69\x73\x52\x65\x70\x72\x65\x73\x65\x6e\x74\x61\x74\x69\x76\x65": _0x44f521 === 0x8 })),
      _0x22f52e["\x66\x6f\x72\x45\x61\x63\x68"]((_0x11abdb) => _0x22bac5["\x70\x75\x73\x68"]({ "\x65\x6c\x65\x6d": "\x4f", "\x78": (_0x11abdb[0x0] - 0.5) * _0x26b262, "\x79": (_0x11abdb[0x1] - 0.5) * _0x26b262, "\x7a": (_0x11abdb[0x2] - 0.5) * _0x26b262 * _0x46f8f9, "\x72": 0x15, "\x69\x73\x43\x6f\x72\x6e\x65\x72": ![] })));
    for (let _0x57245b = 0x0; _0x57245b < _0x22bac5["\x6c\x65\x6e\x67\x74\x68"]; _0x57245b++)
      for (let _0x486261 = _0x57245b + 0x1; _0x486261 < _0x22bac5["\x6c\x65\x6e\x67\x74\x68"]; _0x486261++) {
        if (_0x22bac5[_0x57245b]["\x65\x6c\x65\x6d"] === _0x22bac5[_0x486261]["\x65\x6c\x65\x6d"]) continue;
        if (Math["\x73\x71\x72\x74"]((_0x22bac5[_0x57245b]["\x78"] - _0x22bac5[_0x486261]["\x78"]) ** 0x2 + (_0x22bac5[_0x57245b]["\x79"] - _0x22bac5[_0x486261]["\x79"]) ** 0x2 + (_0x22bac5[_0x57245b]["\x7a"] - _0x22bac5[_0x486261]["\x7a"]) ** 0x2) < _0x26b262 * 0.75) _0x1102a4["\x70\x75\x73\x68"]([_0x57245b, _0x486261, "\x69\x6f\x6e\x69\x63\x5f\x74\x68\x69\x6e"]);
      }
    for (let _0x5316f1 = 0x0; _0x5316f1 < 0x8; _0x5316f1++)
      for (let _0x24a367 = _0x5316f1 + 0x1; _0x24a367 < 0x8; _0x24a367++) {
        const _0xca732c = Math["\x61\x62\x73"](_0x22bac5[_0x5316f1]["\x78"] - _0x22bac5[_0x24a367]["\x78"]),
          _0x20eebb = Math["\x61\x62\x73"](_0x22bac5[_0x5316f1]["\x79"] - _0x22bac5[_0x24a367]["\x79"]),
          _0x5cc40c = Math["\x61\x62\x73"](_0x22bac5[_0x5316f1]["\x7a"] - _0x22bac5[_0x24a367]["\x7a"]);
        if ((Math["\x61\x62\x73"](_0xca732c - _0x26b262) < 0x5 && _0x20eebb < 0x5 && _0x5cc40c < 0x5) || (Math["\x61\x62\x73"](_0x20eebb - _0x26b262) < 0x5 && _0xca732c < 0x5 && _0x5cc40c < 0x5) || (Math["\x61\x62\x73"](_0x5cc40c - _0x26b262 * _0x46f8f9) < 0x5 && _0xca732c < 0x5 && _0x20eebb < 0x5)) _0x1102a4["\x70\x75\x73\x68"]([_0x5316f1, _0x24a367, "\x69\x6f\x6e\x69\x63\x5f\x74\x68\x69\x63\x6b"]);
      }
    (addMol(
      "\x54\x69\x4f\x32\x7c\u91d1\u7d05\u77f3\x7c\u4e8c\u6c27\u5316\u9226\x7c\x52\x75\x74\x69\x6c\x65",
      "\x54\x69",
      "\x2d",
      "\x2d",
      "\x2d",
      "\x31\x38\x34\x33",
      "\x32\x39\x37\x32",
      _0x2f056f,
      _0x51812f,
      {
        "\x53\x69\x6d\x70\x6c\x65\x7c\u57fa\u672c\u55ae\u5143": {
          "\x61\x74\x6f\x6d\x73": _0x2f056f,
          "\x62\x6f\x6e\x64\x73": _0x51812f,
          "\x68\x79\x62\x72\x69\x64": "\x2d",
          "\x73\x68\x61\x70\x65": "\x2d",
          "\x64\x65\x73\x63":
            "\x3c\x64\x69\x76\x20\x63\x6c\x61\x73\x73\x3d\x22\x69\x6e\x66\x6f\x2d\x73\x65\x63\x74\x69\x6f\x6e\x22\x3e\x3c\x64\x69\x76\x20\x63\x6c\x61\x73\x73\x3d\x22\x69\x6e\x66\x6f\x2d\x74\x69\x74\x6c\x65\x22\x3e\u2b1c\x20\u7269\u8cea\u7c21\u4ecb\x3c\x2f\x64\x69\x76\x3e\x3c\x64\x69\x76\x20\x63\x6c\x61\x73\x73\x3d\x22\x69\x6e\x66\x6f\x2d\x62\x6f\x64\x79\x22\x3e\x3c\x73\x74\x72\x6f\x6e\x67\x3e\u4e8c\u6c27\u5316\u9226\x20\x28\x54\x69\x4f\u2082\x29\x3c\x2f\x73\x74\x72\x6f\x6e\x67\x3e\x3c\x62\x72\x3e\u767d\u8272\u7c89\u672b\uff0c\u5ee3\u6cdb\u7528\u65bc\u767d\u8272\u984f\u6599\u3001\u9632\u66ec\u4e73\u53ca\u5149\u89f8\u5a92\u3002\x3c\x2f\x64\x69\x76\x3e\x3c\x2f\x64\x69\x76\x3e",
        },
        "\x43\x72\x79\x73\x74\x61\x6c\x7c\u6676\u9ad4\u5806\u7a4d\x20\x28\x54\x65\x74\x72\x61\x67\x6f\x6e\x61\x6c\x29": {
          "\x61\x74\x6f\x6d\x73": _0x22bac5,
          "\x62\x6f\x6e\x64\x73": _0x1102a4,
          "\x69\x73\x49\x6f\x6e\x69\x63": !![],
          "\x65\x64\x67\x65\x52\x65\x6c\x61\x74\x69\x6f\x6e": "\u8907\u96dc\u5e7e\u4f55",
          "\x64\x65\x73\x63":
            "\x3c\x64\x69\x76\x20\x63\x6c\x61\x73\x73\x3d\x22\x69\x6e\x66\x6f\x2d\x73\x65\x63\x74\x69\x6f\x6e\x22\x3e\x3c\x64\x69\x76\x20\x63\x6c\x61\x73\x73\x3d\x22\x69\x6e\x66\x6f\x2d\x74\x69\x74\x6c\x65\x22\x3e\ud83e\uddca\x20\u6676\u9ad4\u7d50\u69cb\x3c\x2f\x64\x69\x76\x3e\x3c\x64\x69\x76\x20\x63\x6c\x61\x73\x73\x3d\x22\x69\x6e\x66\x6f\x2d\x62\x6f\x64\x79\x22\x3e\x3c\x73\x74\x72\x6f\x6e\x67\x3e\u56db\u65b9\u6676\u7cfb\x20\x28\u91d1\u7d05\u77f3\u578b\x29\x3c\x2f\x73\x74\x72\x6f\x6e\x67\x3e\x3c\x62\x72\x3e\u9226\u96e2\u5b50\u4f4d\u65bc\u9ad4\u5fc3\u8207\u9802\u9ede\uff0c\u6c27\u96e2\u5b50\u4f4d\u65bc\u9762\u4e0a\u3002\x54\x69\u2074\u207a\x20\u914d\u4f4d\u6578\u70ba\x20\x36\x20\x28\u516b\u9762\u9ad4\x29\uff0c\x4f\u00b2\u207b\x20\u914d\u4f4d\u6578\u70ba\x20\x33\x20\x28\u5e73\u9762\u4e09\u89d2\x29\u3002\x3c\x62\x72\x3e\x3c\x73\x70\x61\x6e\x20\x73\x74\x79\x6c\x65\x3d\x22\x63\x6f\x6c\x6f\x72\x3a\x23\x66\x61\x63\x63\x31\x35\x22\x3e\u2605\x20\u9ede\u64ca\u9ad4\u5fc3\x20\x54\x69\u2074\u207a\x20\u53ef\u67e5\u770b\u914d\u4f4d\u6578\u3002\x3c\x2f\x73\x70\x61\x6e\x3e\x3c\x2f\x64\x69\x76\x3e\x3c\x2f\x64\x69\x76\x3e",
        },
      },
      "\x3c\x64\x69\x76\x20\x63\x6c\x61\x73\x73\x3d\x22\x69\x6e\x66\x6f\x2d\x73\x65\x63\x74\x69\x6f\x6e\x22\x3e\x3c\x64\x69\x76\x20\x63\x6c\x61\x73\x73\x3d\x22\x69\x6e\x66\x6f\x2d\x74\x69\x74\x6c\x65\x22\x3e\u2b1c\x20\u91d1\u7d05\u77f3\x3c\x2f\x64\x69\x76\x3e\x3c\x64\x69\x76\x20\x63\x6c\x61\x73\x73\x3d\x22\x69\x6e\x66\x6f\x2d\x62\x6f\x64\x79\x22\x3e\u8acb\u5207\u63db\u9078\u9805\u6aa2\u8996\u3002\x3c\x2f\x64\x69\x76\x3e\x3c\x2f\x64\x69\x76\x3e",
      "\x2d",
      "\x73\x74\x72\x75\x63\x74\x75\x72\x65",
    ),
      MOLECULE_DB["\x54\x69\x4f\x32"]?.["\x76\x61\x72\x69\x61\x6e\x74\x73"] && ((MOLECULE_DB["\x54\x69\x4f\x32"]["\x76\x61\x72\x69\x61\x6e\x74\x73"]["\x43\x72\x79\x73\x74\x61\x6c\x7c\u6676\u9ad4\u5806\u7a4d\x20\x28\x54\x65\x74\x72\x61\x67\x6f\x6e\x61\x6c\x29"]["\x69\x73\x49\x6f\x6e\x69\x63"] = !![]), (MOLECULE_DB["\x54\x69\x4f\x32"]["\x76\x61\x72\x69\x61\x6e\x74\x73"]["\x53\x69\x6d\x70\x6c\x65\x7c\u57fa\u672c\u55ae\u5143"]["\x69\x73\x49\x6f\x6e\x69\x63"] = !![])));
  })(),
  (function () {
    const _0x2a5d3e = 0xb4,
      _0xa25382 = [
        [0x0, 0x0, 0x0],
        [0x1, 0x0, 0x0],
        [0x0, 0x1, 0x0],
        [0x0, 0x0, 0x1],
        [0x1, 0x1, 0x0],
        [0x1, 0x0, 0x1],
        [0x0, 0x1, 0x1],
        [0x1, 0x1, 0x1],
        [0.5, 0.5, 0.5],
      ],
      _0x96b126 = [
        [0.25, 0.25, 0.25],
        [0.75, 0.75, 0.25],
        [0.75, 0.25, 0.75],
        [0.25, 0.75, 0.75],
      ],
      _0x2b7884 = [
        ..._0xa25382["\x6d\x61\x70"]((_0x295ca4, _0x5f3c1c) => ({ "\x65\x6c\x65\x6d": "\x4f", "\x78": (_0x295ca4[0x0] - 0.5) * _0x2a5d3e, "\x79": (_0x295ca4[0x1] - 0.5) * _0x2a5d3e, "\x7a": (_0x295ca4[0x2] - 0.5) * _0x2a5d3e, "\x72": 0x15, "\x69\x73\x43\x6f\x72\x6e\x65\x72": _0x5f3c1c < 0x8, "\x69\x73\x52\x65\x70\x72\x65\x73\x65\x6e\x74\x61\x74\x69\x76\x65": _0x5f3c1c === 0x8 })),
        ..._0x96b126["\x6d\x61\x70"]((_0x3706bf) => ({ "\x65\x6c\x65\x6d": "\x43\x75", "\x78": (_0x3706bf[0x0] - 0.5) * _0x2a5d3e, "\x79": (_0x3706bf[0x1] - 0.5) * _0x2a5d3e, "\x7a": (_0x3706bf[0x2] - 0.5) * _0x2a5d3e, "\x72": 0xd, "\x69\x73\x52\x65\x70\x72\x65\x73\x65\x6e\x74\x61\x74\x69\x76\x65": !![] })),
      ],
      _0x29e208 = [];
    for (let _0x4f524f = 0x0; _0x4f524f < _0x2b7884["\x6c\x65\x6e\x67\x74\x68"]; _0x4f524f++)
      for (let _0x27e59f = _0x4f524f + 0x1; _0x27e59f < _0x2b7884["\x6c\x65\x6e\x67\x74\x68"]; _0x27e59f++) {
        const _0x17720e = Math["\x68\x79\x70\x6f\x74"](_0x2b7884[_0x4f524f]["\x78"] - _0x2b7884[_0x27e59f]["\x78"], _0x2b7884[_0x4f524f]["\x79"] - _0x2b7884[_0x27e59f]["\x79"], _0x2b7884[_0x4f524f]["\x7a"] - _0x2b7884[_0x27e59f]["\x7a"]);
        if (_0x2b7884[_0x4f524f]["\x65\x6c\x65\x6d"] !== _0x2b7884[_0x27e59f]["\x65\x6c\x65\x6d"] && Math["\x61\x62\x73"](_0x17720e - _0x2a5d3e * 0.433) < 0x14) _0x29e208["\x70\x75\x73\x68"]([_0x4f524f, _0x27e59f, "\x69\x6f\x6e\x69\x63\x5f\x74\x68\x69\x6e"]);
        if (_0x2b7884[_0x4f524f]["\x69\x73\x43\x6f\x72\x6e\x65\x72"] && _0x2b7884[_0x27e59f]["\x69\x73\x43\x6f\x72\x6e\x65\x72"] && Math["\x61\x62\x73"](_0x17720e - _0x2a5d3e) < 0x5) _0x29e208["\x70\x75\x73\x68"]([_0x4f524f, _0x27e59f, "\x69\x6f\x6e\x69\x63\x5f\x74\x68\x69\x63\x6b"]);
      }
    const _0x321e16 = [
        { "\x65\x6c\x65\x6d": "\x4f", "\x78": 0x0, "\x79": 0x0, "\x7a": 0x0, "\x72": 0x15 },
        { "\x65\x6c\x65\x6d": "\x43\x75", "\x78": 0x32, "\x79": 0x0, "\x7a": 0x0, "\x72": 0xd },
        { "\x65\x6c\x65\x6d": "\x43\x75", "\x78": -0x32, "\x79": 0x0, "\x7a": 0x0, "\x72": 0xd },
      ],
      _0x10acb1 = [
        [0x0, 0x1, "\x69\x6f\x6e\x69\x63\x5f\x74\x68\x69\x6e"],
        [0x0, 0x2, "\x69\x6f\x6e\x69\x63\x5f\x74\x68\x69\x6e"],
      ];
    (addMol(
      "\x43\x75\x32\x4f\x7c\u8d64\u9285\u7926\x7c\u6c27\u5316\u4e9e\u9285\x7c\x43\x75\x70\x72\x69\x74\x65",
      "\x43\x75",
      "\x2d",
      "\x2d",
      "\x2d",
      "\x31\x32\x33\x35",
      "\x31\x38\x30\x30",
      _0x321e16,
      _0x10acb1,
      {
        "\x53\x69\x6d\x70\x6c\x65\x7c\u57fa\u672c\u55ae\u5143": {
          "\x61\x74\x6f\x6d\x73": _0x321e16,
          "\x62\x6f\x6e\x64\x73": _0x10acb1,
          "\x68\x79\x62\x72\x69\x64": "\x2d",
          "\x73\x68\x61\x70\x65": "\x2d",
          "\x64\x65\x73\x63":
            "\x3c\x64\x69\x76\x20\x63\x6c\x61\x73\x73\x3d\x22\x69\x6e\x66\x6f\x2d\x73\x65\x63\x74\x69\x6f\x6e\x22\x3e\x3c\x64\x69\x76\x20\x63\x6c\x61\x73\x73\x3d\x22\x69\x6e\x66\x6f\x2d\x74\x69\x74\x6c\x65\x22\x3e\ud83d\udd34\x20\u7269\u8cea\u7c21\u4ecb\x3c\x2f\x64\x69\x76\x3e\x3c\x64\x69\x76\x20\x63\x6c\x61\x73\x73\x3d\x22\x69\x6e\x66\x6f\x2d\x62\x6f\x64\x79\x22\x3e\x3c\x73\x74\x72\x6f\x6e\x67\x3e\u6c27\u5316\u4e9e\u9285\x20\x28\x43\x75\u2082\x4f\x29\x3c\x2f\x73\x74\x72\x6f\x6e\x67\x3e\x3c\x62\x72\x3e\u7d05\u8272\u56fa\u9ad4\u3002\x43\x75\u207a\x20\u70ba\u76f4\u7dda\u578b\u914d\u4f4d\x20\x28\x43\x4e\x3d\x32\x29\uff0c\x4f\u00b2\u207b\x20\u70ba\u56db\u9762\u9ad4\u578b\u914d\u4f4d\x20\x28\x43\x4e\x3d\x34\x29\u3002\x3c\x2f\x64\x69\x76\x3e\x3c\x2f\x64\x69\x76\x3e",
        },
        "\x43\x72\x79\x73\x74\x61\x6c\x7c\u6676\u9ad4\u5806\u7a4d\x20\x28\x43\x75\x62\x69\x63\x29": {
          "\x61\x74\x6f\x6d\x73": _0x2b7884,
          "\x62\x6f\x6e\x64\x73": _0x29e208,
          "\x69\x73\x49\x6f\x6e\x69\x63": !![],
          "\x65\x64\x67\x65\x52\x65\x6c\x61\x74\x69\x6f\x6e": "\u8907\u96dc\u5e7e\u4f55",
          "\x64\x65\x73\x63":
            "\x3c\x64\x69\x76\x20\x63\x6c\x61\x73\x73\x3d\x22\x69\x6e\x66\x6f\x2d\x73\x65\x63\x74\x69\x6f\x6e\x22\x3e\x3c\x64\x69\x76\x20\x63\x6c\x61\x73\x73\x3d\x22\x69\x6e\x66\x6f\x2d\x74\x69\x74\x6c\x65\x22\x3e\ud83e\uddca\x20\u6676\u9ad4\u7d50\u69cb\x3c\x2f\x64\x69\x76\x3e\x3c\x64\x69\x76\x20\x63\x6c\x61\x73\x73\x3d\x22\x69\x6e\x66\x6f\x2d\x62\x6f\x64\x79\x22\x3e\x3c\x73\x74\x72\x6f\x6e\x67\x3e\u8d64\u9285\u7926\u7d50\u69cb\x3c\x2f\x73\x74\x72\x6f\x6e\x67\x3e\x3c\x62\x72\x3e\u6c27\u96e2\u5b50\x28\u7d05\x29\u69cb\u6210\u9ad4\u5fc3\u7acb\u65b9\uff0c\u9285\u96e2\u5b50\x28\u6a58\x29\u4f4d\u65bc\u6c27\u96e2\u5b50\u9023\u7dda\u4e2d\u9ede\u3002\x3c\x62\x72\x3e\u2022\x20\u9ede\u64ca\x3c\x73\x74\x72\x6f\x6e\x67\x3e\u7d05\u8272\u6c27\u96e2\u5b50\x3c\x2f\x73\x74\x72\x6f\x6e\x67\x3e\x20\x28\u9ad4\u5fc3\x29\x20\u53ef\u898b\u914d\u4f4d\u6578\u70ba\x20\x34\u3002\x3c\x62\x72\x3e\u2022\x20\u9ede\u64ca\u4efb\u4e00\x3c\x73\x74\x72\x6f\x6e\x67\x3e\u6a58\u8272\u9285\u96e2\u5b50\x3c\x2f\x73\x74\x72\x6f\x6e\x67\x3e\x20\u53ef\u898b\u914d\u4f4d\u6578\u70ba\x20\x32\u3002\x3c\x2f\x64\x69\x76\x3e\x3c\x2f\x64\x69\x76\x3e",
        },
      },
      "\x3c\x64\x69\x76\x20\x63\x6c\x61\x73\x73\x3d\x22\x69\x6e\x66\x6f\x2d\x73\x65\x63\x74\x69\x6f\x6e\x22\x3e\x3c\x64\x69\x76\x20\x63\x6c\x61\x73\x73\x3d\x22\x69\x6e\x66\x6f\x2d\x74\x69\x74\x6c\x65\x22\x3e\ud83d\udd34\x20\u8d64\u9285\u7926\x3c\x2f\x64\x69\x76\x3e\x3c\x64\x69\x76\x20\x63\x6c\x61\x73\x73\x3d\x22\x69\x6e\x66\x6f\x2d\x62\x6f\x64\x79\x22\x3e\u8acb\u5207\u63db\u9078\u9805\u6aa2\u8996\u3002\x3c\x2f\x64\x69\x76\x3e\x3c\x2f\x64\x69\x76\x3e",
      "\x2d",
      "\x73\x74\x72\x75\x63\x74\x75\x72\x65",
    ),
      MOLECULE_DB["\x43\x75\x32\x4f"]?.["\x76\x61\x72\x69\x61\x6e\x74\x73"] && ((MOLECULE_DB["\x43\x75\x32\x4f"]["\x76\x61\x72\x69\x61\x6e\x74\x73"]["\x43\x72\x79\x73\x74\x61\x6c\x7c\u6676\u9ad4\u5806\u7a4d\x20\x28\x43\x75\x62\x69\x63\x29"]["\x69\x73\x49\x6f\x6e\x69\x63"] = !![]), (MOLECULE_DB["\x43\x75\x32\x4f"]["\x76\x61\x72\x69\x61\x6e\x74\x73"]["\x53\x69\x6d\x70\x6c\x65\x7c\u57fa\u672c\u55ae\u5143"]["\x69\x73\x49\x6f\x6e\x69\x63"] = !![])));
  })());
function ensureElement(_0x535149, _0x1d5870, _0x4bd354) {
  typeof ELEMENT_PROPS !== "\x75\x6e\x64\x65\x66\x69\x6e\x65\x64" && !ELEMENT_PROPS[_0x535149] && (ELEMENT_PROPS[_0x535149] = { "\x76\x65": 0x1, "\x63\x33\x64": _0x1d5870, "\x72\x33\x64": _0x4bd354, "\x6c\x70": 0x0, "\x6d\x61\x73\x73": 0x0, "\x65\x6e": 0x0 });
}
function addMetal_SC(_0x297e19, _0x50c41e, _0x30cd4d, _0x2c679f, _0x37281e = 0xa0) {
  ensureElement(_0x297e19, "\x23\x61\x62\x35\x63\x30\x30", 0x1c);
  const _0x5aaadc = [],
    _0x54b8f0 = [];
  for (let _0xa35059 = 0x0; _0xa35059 <= 0x1; _0xa35059++) {
    for (let _0x2a4330 = 0x0; _0x2a4330 <= 0x1; _0x2a4330++) {
      for (let _0x30b2d4 = 0x0; _0x30b2d4 <= 0x1; _0x30b2d4++) {
        _0x5aaadc["\x70\x75\x73\x68"]({ "\x65\x6c\x65\x6d": _0x297e19, "\x78": (_0xa35059 - 0.5) * _0x37281e, "\x79": (_0x2a4330 - 0.5) * _0x37281e, "\x7a": (_0x30b2d4 - 0.5) * _0x37281e, "\x72": 0x1c, "\x69\x73\x52\x65\x70\x72\x65\x73\x65\x6e\x74\x61\x74\x69\x76\x65": !![] });
      }
    }
  }
  for (let _0x555edf = 0x0; _0x555edf < _0x5aaadc["\x6c\x65\x6e\x67\x74\x68"]; _0x555edf++) {
    for (let _0x1a5fed = _0x555edf + 0x1; _0x1a5fed < _0x5aaadc["\x6c\x65\x6e\x67\x74\x68"]; _0x1a5fed++) {
      const _0x588ba7 = Math["\x73\x71\x72\x74"]((_0x5aaadc[_0x555edf]["\x78"] - _0x5aaadc[_0x1a5fed]["\x78"]) ** 0x2 + (_0x5aaadc[_0x555edf]["\x79"] - _0x5aaadc[_0x1a5fed]["\x79"]) ** 0x2 + (_0x5aaadc[_0x555edf]["\x7a"] - _0x5aaadc[_0x1a5fed]["\x7a"]) ** 0x2);
      if (Math["\x61\x62\x73"](_0x588ba7 - _0x37281e) < 0xa) _0x54b8f0["\x70\x75\x73\x68"]([_0x555edf, _0x1a5fed, "\x69\x6f\x6e\x69\x63\x5f\x74\x68\x69\x63\x6b"]);
    }
  }
  (addMol(
    _0x297e19 + "\x7c" + _0x50c41e,
    "\x4d\x65\x74\x61\x6c",
    "\u7c21\u55ae\u7acb\u65b9\u5806\u7a4d\x20\x28\x53\x43\x29",
    "\x35\x32\x2e\x34\x25",
    "\x36",
    _0x30cd4d,
    _0x2c679f,
    _0x5aaadc,
    _0x54b8f0,
    null,
    "\x3c\x64\x69\x76\x20\x63\x6c\x61\x73\x73\x3d\x22\x69\x6e\x66\x6f\x2d\x73\x65\x63\x74\x69\x6f\x6e\x22\x3e\x3c\x64\x69\x76\x20\x63\x6c\x61\x73\x73\x3d\x22\x69\x6e\x66\x6f\x2d\x74\x69\x74\x6c\x65\x22\x3e\ud83d\udce6\x20\u7c21\u55ae\u7acb\u65b9\x20\x28\x53\x43\x29\x3c\x2f\x64\x69\x76\x3e\x3c\x64\x69\x76\x20\x63\x6c\x61\x73\x73\x3d\x22\x69\x6e\x66\x6f\x2d\x62\x6f\x64\x79\x22\x3e\u91d1\u5c6c\u7bc4\u4f8b\uff1a\x3c\x73\x74\x72\x6f\x6e\x67\x3e" +
      _0x297e19 +
      "\x3c\x2f\x73\x74\x72\x6f\x6e\x67\x3e\u3002\x3c\x62\x72\x3e\u7a7a\u9593\u5229\u7528\u7387\x20\x35\x32\x2e\x34\x25\u3002\u539f\u5b50\u50c5\u4f4d\u65bc\u7acb\u65b9\u9ad4\u9802\u9ede\uff0c\u6cbf\u8457\u908a\u9577\u4e92\u76f8\u63a5\u89f8\u3002\x3c\x2f\x64\x69\x76\x3e\x3c\x2f\x64\x69\x76\x3e",
  ),
    MOLECULE_DB[_0x297e19] && ((MOLECULE_DB[_0x297e19]["\x69\x73\x49\x6f\x6e\x69\x63"] = !![]), (MOLECULE_DB[_0x297e19]["\x69\x73\x4d\x65\x74\x61\x6c"] = !![]), (MOLECULE_DB[_0x297e19]["\x65\x64\x67\x65\x52\x65\x6c\x61\x74\x69\x6f\x6e"] = "\x61\x20\x3d\x20\x32\x72")));
}
function addMetal_BCC(_0x2317b6, _0x4b3b16, _0x57137b, _0x1c3239, _0x1fa21a = 0xc8) {
  ensureElement(_0x2317b6, "\x23\x39\x63\x61\x33\x61\x66", 0x18);
  const _0x569228 = [],
    _0xc9c3f6 = [],
    _0x462f98 = _0x1fa21a / 0x2;
  _0x569228["\x70\x75\x73\x68"]({ "\x65\x6c\x65\x6d": _0x2317b6, "\x78": 0x0, "\x79": 0x0, "\x7a": 0x0, "\x72": 0x18, "\x69\x73\x52\x65\x70\x72\x65\x73\x65\x6e\x74\x61\x74\x69\x76\x65": !![] });
  const _0x42d000 = [
    [-_0x462f98, -_0x462f98, -_0x462f98],
    [_0x462f98, -_0x462f98, -_0x462f98],
    [_0x462f98, _0x462f98, -_0x462f98],
    [-_0x462f98, _0x462f98, -_0x462f98],
    [-_0x462f98, -_0x462f98, _0x462f98],
    [_0x462f98, -_0x462f98, _0x462f98],
    [_0x462f98, _0x462f98, _0x462f98],
    [-_0x462f98, _0x462f98, _0x462f98],
  ];
  _0x42d000["\x66\x6f\x72\x45\x61\x63\x68"]((_0x1331bc) => _0x569228["\x70\x75\x73\x68"]({ "\x65\x6c\x65\x6d": _0x2317b6, "\x78": _0x1331bc[0x0], "\x79": _0x1331bc[0x1], "\x7a": _0x1331bc[0x2], "\x72": 0x18 }));
  for (let _0x20fa91 = 0x1; _0x20fa91 <= 0x8; _0x20fa91++) _0xc9c3f6["\x70\x75\x73\x68"]([0x0, _0x20fa91, "\x69\x6f\x6e\x69\x63\x5f\x74\x68\x69\x6e"]);
  const _0x45d156 = [
    [0x1, 0x2],
    [0x2, 0x3],
    [0x3, 0x4],
    [0x4, 0x1],
    [0x5, 0x6],
    [0x6, 0x7],
    [0x7, 0x8],
    [0x8, 0x5],
    [0x1, 0x5],
    [0x2, 0x6],
    [0x3, 0x7],
    [0x4, 0x8],
  ];
  (_0x45d156["\x66\x6f\x72\x45\x61\x63\x68"]((_0x506a06) => _0xc9c3f6["\x70\x75\x73\x68"]([_0x506a06[0x0], _0x506a06[0x1], "\x69\x6f\x6e\x69\x63\x5f\x74\x68\x69\x63\x6b"])),
    addMol(
      _0x2317b6 + "\x7c" + _0x4b3b16,
      "\x4d\x65\x74\x61\x6c",
      "\u9ad4\u5fc3\u7acb\u65b9\u5806\u7a4d\x20\x28\x42\x43\x43\x29",
      "\x36\x38\x25",
      "\x38",
      _0x57137b,
      _0x1c3239,
      _0x569228,
      _0xc9c3f6,
      null,
      "\x3c\x64\x69\x76\x20\x63\x6c\x61\x73\x73\x3d\x22\x69\x6e\x66\x6f\x2d\x73\x65\x63\x74\x69\x6f\x6e\x22\x3e\x3c\x64\x69\x76\x20\x63\x6c\x61\x73\x73\x3d\x22\x69\x6e\x66\x6f\x2d\x74\x69\x74\x6c\x65\x22\x3e\ud83e\uddca\x20\u9ad4\u5fc3\u7acb\u65b9\x20\x28\x42\x43\x43\x29\x3c\x2f\x64\x69\x76\x3e\x3c\x64\x69\x76\x20\x63\x6c\x61\x73\x73\x3d\x22\x69\x6e\x66\x6f\x2d\x62\x6f\x64\x79\x22\x3e\u91d1\u5c6c\u7bc4\u4f8b\uff1a\x3c\x73\x74\x72\x6f\x6e\x67\x3e" +
        _0x2317b6 +
        "\x3c\x2f\x73\x74\x72\x6f\x6e\x67\x3e\u3002\x3c\x62\x72\x3e\u7a7a\u9593\u5229\u7528\u7387\x20\x36\x38\x25\u3002\u539f\u5b50\u4f4d\u65bc\u89d2\u843d\u8207\u9ad4\u4e2d\u5fc3\uff0c\u6cbf\u8457\u9ad4\u5c0d\u89d2\u7dda\u4e92\u76f8\u63a5\u89f8\u3002\x3c\x2f\x64\x69\x76\x3e\x3c\x2f\x64\x69\x76\x3e",
    ),
    MOLECULE_DB[_0x2317b6] && ((MOLECULE_DB[_0x2317b6]["\x69\x73\x49\x6f\x6e\x69\x63"] = !![]), (MOLECULE_DB[_0x2317b6]["\x69\x73\x4d\x65\x74\x61\x6c"] = !![]), (MOLECULE_DB[_0x2317b6]["\x65\x64\x67\x65\x52\x65\x6c\x61\x74\x69\x6f\x6e"] = "\u221a\x33\x20\x61\x20\x3d\x20\x34\x72")));
}
function addMetal_FCC(_0x4d0849, _0x1bccc9, _0x5beaff, _0x4d5b92, _0x232c98 = 0xc8) {
  ensureElement(_0x4d0849, "\x23\x64\x31\x64\x35\x64\x62", 0x16);
  const _0x2459cd = [],
    _0x33e653 = [],
    _0x436590 = _0x232c98 / 0x2,
    _0x1e1bb9 = (_0x512bbf, _0x48ad63) => {
      const _0x13dc25 = _0x2459cd["\x6c\x65\x6e\x67\x74\x68"];
      _0x2459cd["\x70\x75\x73\x68"]({ "\x65\x6c\x65\x6d": _0x4d0849, "\x78": 0x0, "\x79": 0x0, "\x7a": _0x512bbf, "\x72": 0x16, "\x69\x73\x52\x65\x70\x72\x65\x73\x65\x6e\x74\x61\x74\x69\x76\x65": _0x48ad63 });
      const _0x2e3845 = [
        [-_0x436590, -_0x436590, _0x512bbf],
        [_0x436590, -_0x436590, _0x512bbf],
        [_0x436590, _0x436590, _0x512bbf],
        [-_0x436590, _0x436590, _0x512bbf],
      ];
      (_0x2e3845["\x66\x6f\x72\x45\x61\x63\x68"]((_0x3ba078) => _0x2459cd["\x70\x75\x73\x68"]({ "\x65\x6c\x65\x6d": _0x4d0849, "\x78": _0x3ba078[0x0], "\x79": _0x3ba078[0x1], "\x7a": _0x3ba078[0x2], "\x72": 0x16 })),
        (_0x48ad63 || _0x512bbf < _0x232c98) && _0x33e653["\x70\x75\x73\x68"]([_0x13dc25 + 0x1, _0x13dc25 + 0x2, "\x69\x6f\x6e\x69\x63\x5f\x74\x68\x69\x63\x6b"], [_0x13dc25 + 0x2, _0x13dc25 + 0x3, "\x69\x6f\x6e\x69\x63\x5f\x74\x68\x69\x63\x6b"], [_0x13dc25 + 0x3, _0x13dc25 + 0x4, "\x69\x6f\x6e\x69\x63\x5f\x74\x68\x69\x63\x6b"], [_0x13dc25 + 0x4, _0x13dc25 + 0x1, "\x69\x6f\x6e\x69\x63\x5f\x74\x68\x69\x63\x6b"]));
    },
    _0x23ef2b = (_0x223d84, _0x9c1684) => {
      const _0x73e4d6 = _0x2459cd["\x6c\x65\x6e\x67\x74\x68"],
        _0x33a1e0 = [
          [0x0, -_0x436590, _0x223d84],
          [_0x436590, 0x0, _0x223d84],
          [0x0, _0x436590, _0x223d84],
          [-_0x436590, 0x0, _0x223d84],
        ];
      _0x33a1e0["\x66\x6f\x72\x45\x61\x63\x68"]((_0xb0e9dc) => _0x2459cd["\x70\x75\x73\x68"]({ "\x65\x6c\x65\x6d": _0x4d0849, "\x78": _0xb0e9dc[0x0], "\x79": _0xb0e9dc[0x1], "\x7a": _0xb0e9dc[0x2], "\x72": 0x16 }));
      if (!_0x9c1684) {
      }
    };
  (_0x1e1bb9(-_0x232c98, ![]), _0x23ef2b(-_0x436590, ![]), _0x1e1bb9(0x0, !![]), _0x23ef2b(_0x436590, !![]));
  const _0x274101 = _0x232c98 * 0.707;
  for (let _0x438fd6 = 0x0; _0x438fd6 < _0x2459cd["\x6c\x65\x6e\x67\x74\x68"]; _0x438fd6++) {
    for (let _0x44b87b = _0x438fd6 + 0x1; _0x44b87b < _0x2459cd["\x6c\x65\x6e\x67\x74\x68"]; _0x44b87b++) {
      const _0x652bfd = Math["\x73\x71\x72\x74"]((_0x2459cd[_0x438fd6]["\x78"] - _0x2459cd[_0x44b87b]["\x78"]) ** 0x2 + (_0x2459cd[_0x438fd6]["\x79"] - _0x2459cd[_0x44b87b]["\x79"]) ** 0x2 + (_0x2459cd[_0x438fd6]["\x7a"] - _0x2459cd[_0x44b87b]["\x7a"]) ** 0x2);
      if (Math["\x61\x62\x73"](_0x652bfd - _0x274101) < 0xa) {
        const _0x35fdc6 = _0x2459cd[_0x438fd6]["\x7a"] > 0x5 || _0x2459cd[_0x44b87b]["\x7a"] > 0x5;
        _0x33e653["\x70\x75\x73\x68"]([_0x438fd6, _0x44b87b, _0x35fdc6 ? "\x69\x6f\x6e\x69\x63\x5f\x74\x68\x69\x6e" : "\x69\x6f\x6e\x69\x63\x5f\x74\x68\x69\x6e"]);
      }
    }
  }
  const _0x532e65 = [
    [0x1, 0xa],
    [0x2, 0xb],
    [0x3, 0xc],
    [0x4, 0xd],
  ];
  (_0x532e65["\x66\x6f\x72\x45\x61\x63\x68"]((_0x10f175) => _0x33e653["\x70\x75\x73\x68"]([_0x10f175[0x0], _0x10f175[0x1], "\x69\x6f\x6e\x69\x63\x5f\x74\x68\x69\x63\x6b"])),
    addMol(
      _0x4d0849 + "\x7c" + _0x1bccc9,
      "\x4d\x65\x74\x61\x6c",
      "\u9762\u5fc3\u7acb\u65b9\u5806\u7a4d\x20\x28\x46\x43\x43\x29",
      "\x37\x34\x25",
      "\x31\x32",
      _0x5beaff,
      _0x4d5b92,
      _0x2459cd,
      _0x33e653,
      null,
      "\x3c\x64\x69\x76\x20\x63\x6c\x61\x73\x73\x3d\x22\x69\x6e\x66\x6f\x2d\x73\x65\x63\x74\x69\x6f\x6e\x22\x3e\x3c\x64\x69\x76\x20\x63\x6c\x61\x73\x73\x3d\x22\x69\x6e\x66\x6f\x2d\x74\x69\x74\x6c\x65\x22\x3e\u2728\x20\u9762\u5fc3\u7acb\u65b9\x20\x28\x46\x43\x43\x29\x3c\x2f\x64\x69\x76\x3e\x3c\x64\x69\x76\x20\x63\x6c\x61\x73\x73\x3d\x22\x69\x6e\x66\x6f\x2d\x62\x6f\x64\x79\x22\x3e\u91d1\u5c6c\u7bc4\u4f8b\uff1a\x3c\x73\x74\x72\x6f\x6e\x67\x3e" +
        _0x4d0849 +
        "\x3c\x2f\x73\x74\x72\x6f\x6e\x67\x3e\u3002\x3c\x62\x72\x3e\u7a7a\u9593\u5229\u7528\u7387\x20\x37\x34\x25\u3002\u6a21\u578b\u5c55\u793a\u4e86\x20\x35\x2d\x34\x2d\x35\x2d\x34\x20\u7684\u56db\u5c64\u5806\u7a4d\u3002\x3c\x62\x72\x3e\x3c\x73\x70\x61\x6e\x20\x73\x74\x79\x6c\x65\x3d\x22\x63\x6f\x6c\x6f\x72\x3a\x23\x66\x61\x63\x63\x31\x35\x22\x3e\u2605\x20\u9ede\u64ca\u7b2c\u4e09\u5c64\u4e2d\u5fc3\u539f\u5b50\uff0c\u53ef\u898b\u5176\u914d\u4f4d\u6578\u70ba\x20\x31\x32\x20\x28\u540c\u5c64\x34\x2c\x20\u4e0b\u5c64\x34\x2c\x20\u4e0a\u5c64\x34\x29\u3002\x3c\x2f\x73\x70\x61\x6e\x3e\x3c\x2f\x64\x69\x76\x3e\x3c\x2f\x64\x69\x76\x3e",
    ),
    MOLECULE_DB[_0x4d0849] && ((MOLECULE_DB[_0x4d0849]["\x69\x73\x49\x6f\x6e\x69\x63"] = !![]), (MOLECULE_DB[_0x4d0849]["\x69\x73\x4d\x65\x74\x61\x6c"] = !![]), (MOLECULE_DB[_0x4d0849]["\x65\x64\x67\x65\x52\x65\x6c\x61\x74\x69\x6f\x6e"] = "\u221a\x32\x20\x61\x20\x3d\x20\x34\x72")));
}
function addMetal_HCP(_0x259899, _0x164c3f, _0x5b5ed4, _0x3dacfe, _0x1e5da5 = 0x8c) {
  ensureElement(_0x259899, "\x23\x65\x35\x65\x37\x65\x62", 0x16);
  const _0x36b3ef = [],
    _0x2eeb91 = [],
    _0x18eb8a = _0x1e5da5 * 0.8165,
    _0x373c51 = 0x16,
    _0x4facde = (_0x168b3d) => [
      { "\x78": 0x0, "\x79": 0x0, "\x7a": _0x168b3d },
      { "\x78": _0x1e5da5, "\x79": 0x0, "\x7a": _0x168b3d },
      { "\x78": _0x1e5da5 * 0.5, "\x79": _0x1e5da5 * 0.866, "\x7a": _0x168b3d },
      { "\x78": -_0x1e5da5 * 0.5, "\x79": _0x1e5da5 * 0.866, "\x7a": _0x168b3d },
      { "\x78": -_0x1e5da5, "\x79": 0x0, "\x7a": _0x168b3d },
      { "\x78": -_0x1e5da5 * 0.5, "\x79": -_0x1e5da5 * 0.866, "\x7a": _0x168b3d },
      { "\x78": _0x1e5da5 * 0.5, "\x79": -_0x1e5da5 * 0.866, "\x7a": _0x168b3d },
    ],
    _0x4cd63b = (_0x4342bf) => [
      { "\x78": _0x1e5da5 * 0.5, "\x79": _0x1e5da5 * 0.288, "\x7a": _0x4342bf },
      { "\x78": -_0x1e5da5 * 0.5, "\x79": _0x1e5da5 * 0.288, "\x7a": _0x4342bf },
      { "\x78": 0x0, "\x79": -_0x1e5da5 * 0.577, "\x7a": _0x4342bf },
    ],
    _0x355956 = _0x4facde(-0x2 * _0x18eb8a),
    _0x421c77 = _0x4cd63b(-_0x18eb8a),
    _0x5edd6a = _0x4facde(0x0),
    _0x1a6c73 = _0x4cd63b(_0x18eb8a);
  [..._0x355956, ..._0x421c77, ..._0x5edd6a, ..._0x1a6c73]["\x66\x6f\x72\x45\x61\x63\x68"]((_0x251e90, _0x41dd7f) => {
    _0x36b3ef["\x70\x75\x73\x68"]({ "\x65\x6c\x65\x6d": _0x259899, ..._0x251e90, "\x72": _0x373c51, "\x6c\x70\x43\x6f\x75\x6e\x74": 0x0, "\x69\x73\x52\x65\x70\x72\x65\x73\x65\x6e\x74\x61\x74\x69\x76\x65": _0x41dd7f === 0xa });
  });
  for (let _0x5f5113 = 0x0; _0x5f5113 < _0x36b3ef["\x6c\x65\x6e\x67\x74\x68"]; _0x5f5113++) {
    for (let _0x4c4006 = _0x5f5113 + 0x1; _0x4c4006 < _0x36b3ef["\x6c\x65\x6e\x67\x74\x68"]; _0x4c4006++) {
      const _0x4c8bc6 = Math["\x73\x71\x72\x74"]((_0x36b3ef[_0x5f5113]["\x78"] - _0x36b3ef[_0x4c4006]["\x78"]) ** 0x2 + (_0x36b3ef[_0x5f5113]["\x79"] - _0x36b3ef[_0x4c4006]["\x79"]) ** 0x2 + (_0x36b3ef[_0x5f5113]["\x7a"] - _0x36b3ef[_0x4c4006]["\x7a"]) ** 0x2);
      if (_0x4c8bc6 > 0xa && _0x4c8bc6 < _0x1e5da5 * 1.1) {
        const _0x2af694 = _0x36b3ef[_0x5f5113]["\x7a"] > _0x18eb8a / 0x2 || _0x36b3ef[_0x4c4006]["\x7a"] > _0x18eb8a / 0x2;
        if (Math["\x61\x62\x73"](_0x36b3ef[_0x5f5113]["\x7a"] - _0x36b3ef[_0x4c4006]["\x7a"]) < 0x1) {
          const _0x5f7f76 = (Math["\x61\x62\x73"](_0x36b3ef[_0x5f5113]["\x78"]) < 0x1 && Math["\x61\x62\x73"](_0x36b3ef[_0x5f5113]["\x79"]) < 0x1) || (Math["\x61\x62\x73"](_0x36b3ef[_0x4c4006]["\x78"]) < 0x1 && Math["\x61\x62\x73"](_0x36b3ef[_0x4c4006]["\x79"]) < 0x1);
          _0x5f7f76 ? _0x2eeb91["\x70\x75\x73\x68"]([_0x5f5113, _0x4c4006, "\x69\x6f\x6e\x69\x63\x5f\x74\x68\x69\x6e"]) : _0x2eeb91["\x70\x75\x73\x68"]([_0x5f5113, _0x4c4006, _0x2af694 ? "\x69\x6f\x6e\x69\x63\x5f\x74\x68\x69\x6e" : "\x69\x6f\x6e\x69\x63\x5f\x74\x68\x69\x63\x6b"]);
        } else _0x2eeb91["\x70\x75\x73\x68"]([_0x5f5113, _0x4c4006, "\x69\x6f\x6e\x69\x63\x5f\x74\x68\x69\x6e"]);
      }
    }
  }
  for (let _0x1a606b = 0x1; _0x1a606b <= 0x6; _0x1a606b++) {
    _0x2eeb91["\x70\x75\x73\x68"]([_0x1a606b, _0x1a606b + 0xa, "\x69\x6f\x6e\x69\x63\x5f\x74\x68\x69\x63\x6b"]);
  }
  (addMol(
    _0x259899 + "\x7c" + _0x164c3f,
    "\x4d\x65\x74\x61\x6c",
    "\u516d\u65b9\u6700\u5bc6\u5806\u7a4d\x20\x28\x48\x43\x50\x29",
    "\x37\x34\x25",
    "\x31\x32",
    _0x5b5ed4,
    _0x3dacfe,
    _0x36b3ef,
    _0x2eeb91,
    null,
    "\x3c\x64\x69\x76\x20\x63\x6c\x61\x73\x73\x3d\x22\x69\x6e\x66\x6f\x2d\x73\x65\x63\x74\x69\x6f\x6e\x22\x3e\x3c\x64\x69\x76\x20\x63\x6c\x61\x73\x73\x3d\x22\x69\x6e\x66\x6f\x2d\x74\x69\x74\x6c\x65\x22\x3e\ud83d\uded1\x20\u516d\u65b9\u6700\u5bc6\u5806\u7a4d\x20\x28\x48\x43\x50\x29\x3c\x2f\x64\x69\x76\x3e\x3c\x64\x69\x76\x20\x63\x6c\x61\x73\x73\x3d\x22\x69\x6e\x66\x6f\x2d\x62\x6f\x64\x79\x22\x3e\u91d1\u5c6c\u7bc4\u4f8b\uff1a\x3c\x73\x74\x72\x6f\x6e\x67\x3e" +
      _0x259899 +
      "\x20\x28\u5982\u9382\u3001\u92c5\x29\x3c\x2f\x73\x74\x72\x6f\x6e\x67\x3e\u3002\x3c\x62\x72\x3e\u5229\u7528\u7387\x20\x37\x34\x25\u3002\u6a21\u578b\u5c55\u793a\x20\x41\x2d\x42\x2d\x41\x2d\x42\x20\u56db\u5c64\u5806\u7a4d\uff0c\u5ef6\u4f38\u51fa\u4e00\u5c64\u4e09\u89d2\u5f62\x20\x42\x20\u5c64\u3002\x3c\x62\x72\x3e\x3c\x73\x70\x61\x6e\x20\x73\x74\x79\x6c\x65\x3d\x22\x63\x6f\x6c\x6f\x72\x3a\x23\x66\x61\x63\x63\x31\x35\x22\x3e\u2605\x20\u9ede\u64ca\u7b2c\u4e09\u5c64\u4e2d\u5fc3\u539f\u5b50\uff0c\u53ef\u898b\u914d\u4f4d\u6578\u70ba\x20\x31\x32\x20\x28\u540c\u5c64\x36\uff0c\u4e0b\u5c64\x33\uff0c\u4e0a\u5c64\x33\x29\u3002\x3c\x2f\x73\x70\x61\x6e\x3e\x3c\x2f\x64\x69\x76\x3e\x3c\x2f\x64\x69\x76\x3e",
  ),
    MOLECULE_DB[_0x259899] && ((MOLECULE_DB[_0x259899]["\x69\x73\x49\x6f\x6e\x69\x63"] = !![]), (MOLECULE_DB[_0x259899]["\x69\x73\x4d\x65\x74\x61\x6c"] = !![]), (MOLECULE_DB[_0x259899]["\x65\x64\x67\x65\x52\x65\x6c\x61\x74\x69\x6f\x6e"] = "\x63\x20\u2248\x20\x31\x2e\x36\x33\x33\x20\x61")));
}
(addMetal_BCC("\x4c\x69", "\u92f0", "\x31\x38\x30\x2e\x35", "\x31\x33\x34\x32"),
  addMetal_BCC("\x4e\x61", "\u9209", "\x39\x37\x2e\x38", "\x38\x38\x33"),
  addMetal_BCC("\x4b", "\u9240", "\x36\x33\x2e\x35", "\x37\x35\x39"),
  addMetal_BCC("\x52\x62", "\u92a3", "\x33\x39\x2e\x33", "\x36\x38\x38"),
  addMetal_BCC("\x43\x73", "\u92ab", "\x32\x38\x2e\x34", "\x36\x37\x31"),
  addMetal_HCP("\x42\x65", "\u9239", "\x31\x32\x38\x37", "\x32\x34\x36\x39"),
  addMetal_HCP("\x4d\x67", "\u9382", "\x36\x35\x30", "\x31\x30\x39\x30"),
  addMetal_FCC("\x43\x61", "\u9223", "\x38\x34\x32", "\x31\x34\x38\x34"),
  addMetal_FCC("\x53\x72", "\u9376", "\x37\x37\x37", "\x31\x33\x38\x32"),
  addMetal_BCC("\x42\x61", "\u92c7", "\x37\x32\x37", "\x31\x38\x39\x37"),
  addMetal_SC("\x50\x6f", "\u91d9", "\x32\x35\x34", "\x39\x36\x32"),
  addMetal_BCC("\x46\x65", "\u9435\x20\x28\u03b1\x29", "\x31\x35\x33\x38", "\x32\x38\x36\x31"),
  addMetal_FCC("\x43\x75", "\u9285", "\x31\x30\x38\x35", "\x32\x35\x36\x32"),
  addMetal_FCC("\x41\x67", "\u9280", "\x39\x36\x31\x2e\x38", "\x32\x31\x36\x32"),
  addMetal_FCC("\x41\x75", "\u91d1", "\x31\x30\x36\x34", "\x32\x39\x37\x30"),
  addMetal_FCC("\x41\x6c", "\u92c1", "\x36\x36\x30", "\x32\x35\x31\x39"),
  addMetal_HCP("\x5a\x6e", "\u92c5", "\x34\x31\x39\x2e\x35", "\x39\x30\x37"),
  addMetal_HCP("\x54\x69", "\u9226", "\x31\x36\x36\x38", "\x33\x32\x38\x37"));
const diatomicNames = { "\x48": "\u6c2b\x7c\u6c2b\u6c23", "\x4e": "\u6c2e\x7c\u6c2e\u6c23", "\x4f": "\u6c27\x7c\u6c27\u6c23", "\x46": "\u6c1f\x7c\u6c1f\u6c23", "\x43\x6c": "\u6c2f\x7c\u6c2f\u6c23", "\x42\x72": "\u6eb4", "\x49": "\u7898" },
  diatomicProps = {
    "\x48": { "\x6d\x70": "\x2d\x32\x35\x39\x2e\x32", "\x62\x70": "\x2d\x32\x35\x32\x2e\x39" },
    "\x4e": { "\x6d\x70": "\x2d\x32\x31\x30\x2e\x30", "\x62\x70": "\x2d\x31\x39\x35\x2e\x38" },
    "\x4f": { "\x6d\x70": "\x2d\x32\x31\x38\x2e\x38", "\x62\x70": "\x2d\x31\x38\x33\x2e\x30" },
    "\x46": { "\x6d\x70": "\x2d\x32\x31\x39\x2e\x37", "\x62\x70": "\x2d\x31\x38\x38\x2e\x31" },
    "\x43\x6c": { "\x6d\x70": "\x2d\x31\x30\x31\x2e\x35", "\x62\x70": "\x2d\x33\x34\x2e\x30" },
    "\x42\x72": { "\x6d\x70": "\x2d\x37\x2e\x32", "\x62\x70": "\x35\x38\x2e\x38" },
    "\x49": { "\x6d\x70": "\x31\x31\x33\x2e\x37", "\x62\x70": "\x31\x38\x34\x2e\x33" },
  };
(addMol(
  "\x48\x32\x7c\u6c2b\u6c23\x7c\u6c2b",
  "\u96d9\u539f\u5b50",
  "\x73\x2d\x73",
  ["\u76f4\u7dda\u578b", "\x4c\x69\x6e\x65\x61\x72"],
  "\x2d",
  "\x2d\x32\x35\x39\x2e\x32",
  "\x2d\x32\x35\x32\x2e\x39",
  [
    { "\x65\x6c\x65\x6d": "\x48", "\x78": -0xf, "\x79": 0x0, "\x7a": 0x0 },
    { "\x65\x6c\x65\x6d": "\x48", "\x78": 0xf, "\x79": 0x0, "\x7a": 0x0 },
  ],
  [[0x0, 0x1, "\x73\x69\x6e\x67\x6c\x65"]],
),
  addMol(
    "\x4e\x32\x7c\u6c2e\u6c23\x7c\u6c2e",
    "\u96d9\u539f\u5b50",
    "\x73\x70",
    ["\u76f4\u7dda\u578b", "\x4c\x69\x6e\x65\x61\x72"],
    "\x2d",
    "\x2d\x32\x31\x30\x2e\x30",
    "\x2d\x31\x39\x35\x2e\x38",
    [
      { "\x65\x6c\x65\x6d": "\x4e", "\x78": -0x1e, "\x79": 0x0, "\x7a": 0x0 },
      { "\x65\x6c\x65\x6d": "\x4e", "\x78": 0x1e, "\x79": 0x0, "\x7a": 0x0 },
    ],
    [[0x0, 0x1, "\x74\x72\x69\x70\x6c\x65"]],
  ),
  addMol(
    "\x4f\x32\x7c\u6c27\u6c23\x7c\u6c27",
    "\u96d9\u539f\u5b50",
    "\x73\x70\u00b2",
    ["\u76f4\u7dda\u578b", "\x4c\x69\x6e\x65\x61\x72"],
    "\x2d",
    "\x2d\x32\x31\x38\x2e\x38",
    "\x2d\x31\x38\x33\x2e\x30",
    [
      { "\x65\x6c\x65\x6d": "\x4f", "\x78": -0x20, "\x79": 0x0, "\x7a": 0x0 },
      { "\x65\x6c\x65\x6d": "\x4f", "\x78": 0x20, "\x79": 0x0, "\x7a": 0x0 },
    ],
    [[0x0, 0x1, "\x64\x6f\x75\x62\x6c\x65"]],
  ),
  addMol(
    "\x46\x32\x7c\u6c1f\u6c23\x7c\u6c1f",
    "\u96d9\u539f\u5b50",
    "\x73\x70\u00b3",
    ["\u76f4\u7dda\u578b", "\x4c\x69\x6e\x65\x61\x72"],
    "\x2d",
    "\x2d\x32\x31\x39\x2e\x37",
    "\x2d\x31\x38\x38\x2e\x31",
    [
      { "\x65\x6c\x65\x6d": "\x46", "\x78": -0x23, "\x79": 0x0, "\x7a": 0x0 },
      { "\x65\x6c\x65\x6d": "\x46", "\x78": 0x23, "\x79": 0x0, "\x7a": 0x0 },
    ],
    [[0x0, 0x1, "\x73\x69\x6e\x67\x6c\x65"]],
  ),
  addMol(
    "\x43\x6c\x32\x7c\u6c2f\u6c23\x7c\u6c2f",
    "\u96d9\u539f\u5b50",
    "\x73\x70\u00b3",
    ["\u76f4\u7dda\u578b", "\x4c\x69\x6e\x65\x61\x72"],
    "\x2d",
    "\x2d\x31\x30\x31\x2e\x35",
    "\x2d\x33\x34\x2e\x30",
    [
      { "\x65\x6c\x65\x6d": "\x43\x6c", "\x78": -0x28, "\x79": 0x0, "\x7a": 0x0 },
      { "\x65\x6c\x65\x6d": "\x43\x6c", "\x78": 0x28, "\x79": 0x0, "\x7a": 0x0 },
    ],
    [[0x0, 0x1, "\x73\x69\x6e\x67\x6c\x65"]],
  ),
  addMol(
    "\x42\x72\x32\x7c\u6eb4",
    "\u96d9\u539f\u5b50",
    "\x73\x70\u00b3",
    ["\u76f4\u7dda\u578b", "\x4c\x69\x6e\x65\x61\x72"],
    "\x2d",
    "\x2d\x37\x2e\x32",
    "\x35\x38\x2e\x38",
    [
      { "\x65\x6c\x65\x6d": "\x42\x72", "\x78": -0x2d, "\x79": 0x0, "\x7a": 0x0 },
      { "\x65\x6c\x65\x6d": "\x42\x72", "\x78": 0x2d, "\x79": 0x0, "\x7a": 0x0 },
    ],
    [[0x0, 0x1, "\x73\x69\x6e\x67\x6c\x65"]],
  ),
  addMol(
    "\x49\x32\x7c\u7898",
    "\u96d9\u539f\u5b50",
    "\x73\x70\u00b3",
    ["\u76f4\u7dda\u578b", "\x4c\x69\x6e\x65\x61\x72"],
    "\x2d",
    "\x31\x31\x33\x2e\x37",
    "\x31\x38\x34\x2e\x33",
    [
      { "\x65\x6c\x65\x6d": "\x49", "\x78": -0x32, "\x79": 0x0, "\x7a": 0x0 },
      { "\x65\x6c\x65\x6d": "\x49", "\x78": 0x32, "\x79": 0x0, "\x7a": 0x0 },
    ],
    [[0x0, 0x1, "\x73\x69\x6e\x67\x6c\x65"]],
  ),
  ["\x48\x32", "\x4e\x32", "\x4f\x32", "\x46\x32", "\x43\x6c\x32", "\x42\x72\x32", "\x49\x32"]["\x66\x6f\x72\x45\x61\x63\x68"]((_0x292556) => {
    if (MOLECULE_DB[_0x292556]) MOLECULE_DB[_0x292556]["\x70\x67"] = "\x44\x69\x6e\x66\x68";
  }),
  addMol(
    "\x43\x4f\x7c\u4e00\u6c27\u5316\u78b3",
    "\u96d9\u539f\u5b50",
    "\x73\x70",
    ["\u76f4\u7dda\u578b", "\x4c\x69\x6e\x65\x61\x72"],
    "\x2d",
    "\x2d\x32\x30\x35\x2e\x30",
    "\x2d\x31\x39\x31\x2e\x35",
    [
      { "\x65\x6c\x65\x6d": "\x43", "\x78": -0x1e, "\x79": 0x0, "\x7a": 0x0, "\x6c\x70\x33\x64": [{ "\x78": -0x1, "\x79": 0x0, "\x7a": 0x0 }] },
      { "\x65\x6c\x65\x6d": "\x4f", "\x78": 0x21, "\x79": 0x0, "\x7a": 0x0, "\x6c\x70\x33\x64": [{ "\x78": 0x1, "\x79": 0x0, "\x7a": 0x0 }] },
    ],
    [[0x1, 0x0, "\x63\x6f\x6f\x72\x64\x69\x6e\x61\x74\x65\x5f\x74\x72\x69\x70\x6c\x65"]],
  ),
  addMol(
    "\x4e\x4f\x7c\u4e00\u6c27\u5316\u6c2e",
    "\u96d9\u539f\u5b50",
    "\x73\x70\u00b2",
    ["\u76f4\u7dda\u578b", "\x4c\x69\x6e\x65\x61\x72"],
    "\x2d",
    "\x2d\x31\x36\x34",
    "\x2d\x31\x35\x32",
    [
      {
        "\x65\x6c\x65\x6d": "\x4e",
        "\x78": -0x20,
        "\x79": 0x0,
        "\x7a": 0x0,
        "\x72\x61\x64\x69\x63\x61\x6c": !![],
        "\x6c\x70\x33\x64": [
          { "\x78": -1.2, "\x79": 0x1, "\x7a": 0.35 },
          { "\x78": -1.2, "\x79": 0x1, "\x7a": -0.35 },
          { "\x78": -1.2, "\x79": -0x1, "\x7a": 0x0 },
        ],
      },
      { "\x65\x6c\x65\x6d": "\x4f", "\x78": 0x20, "\x79": 0x0, "\x7a": 0x0 },
    ],
    [[0x0, 0x1, "\x64\x6f\x75\x62\x6c\x65"]],
  ),
  addMol(
    "\x43\x4e\x20\x2d\x7c\u6c30\u6839\x7c\u6c30\u96e2\u5b50",
    "\u96d9\u539f\u5b50",
    "\x73\x70",
    ["\u76f4\u7dda\u578b", "\x4c\x69\x6e\x65\x61\x72"],
    "\x2d",
    "\x2d",
    "\x2d",
    [
      { "\x65\x6c\x65\x6d": "\x43", "\x78": -0x1e, "\x79": 0x0, "\x7a": 0x0, "\x6c\x70\x33\x64": [{ "\x78": -0x1, "\x79": 0x0, "\x7a": 0x0 }] },
      { "\x65\x6c\x65\x6d": "\x4e", "\x78": 0x1e, "\x79": 0x0, "\x7a": 0x0, "\x6c\x70\x33\x64": [{ "\x78": 0x1, "\x79": 0x0, "\x7a": 0x0 }] },
    ],
    [[0x0, 0x1, "\x74\x72\x69\x70\x6c\x65"]],
  ),
  addMol(
    "\x4f\x32\x20\x32\x2d\x7c\u904e\u6c27\u6839\u96e2\u5b50",
    "\x4f",
    "\x73\x70\u00b3",
    ["\u76f4\u7dda\u578b", "\x4c\x69\x6e\x65\x61\x72"],
    "\x31\x38\x30\u00b0",
    "\x2d",
    "\x2d",
    [
      {
        "\x65\x6c\x65\x6d": "\x4f",
        "\x78": -0x23,
        "\x79": 0x0,
        "\x7a": 0x0,
        "\x6c\x70\x33\x64": [
          { "\x78": -0x1, "\x79": 1.5, "\x7a": 0x0 },
          { "\x78": -0x1, "\x79": -0.75, "\x7a": 1.3 },
          { "\x78": -0x1, "\x79": -0.75, "\x7a": -1.3 },
        ],
      },
      {
        "\x65\x6c\x65\x6d": "\x4f",
        "\x78": 0x23,
        "\x79": 0x0,
        "\x7a": 0x0,
        "\x6c\x70\x33\x64": [
          { "\x78": 0x1, "\x79": 1.5, "\x7a": 0x0 },
          { "\x78": 0x1, "\x79": -0.75, "\x7a": 1.3 },
          { "\x78": 0x1, "\x79": -0.75, "\x7a": -1.3 },
        ],
      },
    ],
    [[0x0, 0x1]],
  ),
  addMol(
    "\x43\x32\x20\x32\x2d\x7c\u78b3\u5316\u7269\u96e2\u5b50",
    "\x43",
    "\x73\x70",
    ["\u76f4\u7dda\u578b", "\x4c\x69\x6e\x65\x61\x72"],
    "\x31\x38\x30\u00b0",
    "\x2d",
    "\x2d",
    [
      { "\x65\x6c\x65\x6d": "\x43", "\x78": -0x1e, "\x79": 0x0, "\x7a": 0x0, "\x6c\x70\x33\x64": [{ "\x78": -0x1, "\x79": 0x0, "\x7a": 0x0 }] },
      { "\x65\x6c\x65\x6d": "\x43", "\x78": 0x1e, "\x79": 0x0, "\x7a": 0x0, "\x6c\x70\x33\x64": [{ "\x78": 0x1, "\x79": 0x0, "\x7a": 0x0 }] },
    ],
    [[0x0, 0x1, "\x74\x72\x69\x70\x6c\x65"]],
  ),
  addMol(
    "\x48\x46\x7c\u6c1f\u5316\u6c2b",
    "\u96d9\u539f\u5b50",
    "\x73\x70\u00b3",
    ["\u76f4\u7dda\u578b", "\x4c\x69\x6e\x65\x61\x72"],
    "\x2d",
    "\x2d\x38\x33\x2e\x36",
    "\x31\x39\x2e\x35",
    [
      { "\x65\x6c\x65\x6d": "\x46", "\x78": -0x19, "\x79": 0x0, "\x7a": 0x0 },
      { "\x65\x6c\x65\x6d": "\x48", "\x78": 0x19, "\x79": 0x0, "\x7a": 0x0 },
    ],
    [[0x0, 0x1]],
  ),
  addMol(
    "\x48\x43\x6c\x7c\u6c2f\u5316\u6c2b",
    "\u96d9\u539f\u5b50",
    "\x73\x70\u00b3",
    ["\u76f4\u7dda\u578b", "\x4c\x69\x6e\x65\x61\x72"],
    "\x2d",
    "\x2d\x31\x31\x34\x2e\x32",
    "\x2d\x38\x35\x2e\x31",
    [
      { "\x65\x6c\x65\x6d": "\x43\x6c", "\x78": -0x1c, "\x79": 0x0, "\x7a": 0x0 },
      { "\x65\x6c\x65\x6d": "\x48", "\x78": 0x1c, "\x79": 0x0, "\x7a": 0x0 },
    ],
    [[0x0, 0x1]],
  ),
  addMol(
    "\x48\x42\x72\x7c\u6eb4\u5316\u6c2b",
    "\u96d9\u539f\u5b50",
    "\x73\x70\u00b3",
    ["\u76f4\u7dda\u578b", "\x4c\x69\x6e\x65\x61\x72"],
    "\x2d",
    "\x2d\x38\x36\x2e\x38",
    "\x2d\x36\x36\x2e\x34",
    [
      { "\x65\x6c\x65\x6d": "\x42\x72", "\x78": -0x1e, "\x79": 0x0, "\x7a": 0x0 },
      { "\x65\x6c\x65\x6d": "\x48", "\x78": 0x1e, "\x79": 0x0, "\x7a": 0x0 },
    ],
    [[0x0, 0x1]],
  ),
  addMol(
    "\x48\x49\x7c\u7898\u5316\u6c2b",
    "\u96d9\u539f\u5b50",
    "\x73\x70\u00b3",
    ["\u76f4\u7dda\u578b", "\x4c\x69\x6e\x65\x61\x72"],
    "\x2d",
    "\x2d\x35\x30\x2e\x38",
    "\x2d\x33\x35\x2e\x34",
    [
      { "\x65\x6c\x65\x6d": "\x49", "\x78": -0x21, "\x79": 0x0, "\x7a": 0x0 },
      { "\x65\x6c\x65\x6d": "\x48", "\x78": 0x21, "\x79": 0x0, "\x7a": 0x0 },
    ],
    [[0x0, 0x1]],
  ),
  ["\x43\x4f", "\x4e\x4f", "\x43\x4e\x20\x2d", "\x48\x46", "\x48\x43\x6c", "\x48\x42\x72", "\x48\x49"]["\x66\x6f\x72\x45\x61\x63\x68"]((_0x5dc4a0) => {
    if (MOLECULE_DB[_0x5dc4a0]) MOLECULE_DB[_0x5dc4a0]["\x70\x67"] = "\x43\x69\x6e\x66\x76";
  }),
  ["\x4f\x32\x20\x32\x2d", "\x43\x32\x20\x32\x2d"]["\x66\x6f\x72\x45\x61\x63\x68"]((_0x19986c) => {
    if (MOLECULE_DB[_0x19986c]) MOLECULE_DB[_0x19986c]["\x70\x67"] = "\x44\x69\x6e\x66\x68";
  }),
  addMol(
    "\x43\x48\x34\x7c\u7532\u70f7",
    "\x43",
    "\x73\x70\u00b3",
    ["\u56db\u9762\u9ad4", "\x54\x65\x74\x72\x61\x68\x65\x64\x72\x61\x6c"],
    "\x31\x30\x39\x2e\x35\u00b0",
    "\x2d\x31\x38\x32\x2e\x35",
    "\x2d\x31\x36\x31\x2e\x35",
    getTetra("\x43", "\x48", 0x32),
    [
      [0x0, 0x1],
      [0x0, 0x2],
      [0x0, 0x3],
      [0x0, 0x4],
    ],
    null,
    "\x3c\x64\x69\x76\x20\x63\x6c\x61\x73\x73\x3d\x22\x69\x6e\x66\x6f\x2d\x73\x65\x63\x74\x69\x6f\x6e\x22\x3e\x0a\x20\x20\x20\x20\x20\x20\x20\x20\x3c\x64\x69\x76\x20\x63\x6c\x61\x73\x73\x3d\x22\x69\x6e\x66\x6f\x2d\x74\x69\x74\x6c\x65\x22\x3e\u2697\ufe0f\x20\u7269\u8cea\u6027\u8cea\x3c\x2f\x64\x69\x76\x3e\x0a\x20\x20\x20\x20\x20\x20\x20\x20\x3c\x64\x69\x76\x20\x63\x6c\x61\x73\x73\x3d\x22\x69\x6e\x66\x6f\x2d\x62\x6f\x64\x79\x22\x3e\x0a\x20\x20\x20\x20\x20\x20\x20\x20\x20\x20\x20\x20\x3c\x73\x70\x61\x6e\x20\x63\x6c\x61\x73\x73\x3d\x22\x68\x69\x67\x68\x6c\x69\x67\x68\x74\x2d\x74\x69\x74\x6c\x65\x22\x3e\x31\x2e\x20\u7acb\u9ad4\u7d50\u69cb\uff1a\x3c\x2f\x73\x70\x61\x6e\x3e\u4e2d\u5fc3\u78b3\u539f\u5b50\u63a1\u53d6\x20\x3c\x73\x74\x72\x6f\x6e\x67\x3e\x73\x70\u00b3\x20\u6df7\u6210\u8ecc\u57df\x3c\x2f\x73\x74\x72\x6f\x6e\x67\x3e\u3002\u7531\u65bc\u5468\u570d\u9023\u63a5\u56db\u500b\u76f8\u540c\u7684\u6c2b\u539f\u5b50\u4e14\u7121\u5b64\u5c0d\u96fb\u5b50\uff0c\u56db\u500b\x20\x43\x2d\x48\x20\u9375\u4e4b\u9593\u7684\u96fb\u5b50\u65a5\u529b\u5b8c\u5168\u5747\u7b49\uff0c\u69cb\u6210\u4e86\u5b8c\u7f8e\u7684\x3c\x73\x74\x72\x6f\x6e\x67\x3e\u6b63\u56db\u9762\u9ad4\x3c\x2f\x73\x74\x72\x6f\x6e\x67\x3e\u7d50\u69cb\uff0c\u9375\u89d2\u70ba\x20\x3c\x73\x74\x72\x6f\x6e\x67\x3e\x31\x30\x39\x2e\x35\u00b0\x3c\x2f\x73\x74\x72\x6f\x6e\x67\x3e\u3002\x3c\x62\x72\x3e\x0a\x20\x20\x20\x20\x20\x20\x20\x20\x20\x20\x20\x20\x3c\x73\x70\x61\x6e\x20\x63\x6c\x61\x73\x73\x3d\x22\x68\x69\x67\x68\x6c\x69\x67\x68\x74\x2d\x74\x69\x74\x6c\x65\x22\x3e\x32\x2e\x20\u7269\u7406\u6027\u8cea\uff1a\x3c\x2f\x73\x70\x61\x6e\x3e\u5e38\u6eab\u5e38\u58d3\u4e0b\u70ba\u7121\u8272\u3001\u7121\u5473\u3001\u7121\u6bd2\u7684\u6c23\u9ad4\uff08\u5bb6\u7528\u5929\u7136\u6c23\u7684\u81ed\u5473\u662f\u70ba\u4e86\u5b89\u5168\u800c\u6dfb\u52a0\u7684\u786b\u9187\uff09\u3002\u5c6c\u65bc\u5b8c\u5168\u5c0d\u7a31\u7684\x3c\x73\x74\x72\x6f\x6e\x67\x3e\u975e\u6975\u6027\u5206\u5b50\x3c\x2f\x73\x74\x72\x6f\x6e\x67\x3e\uff0c\u96e3\u6eb6\u65bc\u6c34\u3002\u7531\u65bc\u5206\u5b50\u91cf\u5c0f\u4e14\u5206\u5b50\u9593\u50c5\u6709\u5fae\u5f31\u7684\x3c\x73\x74\x72\x6f\x6e\x67\x3e\u51e1\u5f97\u74e6\u529b\x3c\x2f\x73\x74\x72\x6f\x6e\x67\x3e\uff08\u502b\u6566\u5206\u6563\u529b\uff09\uff0c\u56e0\u6b64\u7194\u6cb8\u9ede\u6975\u4f4e\u3002\x3c\x62\x72\x3e\x0a\x20\x20\x20\x20\x20\x20\x20\x20\x20\x20\x20\x20\x3c\x73\x70\x61\x6e\x20\x63\x6c\x61\x73\x73\x3d\x22\x68\x69\x67\x68\x6c\x69\x67\x68\x74\x2d\x74\x69\x74\x6c\x65\x22\x3e\x33\x2e\x20\u5316\u5b78\u6027\u8cea\uff1a\x3c\x2f\x73\x70\x61\x6e\x3e\u5316\u5b78\u6027\u8cea\u76f8\u7576\u7a69\u5b9a\uff0c\u5728\u4e00\u822c\u689d\u4ef6\u4e0b\u4e0d\u8207\u5f37\u9178\u3001\u5f37\u9e7c\u6216\u5f37\u6c27\u5316\u5291\u53cd\u61c9\u3002\u5177\u6709\u53ef\u71c3\u6027\uff0c\u5728\u7a7a\u6c23\u4e2d\u5b8c\u5168\u71c3\u71d2\u751f\u6210\u4e8c\u6c27\u5316\u78b3\u8207\u6c34\uff1b\u5728\u7d2b\u5916\u7dda\u5149\u7167\u4e0b\uff0c\u53ef\u8207\u9e75\u7d20\uff08\u5982\u6c2f\u6c23\uff09\u767c\u751f\u9023\u9396\u7684\x3c\x73\x74\x72\x6f\x6e\x67\x3e\u81ea\u7531\u57fa\u53d6\u4ee3\u53cd\u61c9\x3c\x2f\x73\x74\x72\x6f\x6e\x67\x3e\u3002\x0a\x20\x20\x20\x20\x20\x20\x20\x20\x3c\x2f\x64\x69\x76\x3e\x0a\x20\x20\x20\x20\x3c\x2f\x64\x69\x76\x3e\x0a\x20\x20\x20\x20\x3c\x64\x69\x76\x20\x63\x6c\x61\x73\x73\x3d\x22\x69\x6e\x66\x6f\x2d\x73\x65\x63\x74\x69\x6f\x6e\x22\x20\x73\x74\x79\x6c\x65\x3d\x22\x6d\x61\x72\x67\x69\x6e\x2d\x74\x6f\x70\x3a\x20\x31\x32\x70\x78\x3b\x20\x62\x6f\x72\x64\x65\x72\x2d\x74\x6f\x70\x3a\x20\x31\x70\x78\x20\x64\x61\x73\x68\x65\x64\x20\x72\x67\x62\x61\x28\x32\x35\x35\x2c\x32\x35\x35\x2c\x32\x35\x35\x2c\x30\x2e\x32\x29\x3b\x20\x70\x61\x64\x64\x69\x6e\x67\x2d\x74\x6f\x70\x3a\x20\x31\x30\x70\x78\x3b\x22\x3e\x0a\x20\x20\x20\x20\x20\x20\x20\x20\x3c\x64\x69\x76\x20\x63\x6c\x61\x73\x73\x3d\x22\x69\x6e\x66\x6f\x2d\x74\x69\x74\x6c\x65\x22\x3e\ud83c\udfed\x20\u751f\u6d3b\u61c9\u7528\x3c\x2f\x64\x69\x76\x3e\x0a\x20\x20\x20\x20\x20\x20\x20\x20\x3c\x64\x69\x76\x20\x63\x6c\x61\x73\x73\x3d\x22\x69\x6e\x66\x6f\x2d\x62\x6f\x64\x79\x22\x3e\x0a\x20\x20\x20\x20\x20\x20\x20\x20\x20\x20\x20\x20\x3c\x73\x70\x61\x6e\x20\x63\x6c\x61\x73\x73\x3d\x22\x68\x69\x67\x68\x6c\x69\x67\x68\x74\x2d\x74\x69\x74\x6c\x65\x22\x3e\x31\x2e\x20\u6f54\u6de8\u80fd\u6e90\x20\x28\u5929\u7136\u6c23\x29\uff1a\x3c\x2f\x73\x70\x61\x6e\x3e\u7532\u70f7\u662f\x3c\x73\x74\x72\x6f\x6e\x67\x3e\u5929\u7136\u6c23\x3c\x2f\x73\x74\x72\x6f\x6e\x67\x3e\u7684\u4e3b\u8981\u6210\u5206\x20\x28\u542b\u91cf\u7d04\x20\x39\x30\x25\x20\u4ee5\u4e0a\x29\u3002\u5176\u6c2b\u78b3\u6bd4\x20\x28\x48\x2f\x43\x20\x72\x61\x74\x69\x6f\x29\x20\u662f\u6240\u6709\u70f4\u985e\u4e2d\u6700\u9ad8\u7684\uff0c\u56e0\u6b64\u71c3\u71d2\u6642\u7522\u751f\u7684\u55ae\u4f4d\u71b1\u503c\u6975\u9ad8\uff0c\u4e14\u78b3\u6392\u653e\u91cf\u9060\u4f4e\u65bc\u7164\u70ad\u8207\u77f3\u6cb9\uff0c\u662f\u73fe\u4ee3\u767c\u96fb\u8207\u5bb6\u5ead\u70f9\u98ea\u7684\u91cd\u8981\u71c3\u6599\u3002\x3c\x62\x72\x3e\x0a\x20\x20\x20\x20\x20\x20\x20\x20\x20\x20\x20\x20\x3c\x73\x70\x61\x6e\x20\x63\x6c\x61\x73\x73\x3d\x22\x68\x69\x67\x68\x6c\x69\x67\x68\x74\x2d\x74\x69\x74\x6c\x65\x22\x3e\x32\x2e\x20\u672a\u4f86\u80fd\u6e90\x20\x28\u53ef\u71c3\u51b0\x29\uff1a\x3c\x2f\x73\x70\x61\x6e\x3e\u5728\u6df1\u6d77\u9ad8\u58d3\u4f4e\u6eab\u7684\u74b0\u5883\u4e0b\uff0c\u7532\u70f7\u5206\u5b50\u6703\u88ab\u6c34\u5206\u5b50\u5305\u8986\uff0c\u5f62\u6210\u7c60\u72c0\u7d50\u6676\u7d50\u69cb\u7684\x3c\x73\x74\x72\x6f\x6e\x67\x3e\u300c\u7532\u70f7\u6c34\u5408\u7269\u300d\x3c\x2f\x73\x74\x72\x6f\x6e\x67\x3e\u3002\u5916\u89c0\u6676\u7469\u5254\u900f\u50cf\u51b0\u584a\uff0c\u537b\u53ef\u4ee5\u76f4\u63a5\u9ede\u706b\u71c3\u71d2\uff0c\u5176\u860a\u85cf\u91cf\u6975\u5927\uff0c\u88ab\u8996\u70ba\u672a\u4f86\u6700\u5177\u6f5b\u529b\u7684\u6230\u7565\u80fd\u6e90\u3002\x3c\x62\x72\x3e\x0a\x20\x20\x20\x20\x20\x20\x20\x20\x20\x20\x20\x20\x3c\x73\x70\x61\x6e\x20\x63\x6c\x61\x73\x73\x3d\x22\x68\x69\x67\x68\x6c\x69\x67\x68\x74\x2d\x74\x69\x74\x6c\x65\x22\x3e\x33\x2e\x20\u6eab\u5ba4\u6c23\u9ad4\u6548\u61c9\uff1a\x3c\x2f\x73\x70\x61\x6e\x3e\u96d6\u7136\u5927\u6c23\u4e2d\u542b\u91cf\u9060\u4f4e\u65bc\u4e8c\u6c27\u5316\u78b3\uff0c\u4f46\u7532\u70f7\u7684\x3c\x73\x74\x72\x6f\x6e\x67\x3e\u5168\u7403\u6696\u5316\u6f5b\u52e2\x20\x28\x47\x57\x50\x29\x3c\x2f\x73\x74\x72\x6f\x6e\x67\x3e\x20\u7d04\u662f\x20\x43\x4f\u2082\x20\u7684\x20\x32\x35\x20\u500d\u3002\u9019\u662f\u56e0\u70ba\u5176\u5206\u5b50\u7d50\u69cb\u4e2d\x20\x43\x2d\x48\x20\u9375\u7684\u7279\u5b9a\u9707\u52d5\u6a21\u5f0f\uff0c\u80fd\u975e\u5e38\u6709\u6548\u5730\u5438\u6536\u5730\u8868\u53cd\u5c04\u7684\u7d05\u5916\u7dda\u8f3b\u5c04\u71b1\uff0c\u662f\u9020\u6210\u6c23\u5019\u8b8a\u9077\u7684\u95dc\u9375\u6c23\u9ad4\u4e4b\u4e00\u3002\x0a\x20\x20\x20\x20\x20\x20\x20\x20\x3c\x2f\x64\x69\x76\x3e\x0a\x20\x20\x20\x20\x3c\x2f\x64\x69\x76\x3e",
    "\x54\x64",
  ),
  addMol(
    "\x53\x69\x48\x34\x7c\u77fd\u70f7",
    "\x53\x69",
    "\x73\x70\u00b3",
    ["\u56db\u9762\u9ad4", "\x54\x65\x74\x72\x61\x68\x65\x64\x72\x61\x6c"],
    "\x31\x30\x39\x2e\x35\u00b0",
    "\x2d\x31\x38\x35",
    "\x2d\x31\x31\x32",
    getTetra("\x53\x69", "\x48", 0x37),
    [
      [0x0, 0x1],
      [0x0, 0x2],
      [0x0, 0x3],
      [0x0, 0x4],
    ],
    null,
    null,
    "\x54\x64",
  ),
  addMol(
    "\x4e\x48\x33\x7c\u6c28\u7cfb\u5217",
    "\x4e",
    "\x73\x70\u00b3",
    ["\u89d2\u9310\u5f62", "\x50\x79\x72\x61\x6d\x69\x64\x61\x6c"],
    "\x31\x30\x36\x2e\x37\u00b0",
    "\x2d\x37\x37\x2e\x37",
    "\x2d\x33\x33\x2e\x33",
    [],
    [],
    {
      "\x4e\x48\x33\x7c\u6c28\x7c\u6c28\u6c23": {
        "\x70\x67": "\x43\x33\x76",
        "\x6d\x70": "\x2d\x37\x37\x2e\x37",
        "\x62\x70": "\x2d\x33\x33\x2e\x33",
        "\x64\x65\x73\x63": "\x3c\x73\x74\x72\x6f\x6e\x67\x3e\u6c28\x20\x28\x41\x6d\x6d\x6f\x6e\x69\x61\x29\x3c\x2f\x73\x74\x72\x6f\x6e\x67\x3e\x3c\x62\x72\x3e\u4e09\u89d2\u9310\u5f62\uff0c\u5177\u6709\u4e00\u5c0d\u5b64\u5c0d\u96fb\u5b50\uff0c\u70ba\u5f31\u9e7c\u3002",
        "\x61\x74\x6f\x6d\x73": [
          { "\x65\x6c\x65\x6d": "\x4e", "\x78": 0x0, "\x79": 0xa, "\x7a": 0x0, "\x6c\x70\x43\x6f\x75\x6e\x74": 0x1 },
          { "\x65\x6c\x65\x6d": "\x48", "\x78": 0x0, "\x79": -0x19, "\x7a": 0x28 },
          { "\x65\x6c\x65\x6d": "\x48", "\x78": 0x23, "\x79": -0x19, "\x7a": -0x14 },
          { "\x65\x6c\x65\x6d": "\x48", "\x78": -0x23, "\x79": -0x19, "\x7a": -0x14 },
        ],
        "\x62\x6f\x6e\x64\x73": [
          [0x0, 0x1],
          [0x0, 0x2],
          [0x0, 0x3],
        ],
      },
      "\x4e\x48\x34\x20\x2b\x7c\u92a8\u6839\u96e2\u5b50\x7c\u92a8\u96e2\u5b50\x7c\u92a8\u6839": {
        "\x70\x67": "\x54\x64",
        "\x6d\x70": "\x2d",
        "\x62\x70": "\x2d",
        "\x64\x65\x73\x63": "\x3c\x73\x74\x72\x6f\x6e\x67\x3e\u92a8\u96e2\u5b50\x3c\x2f\x73\x74\x72\x6f\x6e\x67\x3e\x3c\x62\x72\x3e\u6b63\u56db\u9762\u9ad4\u7d50\u69cb\uff0c\u662f\u6c28\u6c23\u8207\u6c2b\u96e2\u5b50\u7d50\u5408\u7684\u7522\u7269\u3002",
        "\x61\x74\x6f\x6d\x73": getTetra("\x4e", "\x48", 0x32),
        "\x62\x6f\x6e\x64\x73": [
          [0x0, 0x1],
          [0x0, 0x2],
          [0x0, 0x3],
          [0x0, 0x4],
        ],
      },
      "\x4e\x48\x32\x20\x2d\x7c\u80fa\u57fa\u9670\u96e2\u5b50\x7c\u80fa\u57fa\u8ca0\u96e2\u5b50": {
        "\x70\x67": "\x43\x32\x76",
        "\x6d\x70": "\x2d",
        "\x62\x70": "\x2d",
        "\x64\x65\x73\x63": "\x3c\x73\x74\x72\x6f\x6e\x67\x3e\u80fa\u57fa\u8ca0\u96e2\u5b50\x3c\x2f\x73\x74\x72\x6f\x6e\x67\x3e\x3c\x62\x72\x3e\u6c28\u5931\u53bb\u4e00\u500b\u8cea\u5b50\u5f8c\u7684\u5f37\u9e7c\u6027\u9670\u96e2\u5b50\uff0c\x56\u578b\u7d50\u69cb\uff0c\u6709\u5169\u5c0d\u5b64\u5c0d\u96fb\u5b50\u3002",
        "\x61\x74\x6f\x6d\x73": [
          { "\x65\x6c\x65\x6d": "\x4e", "\x78": 0x0, "\x79": 0x5, "\x7a": 0x0, "\x6c\x70\x43\x6f\x75\x6e\x74": 0x2 },
          { "\x65\x6c\x65\x6d": "\x48", "\x78": 0x23, "\x79": -0x1e, "\x7a": 0x0 },
          { "\x65\x6c\x65\x6d": "\x48", "\x78": -0x23, "\x79": -0x1e, "\x7a": 0x0 },
        ],
        "\x62\x6f\x6e\x64\x73": [
          [0x0, 0x1],
          [0x0, 0x2],
        ],
      },
    },
    null,
    "\x2d",
    "\x61\x63\x69\x64",
  ),
  addMol(
    "\x50\x48\x33\x7c\u78f7\u5316\u6c2b\u7cfb\u5217",
    "\x50",
    "\x73\x70\u00b3",
    ["\u89d2\u9310\u5f62", "\x50\x79\x72\x61\x6d\x69\x64\x61\x6c"],
    "\x39\x33\x2e\x33\u00b0",
    "\x2d\x31\x33\x33\x2e\x38",
    "\x2d\x38\x37\x2e\x37",
    [],
    [],
    {
      "\x50\x48\x33\x7c\u78f7\u5316\u6c2b": {
        "\x70\x67": "\x43\x33\x76",
        "\x6d\x70": "\x2d\x31\x33\x33\x2e\x38",
        "\x62\x70": "\x2d\x38\x37\x2e\x37",
        "\x64\x65\x73\x63": "\x3c\x73\x74\x72\x6f\x6e\x67\x3e\u78f7\u5316\u6c2b\x3c\x2f\x73\x74\x72\x6f\x6e\x67\x3e\x3c\x62\x72\x3e\u5287\u6bd2\u6c23\u9ad4\uff0c\u9375\u89d2\u63a5\u8fd1\x39\x30\u5ea6\x28\x70\u8ecc\u57df\u7279\u6027\x29\uff0c\u4f46\x56\x53\x45\x50\x52\u8996\u70ba\x73\x70\u00b3\u3002",
        "\x61\x74\x6f\x6d\x73": [
          { "\x65\x6c\x65\x6d": "\x50", "\x78": 0x0, "\x79": 0xf, "\x7a": 0x0, "\x6c\x70\x43\x6f\x75\x6e\x74": 0x1 },
          { "\x65\x6c\x65\x6d": "\x48", "\x78": 0x0, "\x79": -0x1e, "\x7a": 0x2d },
          { "\x65\x6c\x65\x6d": "\x48", "\x78": 0x27, "\x79": -0x1e, "\x7a": -0x16 },
          { "\x65\x6c\x65\x6d": "\x48", "\x78": -0x27, "\x79": -0x1e, "\x7a": -0x16 },
        ],
        "\x62\x6f\x6e\x64\x73": [
          [0x0, 0x1],
          [0x0, 0x2],
          [0x0, 0x3],
        ],
      },
      "\x50\x48\x34\x20\x2b\x7c\u93fb\u96e2\u5b50": {
        "\x70\x67": "\x54\x64",
        "\x6d\x70": "\x2d",
        "\x62\x70": "\x2d",
        "\x64\x65\x73\x63": "\x3c\x73\x74\x72\x6f\x6e\x67\x3e\u93fb\u96e2\u5b50\x3c\x2f\x73\x74\x72\x6f\x6e\x67\x3e\x3c\x62\x72\x3e\u7d50\u69cb\u985e\u4f3c\u92a8\u6839\uff0c\u7531\u81a6\u8207\u6c2b\u96e2\u5b50\u5f62\u6210\u3002",
        "\x61\x74\x6f\x6d\x73": getTetra("\x50", "\x48", 0x37),
        "\x62\x6f\x6e\x64\x73": [
          [0x0, 0x1],
          [0x0, 0x2],
          [0x0, 0x3],
          [0x0, 0x4],
        ],
      },
    },
    null,
    "\x2d",
    "\x61\x63\x69\x64",
  ),
  addMol(
    "\x48\x32\x4f\x7c\u6c34\u7cfb\u5217",
    "\x4f",
    "\x73\x70\u00b3",
    ["\u89d2\u5f62", "\x42\x65\x6e\x74"],
    "\x31\x30\x34\x2e\x35\u00b0",
    "\x30\x2e\x30",
    "\x31\x30\x30\x2e\x30",
    [],
    [],
    {
      "\x48\x32\x4f\x7c\u6c34\x7c\u6c34\u5206\u5b50": {
        "\x70\x67": "\x43\x32\x76",
        "\x6d\x70": "\x30\x2e\x30",
        "\x62\x70": "\x31\x30\x30\x2e\x30",
        "\x64\x65\x73\x63": "\x3c\x73\x74\x72\x6f\x6e\x67\x3e\u6c34\x3c\x2f\x73\x74\x72\x6f\x6e\x67\x3e\x3c\x62\x72\x3e\u751f\u547d\u7684\u57fa\u77f3\uff0c\x56\u578b\u7d50\u69cb\uff0c\u4e2d\u5fc3\u6c27\u539f\u5b50\u6709\u5169\u5c0d\u5b64\u5c0d\u96fb\u5b50\u3002",
        "\x61\x74\x6f\x6d\x73": [
          { "\x65\x6c\x65\x6d": "\x4f", "\x78": 0x0, "\x79": 0x5, "\x7a": 0x0, "\x6c\x70\x43\x6f\x75\x6e\x74": 0x2 },
          { "\x65\x6c\x65\x6d": "\x48", "\x78": 0x26, "\x79": -0x1c, "\x7a": 0x0 },
          { "\x65\x6c\x65\x6d": "\x48", "\x78": -0x26, "\x79": -0x1c, "\x7a": 0x0 },
        ],
        "\x62\x6f\x6e\x64\x73": [
          [0x0, 0x1],
          [0x0, 0x2],
        ],
      },
      "\x48\x33\x4f\x20\x2b\x7c\u6c34\u5408\u6c2b\u96e2\u5b50\x7c\u92de\u96e2\u5b50": {
        "\x70\x67": "\x43\x33\x76",
        "\x6d\x70": "\x2d",
        "\x62\x70": "\x2d",
        "\x64\x65\x73\x63": "\x3c\x73\x74\x72\x6f\x6e\x67\x3e\u6c34\u5408\u6c2b\u96e2\u5b50\x3c\x2f\x73\x74\x72\x6f\x6e\x67\x3e\x3c\x62\x72\x3e\u6c34\u4e2d\u6c2b\u96e2\u5b50\u7684\u5be6\u969b\u5b58\u5728\u5f62\u5f0f\uff0c\u4e09\u89d2\u9310\u5f62\u3002",
        "\x61\x74\x6f\x6d\x73": [
          { "\x65\x6c\x65\x6d": "\x4f", "\x78": 0x0, "\x79": 0xa, "\x7a": 0x0, "\x6c\x70\x43\x6f\x75\x6e\x74": 0x1 },
          { "\x65\x6c\x65\x6d": "\x48", "\x78": 0x0, "\x79": -0x19, "\x7a": 0x28 },
          { "\x65\x6c\x65\x6d": "\x48", "\x78": 0x23, "\x79": -0x19, "\x7a": -0x14 },
          { "\x65\x6c\x65\x6d": "\x48", "\x78": -0x23, "\x79": -0x19, "\x7a": -0x14 },
        ],
        "\x62\x6f\x6e\x64\x73": [
          [0x0, 0x1],
          [0x0, 0x2],
          [0x0, 0x3],
        ],
      },
      "\x4f\x48\x20\x2d\x7c\u6c2b\u6c27\u6839\x7c\u6c2b\u6c27\u6839\u96e2\u5b50": {
        "\x70\x67": "\x43\x69\x6e\x66\x76",
        "\x6d\x70": "\x2d",
        "\x62\x70": "\x2d",
        "\x64\x65\x73\x63": "\x3c\x73\x74\x72\x6f\x6e\x67\x3e\u6c2b\u6c27\u6839\x3c\x2f\x73\x74\x72\x6f\x6e\x67\x3e\x3c\x62\x72\x3e\u5f37\u9e7c\u7684\u7279\u5fb5\u96e2\u5b50\uff0c\u6c27\u539f\u5b50\u5468\u570d\u6709\u4e09\u5c0d\u5b64\u5c0d\u96fb\u5b50\uff0c\u5e36\u8ca0\u96fb\u3002",
        "\x61\x74\x6f\x6d\x73": [
          { "\x65\x6c\x65\x6d": "\x4f", "\x78": -0x14, "\x79": 0x0, "\x7a": 0x0, "\x6c\x70\x43\x6f\x75\x6e\x74": 0x3 },
          { "\x65\x6c\x65\x6d": "\x48", "\x78": 0x19, "\x79": 0x0, "\x7a": 0x0 },
        ],
        "\x62\x6f\x6e\x64\x73": [[0x0, 0x1]],
      },
    },
    null,
    "\x2d",
    "\x61\x63\x69\x64",
  ),
  addMol(
    "\x48\x32\x53\x7c\u786b\u5316\u6c2b\u7cfb\u5217",
    "\x53",
    "\x73\x70\u00b3",
    ["\u89d2\u5f62", "\x42\x65\x6e\x74"],
    "\x39\x32\x2e\x31\u00b0",
    "\x2d\x38\x35\x2e\x35",
    "\x2d\x36\x30\x2e\x33",
    [],
    [],
    {
      "\x48\x32\x53\x7c\u786b\u5316\u6c2b\x7c\u6c2b\u786b\u9178": {
        "\x70\x67": "\x43\x32\x76",
        "\x6d\x70": "\x2d\x38\x35\x2e\x35",
        "\x62\x70": "\x2d\x36\x30\x2e\x33",
        "\x64\x65\x73\x63": "\x3c\x73\x74\x72\x6f\x6e\x67\x3e\u786b\u5316\u6c2b\x3c\x2f\x73\x74\x72\x6f\x6e\x67\x3e\x3c\x62\x72\x3e\u5177\u6709\u8150\u6557\u96de\u86cb\u5473\u7684\u6c23\u9ad4\uff0c\x56\u578b\u7d50\u69cb\u3002",
        "\x61\x74\x6f\x6d\x73": [
          { "\x65\x6c\x65\x6d": "\x53", "\x78": 0x0, "\x79": 0x5, "\x7a": 0x0, "\x6c\x70\x43\x6f\x75\x6e\x74": 0x2 },
          { "\x65\x6c\x65\x6d": "\x48", "\x78": 0x28, "\x79": -0x23, "\x7a": 0x0 },
          { "\x65\x6c\x65\x6d": "\x48", "\x78": -0x28, "\x79": -0x23, "\x7a": 0x0 },
        ],
        "\x62\x6f\x6e\x64\x73": [
          [0x0, 0x1],
          [0x0, 0x2],
        ],
      },
      "\x48\x53\x20\x2d\x7c\u786b\u6c2b\u6839": {
        "\x70\x67": "\x43\x69\x6e\x66\x76",
        "\x6d\x70": "\x2d",
        "\x62\x70": "\x2d",
        "\x64\x65\x73\x63": "\x3c\x73\x74\x72\x6f\x6e\x67\x3e\u6c2b\u786b\u6839\x3c\x2f\x73\x74\x72\x6f\x6e\x67\x3e\x3c\x62\x72\x3e\u786b\u5316\u6c2b\u7684\u4e00\u7d1a\u89e3\u96e2\u7522\u7269\uff0c\u786b\u539f\u5b50\u6709\u4e09\u5c0d\u5b64\u5c0d\u96fb\u5b50\u3002",
        "\x61\x74\x6f\x6d\x73": [
          { "\x65\x6c\x65\x6d": "\x53", "\x78": -0x14, "\x79": 0x0, "\x7a": 0x0, "\x6c\x70\x43\x6f\x75\x6e\x74": 0x3 },
          { "\x65\x6c\x65\x6d": "\x48", "\x78": 0x1e, "\x79": 0x0, "\x7a": 0x0 },
        ],
        "\x62\x6f\x6e\x64\x73": [[0x0, 0x1]],
      },
    },
    null,
    "\x2d",
    "\x61\x63\x69\x64",
  ));
const halideProps = {
    "\x42\x46\x33": ["\x2d\x31\x32\x36\x2e\x38", "\x2d\x31\x30\x30\x2e\x33"],
    "\x42\x43\x6c\x33": ["\x2d\x31\x30\x37", "\x31\x32\x2e\x36"],
    "\x42\x42\x72\x33": ["\x2d\x34\x36", "\x39\x31\x2e\x33"],
    "\x42\x49\x33": ["\x34\x39\x2e\x39", "\x32\x31\x30"],
    "\x41\x6c\x46\x33": ["\x31\x32\x39\x30\x20\x28\u6607\u83ef\x29", "\x2d"],
    "\x41\x6c\x43\x6c\x33": ["\x31\x39\x32\x2e\x34", "\x31\x32\x30\x20\x28\u6607\u83ef\x29"],
    "\x41\x6c\x42\x72\x33": ["\x39\x37\x2e\x35", "\x32\x35\x35"],
    "\x41\x6c\x49\x33": ["\x31\x39\x31", "\x33\x36\x30"],
    "\x43\x46\x34": ["\x2d\x31\x38\x33\x2e\x36", "\x2d\x31\x32\x37\x2e\x38"],
    "\x43\x43\x6c\x34": ["\x2d\x32\x32\x2e\x39", "\x37\x36\x2e\x37"],
    "\x43\x42\x72\x34": ["\x39\x30\x2e\x31", "\x31\x38\x39\x2e\x35"],
    "\x43\x49\x34": ["\x31\x37\x31\x20\x28\u5206\u89e3\x29", "\x2d"],
    "\x53\x69\x46\x34": ["\x2d\x39\x30", "\x2d\x38\x36\x20\x28\u6607\u83ef\x29"],
    "\x53\x69\x43\x6c\x34": ["\x2d\x37\x30", "\x35\x37\x2e\x37"],
    "\x53\x69\x42\x72\x34": ["\x35", "\x31\x35\x34"],
    "\x53\x69\x49\x34": ["\x31\x32\x30\x2e\x35", "\x32\x38\x37\x2e\x35"],
    "\x4e\x46\x33": ["\x2d\x32\x30\x36\x2e\x38", "\x2d\x31\x32\x39"],
    "\x4e\x43\x6c\x33": ["\x2d\x34\x30", "\x37\x31"],
    "\x4e\x42\x72\x33": ["\x2d\x31\x30\x30", "\u7206\u70b8"],
    "\x4e\x49\x33": ["\x2d", "\u7206\u70b8"],
    "\x50\x46\x33": ["\x2d\x31\x35\x31\x2e\x35", "\x2d\x31\x30\x31\x2e\x38"],
    "\x50\x43\x6c\x33": ["\x2d\x39\x33\x2e\x36", "\x37\x36\x2e\x31"],
    "\x50\x42\x72\x33": ["\x2d\x34\x31\x2e\x35", "\x31\x37\x33\x2e\x32"],
    "\x50\x49\x33": ["\x36\x31", "\u5206\u89e3"],
    "\x4f\x46\x32": ["\x2d\x32\x32\x33\x2e\x38", "\x2d\x31\x34\x34\x2e\x38"],
    "\x4f\x43\x6c\x32": ["\x2d\x31\x33\x35", "\x32\x2e\x30"],
    "\x4f\x42\x72\x32": ["\x2d", "\x2d"],
    "\x4f\x49\x32": ["\x2d", "\x2d"],
    "\x53\x46\x32": ["\x2d", "\x2d"],
    "\x53\x43\x6c\x32": ["\x2d\x31\x32\x31", "\x35\x39\x20\x28\u5206\u89e3\x29"],
    "\x53\x42\x72\x32": ["\x2d", "\x2d"],
    "\x53\x49\x32": ["\x2d", "\x2d"],
  },
  haloNames = { "\x46": "\u6c1f", "\x43\x6c": "\u6c2f", "\x42\x72": "\u6eb4", "\x49": "\u7898" };
(addMol(
  "\x41\x6c\x32\x43\x6c\x36\x7c\u516d\u6c2f\u5316\u4e8c\u92c1",
  "\x41\x6c",
  "\x73\x70\u00b3",
  ["\u908a\u5c0d\u908a\u96d9\u56db\u9762\u9ad4", "\x45\x64\x67\x65\x2d\x73\x68\x61\x72\x69\x6e\x67\x20\x42\x69\x74\x65\x74\x72\x61\x68\x65\x64\x72\x6f\x6e"],
  "\x37\x39\u00b0\x2c\x20\x39\x31\u00b0\x2c\x20\x31\x32\x33\u00b0",
  "\x31\x39\x32\x2e\x34",
  "\x31\x38\x30\x20\x28\u6607\u83ef\x29",
  [
    { "\x65\x6c\x65\x6d": "\x41\x6c", "\x78": 0x47, "\x79": 0x0, "\x7a": 0x0 },
    { "\x65\x6c\x65\x6d": "\x41\x6c", "\x78": -0x47, "\x79": 0x0, "\x7a": 0x0 },
    { "\x65\x6c\x65\x6d": "\x43\x6c", "\x78": 0x0, "\x79": -0x47, "\x7a": 0x0 },
    { "\x65\x6c\x65\x6d": "\x43\x6c", "\x78": 0x0, "\x79": 0x47, "\x7a": 0x0 },
    { "\x65\x6c\x65\x6d": "\x43\x6c", "\x78": 0x77, "\x79": 0x0, "\x7a": 0x52 },
    { "\x65\x6c\x65\x6d": "\x43\x6c", "\x78": 0x77, "\x79": 0x0, "\x7a": -0x52 },
    { "\x65\x6c\x65\x6d": "\x43\x6c", "\x78": -0x77, "\x79": 0x0, "\x7a": 0x52 },
    { "\x65\x6c\x65\x6d": "\x43\x6c", "\x78": -0x77, "\x79": 0x0, "\x7a": -0x52 },
  ],
  [
    [0x0, 0x2],
    [0x0, 0x3],
    [0x1, 0x2],
    [0x1, 0x3],
    [0x0, 0x4],
    [0x0, 0x5],
    [0x1, 0x6],
    [0x1, 0x7],
  ],
  null,
  null,
  "\x44\x32\x68",
),
  ["\x46", "\x43\x6c", "\x42\x72", "\x49"]["\x66\x6f\x72\x45\x61\x63\x68"]((_0x1bc2a9) => {
    const _0x511bbc = haloNames[_0x1bc2a9];
    let _0x5e8470 = _0x1bc2a9 === "\x46" ? 0x23 : _0x1bc2a9 === "\x43\x6c" ? 0x28 : _0x1bc2a9 === "\x42\x72" ? 0x2d : 0x32,
      _0x44f6f9 = halideProps["\x42" + _0x1bc2a9 + "\x33"] || ["\x2d", "\x2d"];
    (addMol(
      "\x42" + _0x1bc2a9 + "\x33\x7c\u4e09" + _0x511bbc + "\u5316\u787c",
      "\x42",
      "\x73\x70\u00b2",
      ["\u5e73\u9762\u4e09\u89d2\u5f62", "\x54\x72\x69\x67\x6f\x6e\x61\x6c\x20\x50\x6c\x61\x6e\x61\x72"],
      "\x31\x32\x30\u00b0",
      _0x44f6f9[0x0],
      _0x44f6f9[0x1],
      getTrigPlanar("\x42", _0x1bc2a9, 0x23 + _0x5e8470),
      [
        [0x0, 0x1],
        [0x0, 0x2],
        [0x0, 0x3],
      ],
      null,
      null,
      "\x44\x33\x68",
    ),
      (_0x44f6f9 = halideProps["\x41\x6c" + _0x1bc2a9 + "\x33"] || ["\x2d", "\x2d"]),
      addMol(
        "\x41\x6c" + _0x1bc2a9 + "\x33\x7c\u4e09" + _0x511bbc + "\u5316\u92c1",
        "\x41\x6c",
        "\x73\x70\u00b2",
        ["\u5e73\u9762\u4e09\u89d2\u5f62", "\x54\x72\x69\x67\x6f\x6e\x61\x6c\x20\x50\x6c\x61\x6e\x61\x72"],
        "\x31\x32\x30\u00b0",
        _0x44f6f9[0x0],
        _0x44f6f9[0x1],
        getTrigPlanar("\x41\x6c", _0x1bc2a9, 0x28 + _0x5e8470),
        [
          [0x0, 0x1],
          [0x0, 0x2],
          [0x0, 0x3],
        ],
        null,
        null,
        "\x44\x33\x68",
      ),
      (_0x44f6f9 = halideProps["\x43" + _0x1bc2a9 + "\x34"] || ["\x2d", "\x2d"]),
      addMol(
        "\x43" + _0x1bc2a9 + "\x34\x7c\u56db" + _0x511bbc + "\u5316\u78b3\x7c\u56db" + _0x511bbc + "\u7532\u70f7",
        "\x43",
        "\x73\x70\u00b3",
        ["\u56db\u9762\u9ad4", "\x54\x65\x74\x72\x61\x68\x65\x64\x72\x61\x6c"],
        "\x31\x30\x39\x2e\x35\u00b0",
        _0x44f6f9[0x0],
        _0x44f6f9[0x1],
        getTetra("\x43", _0x1bc2a9, 0x23 + _0x5e8470),
        [
          [0x0, 0x1],
          [0x0, 0x2],
          [0x0, 0x3],
          [0x0, 0x4],
        ],
        null,
        null,
        "\x54\x64",
      ));
    _0x1bc2a9 !== "\x43\x6c" &&
      ((_0x44f6f9 = halideProps["\x53\x69" + _0x1bc2a9 + "\x34"] || ["\x2d", "\x2d"]),
      addMol(
        "\x53\x69" + _0x1bc2a9 + "\x34\x7c\u56db" + _0x511bbc + "\u5316\u77fd",
        "\x53\x69",
        "\x73\x70\u00b3",
        ["\u56db\u9762\u9ad4", "\x54\x65\x74\x72\x61\x68\x65\x64\x72\x61\x6c"],
        "\x31\x30\x39\x2e\x35\u00b0",
        _0x44f6f9[0x0],
        _0x44f6f9[0x1],
        getTetra("\x53\x69", _0x1bc2a9, 0x28 + _0x5e8470),
        [
          [0x0, 0x1],
          [0x0, 0x2],
          [0x0, 0x3],
          [0x0, 0x4],
        ],
        null,
        null,
        "\x54\x64",
      ));
    _0x44f6f9 = halideProps["\x4e" + _0x1bc2a9 + "\x33"] || ["\x2d", "\x2d"];
    let _0x29df25 = 0x23 + _0x5e8470,
      _0x2d5c60 = _0x29df25 * 0.85,
      _0x282c89 = _0x29df25 * 0.5;
    addMol(
      "\x4e" + _0x1bc2a9 + "\x33\x7c\u4e09" + _0x511bbc + "\u5316\u6c2e",
      "\x4e",
      "\x73\x70\u00b3",
      ["\u89d2\u9310\u5f62", "\x50\x79\x72\x61\x6d\x69\x64\x61\x6c"],
      _0x1bc2a9 === "\x46" ? "\x31\x30\x32\x2e\x33\u00b0" : _0x1bc2a9 === "\x43\x6c" ? "\x31\x30\x37\x2e\x31\u00b0" : _0x1bc2a9 === "\x42\x72" ? "\x31\x30\x38\u00b0" : "\x31\x31\x30\u00b0",
      _0x44f6f9[0x0],
      _0x44f6f9[0x1],
      [
        { "\x65\x6c\x65\x6d": "\x4e", "\x78": 0x0, "\x79": 0xf, "\x7a": 0x0, "\x6c\x70\x33\x64": [{ "\x78": 0x0, "\x79": 0x1, "\x7a": 0x0 }] },
        { "\x65\x6c\x65\x6d": _0x1bc2a9, "\x78": 0x0, "\x79": -0xa, "\x7a": _0x2d5c60 },
        { "\x65\x6c\x65\x6d": _0x1bc2a9, "\x78": _0x2d5c60 * 0.866, "\x79": -0xa, "\x7a": -_0x2d5c60 * 0.5 },
        { "\x65\x6c\x65\x6d": _0x1bc2a9, "\x78": -_0x2d5c60 * 0.866, "\x79": -0xa, "\x7a": -_0x2d5c60 * 0.5 },
      ],
      [
        [0x0, 0x1],
        [0x0, 0x2],
        [0x0, 0x3],
      ],
      null,
      null,
      "\x43\x33\x76",
    );
    if (_0x1bc2a9 !== "\x43\x6c") {
      _0x44f6f9 = halideProps["\x50" + _0x1bc2a9 + "\x33"] || ["\x2d", "\x2d"];
      let _0x27d152 = 0x28 + _0x5e8470,
        _0x34c8de = _0x27d152 * 0.85,
        _0x15f536 = _0x27d152 * 0.5;
      addMol(
        "\x50" + _0x1bc2a9 + "\x33\x7c\u4e09" + _0x511bbc + "\u5316\u78f7",
        "\x50",
        "\x73\x70\u00b3",
        ["\u89d2\u9310\u5f62", "\x50\x79\x72\x61\x6d\x69\x64\x61\x6c"],
        _0x1bc2a9 === "\x46" ? "\x39\x37\x2e\x38\u00b0" : _0x1bc2a9 === "\x43\x6c" ? "\x31\x30\x30\x2e\x33\u00b0" : _0x1bc2a9 === "\x42\x72" ? "\x31\x30\x31\x2e\x35\u00b0" : "\x31\x30\x32\u00b0",
        _0x44f6f9[0x0],
        _0x44f6f9[0x1],
        [
          { "\x65\x6c\x65\x6d": "\x50", "\x78": 0x0, "\x79": 0x14, "\x7a": 0x0, "\x6c\x70\x33\x64": [{ "\x78": 0x0, "\x79": 0x1, "\x7a": 0x0 }] },
          { "\x65\x6c\x65\x6d": _0x1bc2a9, "\x78": 0x0, "\x79": -0xf, "\x7a": _0x34c8de },
          { "\x65\x6c\x65\x6d": _0x1bc2a9, "\x78": _0x34c8de * 0.866, "\x79": -0xf, "\x7a": -_0x34c8de * 0.5 },
          { "\x65\x6c\x65\x6d": _0x1bc2a9, "\x78": -_0x34c8de * 0.866, "\x79": -0xf, "\x7a": -_0x34c8de * 0.5 },
        ],
        [
          [0x0, 0x1],
          [0x0, 0x2],
          [0x0, 0x3],
        ],
        null,
        null,
        "\x43\x33\x76",
      );
    }
    _0x44f6f9 = halideProps["\x4f" + _0x1bc2a9 + "\x32"] || ["\x2d", "\x2d"];
    let _0x1e2d9d = 0x23 + _0x5e8470;
    (addMol(
      "\x4f" + _0x1bc2a9 + "\x32\x7c\u4e8c" + _0x511bbc + "\u5316\u6c27",
      "\x4f",
      "\x73\x70\u00b3",
      ["\u89d2\u5f62", "\x42\x65\x6e\x74"],
      _0x1bc2a9 === "\x46" ? "\x31\x30\x33\x2e\x33\u00b0" : _0x1bc2a9 === "\x43\x6c" ? "\x31\x31\x30\x2e\x39\u00b0" : "\x31\x31\x34\u00b0",
      _0x44f6f9[0x0],
      _0x44f6f9[0x1],
      [
        { "\x65\x6c\x65\x6d": "\x4f", "\x78": 0x0, "\x79": 0x0, "\x7a": 0x0, "\x6c\x70\x43\x6f\x75\x6e\x74": 0x2 },
        { "\x65\x6c\x65\x6d": _0x1bc2a9, "\x78": _0x1e2d9d * 0.8, "\x79": -_0x1e2d9d * 0.6, "\x7a": 0x0 },
        { "\x65\x6c\x65\x6d": _0x1bc2a9, "\x78": -_0x1e2d9d * 0.8, "\x79": -_0x1e2d9d * 0.6, "\x7a": 0x0 },
      ],
      [
        [0x0, 0x1],
        [0x0, 0x2],
      ],
      null,
      null,
      "\x43\x32\x76",
    ),
      (_0x44f6f9 = halideProps["\x53" + _0x1bc2a9 + "\x32"] || ["\x2d", "\x2d"]));
    let _0x52f027 = 0x28 + _0x5e8470;
    addMol(
      "\x53" + _0x1bc2a9 + "\x32\x7c\u4e8c" + _0x511bbc + "\u5316\u786b",
      "\x53",
      "\x73\x70\u00b3",
      ["\u89d2\u5f62", "\x42\x65\x6e\x74"],
      _0x1bc2a9 === "\x46" ? "\x39\x38\x2e\x32\u00b0" : _0x1bc2a9 === "\x43\x6c" ? "\x31\x30\x32\x2e\x37\u00b0" : "\x31\x30\x34\u00b0",
      _0x44f6f9[0x0],
      _0x44f6f9[0x1],
      [
        { "\x65\x6c\x65\x6d": "\x53", "\x78": 0x0, "\x79": 0x0, "\x7a": 0x0, "\x6c\x70\x43\x6f\x75\x6e\x74": 0x2 },
        { "\x65\x6c\x65\x6d": _0x1bc2a9, "\x78": _0x52f027 * 0.85, "\x79": -_0x52f027 * 0.55, "\x7a": 0x0 },
        { "\x65\x6c\x65\x6d": _0x1bc2a9, "\x78": -_0x52f027 * 0.85, "\x79": -_0x52f027 * 0.55, "\x7a": 0x0 },
      ],
      [
        [0x0, 0x1],
        [0x0, 0x2],
      ],
      null,
      null,
      "\x43\x32\x76",
    );
  }),
  addMol(
    "\x53\x69\x43\x6c\x34\x7c\u56db\u6c2f\u5316\u77fd\x7c\x53\x69\x6c\x69\x63\x6f\x6e\x20\x54\x65\x74\x72\x61\x63\x68\x6c\x6f\x72\x69\x64\x65",
    "\x53\x69",
    "\x73\x70\u00b3",
    ["\u56db\u9762\u9ad4", "\x54\x65\x74\x72\x61\x68\x65\x64\x72\x61\x6c"],
    "\x31\x30\x39\x2e\x35\u00b0",
    "\x2d\x37\x30",
    "\x35\x37\x2e\x37",
    getTetra("\x53\x69", "\x43\x6c", 0x50),
    [
      [0x0, 0x1],
      [0x0, 0x2],
      [0x0, 0x3],
      [0x0, 0x4],
    ],
    null,
    "\x3c\x64\x69\x76\x20\x63\x6c\x61\x73\x73\x3d\x22\x69\x6e\x66\x6f\x2d\x73\x65\x63\x74\x69\x6f\x6e\x22\x3e\x0a\x20\x20\x20\x20\x20\x20\x20\x20\x3c\x64\x69\x76\x20\x63\x6c\x61\x73\x73\x3d\x22\x69\x6e\x66\x6f\x2d\x74\x69\x74\x6c\x65\x22\x3e\u2697\ufe0f\x20\u7269\u8cea\u6027\u8cea\x3c\x2f\x64\x69\x76\x3e\x0a\x20\x20\x20\x20\x20\x20\x20\x20\x3c\x64\x69\x76\x20\x63\x6c\x61\x73\x73\x3d\x22\x69\x6e\x66\x6f\x2d\x62\x6f\x64\x79\x22\x3e\x0a\x20\x20\x20\x20\x20\x20\x20\x20\x20\x20\x20\x20\x3c\x73\x70\x61\x6e\x20\x63\x6c\x61\x73\x73\x3d\x22\x68\x69\x67\x68\x6c\x69\x67\x68\x74\x2d\x74\x69\x74\x6c\x65\x22\x3e\x31\x2e\x20\u7acb\u9ad4\u7d50\u69cb\uff1a\x3c\x2f\x73\x70\x61\x6e\x3e\u4e2d\u5fc3\u77fd\u539f\u5b50\u63a1\u53d6\x20\x3c\x73\x74\x72\x6f\x6e\x67\x3e\x73\x70\u00b3\x20\u6df7\u6210\x3c\x2f\x73\x74\x72\x6f\x6e\x67\x3e\uff0c\u8207\u540c\u65cf\u7684\u56db\u6c2f\u5316\u78b3\x20\x28\x43\x43\x6c\u2084\x29\x20\u5177\u6709\u76f8\u540c\u7684\x3c\x73\x74\x72\x6f\x6e\x67\x3e\u6b63\u56db\u9762\u9ad4\x3c\x2f\x73\x74\x72\x6f\x6e\x67\x3e\u5e7e\u4f55\u7d50\u69cb\uff0c\u9375\u89d2\u70ba\x20\x3c\x73\x74\x72\x6f\x6e\x67\x3e\x31\x30\x39\x2e\x35\u00b0\x3c\x2f\x73\x74\x72\x6f\x6e\x67\x3e\u3002\x3c\x62\x72\x3e\x0a\x20\x20\x20\x20\x20\x20\x20\x20\x20\x20\x20\x20\x3c\x73\x70\x61\x6e\x20\x63\x6c\x61\x73\x73\x3d\x22\x68\x69\x67\x68\x6c\x69\x67\x68\x74\x2d\x74\x69\x74\x6c\x65\x22\x3e\x32\x2e\x20\u7269\u7406\u6027\u8cea\uff1a\x3c\x2f\x73\x70\x61\x6e\x3e\u5e38\u6eab\u4e0b\u70ba\u7121\u8272\u3001\u6613\u63ee\u767c\u7684\u6db2\u9ad4\uff0c\u5177\u6709\u5f37\u70c8\u7684\u523a\u9f3b\u6c23\u5473\u3002\u96d6\u7136\x20\x53\x69\x2d\x43\x6c\x20\u9375\u662f\u6975\u6027\u5171\u50f9\u9375\uff0c\u4f46\u7531\u65bc\u5206\u5b50\u5c0d\u7a31\u6027\u9ad8\uff0c\u5076\u6975\u77e9\u4e92\u76f8\u62b5\u92b7\uff0c\u6574\u9ad4\u70ba\x3c\x73\x74\x72\x6f\x6e\x67\x3e\u975e\u6975\u6027\u5206\u5b50\x3c\x2f\x73\x74\x72\x6f\x6e\x67\x3e\u3002\x3c\x62\x72\x3e\x0a\x20\x20\x20\x20\x20\x20\x20\x20\x20\x20\x20\x20\x3c\x73\x70\x61\x6e\x20\x63\x6c\x61\x73\x73\x3d\x22\x68\x69\x67\x68\x6c\x69\x67\x68\x74\x2d\x74\x69\x74\x6c\x65\x22\x3e\x33\x2e\x20\u5316\u5b78\u6027\u8cea\uff1a\x3c\x2f\x73\x70\x61\x6e\x3e\u8207\u5316\u5b78\u6027\u8cea\u5b89\u5b9a\u7684\x20\x43\x43\x6c\u2084\x20\u4e0d\u540c\uff0c\x53\x69\x43\x6c\u2084\x20\u6975\u6613\u767c\u751f\x3c\x73\x74\x72\x6f\x6e\x67\x3e\u6c34\u89e3\u53cd\u61c9\x3c\x2f\x73\x74\x72\x6f\x6e\x67\x3e\u3002\u9019\u662f\u56e0\u70ba\u77fd\u539f\u5b50\u7684\u539f\u5b50\u534a\u5f91\u8f03\u5927\uff0c\u4e14\u64c1\u6709\x3c\x73\x74\x72\x6f\x6e\x67\x3e\u7a7a\x20\x64\x20\u8ecc\u57df\x3c\x2f\x73\x74\x72\x6f\x6e\x67\x3e\uff0c\u80fd\u63a5\u53d7\u6c34\u5206\u5b50\u7684\u6c27\u539f\u5b50\u9032\u884c\u89aa\u6838\u653b\u64ca\uff0c\u53cd\u61c9\u5f8c\u751f\u6210\u77fd\u9178\u4e26\u7522\u751f\u5927\u91cf\u7684\u6c2f\u5316\u6c2b\x20\x28\x48\x43\x6c\x29\x20\u767d\u7159\u3002\x0a\x20\x20\x20\x20\x20\x20\x20\x20\x3c\x2f\x64\x69\x76\x3e\x0a\x20\x20\x20\x20\x3c\x2f\x64\x69\x76\x3e\x0a\x20\x20\x20\x20\x3c\x64\x69\x76\x20\x63\x6c\x61\x73\x73\x3d\x22\x69\x6e\x66\x6f\x2d\x73\x65\x63\x74\x69\x6f\x6e\x22\x20\x73\x74\x79\x6c\x65\x3d\x22\x6d\x61\x72\x67\x69\x6e\x2d\x74\x6f\x70\x3a\x20\x31\x32\x70\x78\x3b\x20\x62\x6f\x72\x64\x65\x72\x2d\x74\x6f\x70\x3a\x20\x31\x70\x78\x20\x64\x61\x73\x68\x65\x64\x20\x72\x67\x62\x61\x28\x32\x35\x35\x2c\x32\x35\x35\x2c\x32\x35\x35\x2c\x30\x2e\x32\x29\x3b\x20\x70\x61\x64\x64\x69\x6e\x67\x2d\x74\x6f\x70\x3a\x20\x31\x30\x70\x78\x3b\x22\x3e\x0a\x20\x20\x20\x20\x20\x20\x20\x20\x3c\x64\x69\x76\x20\x63\x6c\x61\x73\x73\x3d\x22\x69\x6e\x66\x6f\x2d\x74\x69\x74\x6c\x65\x22\x3e\ud83c\udfed\x20\u751f\u6d3b\u61c9\u7528\x3c\x2f\x64\x69\x76\x3e\x0a\x20\x20\x20\x20\x20\x20\x20\x20\x3c\x64\x69\x76\x20\x63\x6c\x61\x73\x73\x3d\x22\x69\x6e\x66\x6f\x2d\x62\x6f\x64\x79\x22\x3e\x0a\x20\x20\x20\x20\x20\x20\x20\x20\x20\x20\x20\x20\x3c\x73\x70\x61\x6e\x20\x63\x6c\x61\x73\x73\x3d\x22\x68\x69\x67\x68\x6c\x69\x67\x68\x74\x2d\x74\x69\x74\x6c\x65\x22\x3e\x31\x2e\x20\u6676\u7247\u88fd\u9020\x20\x28\u591a\u6676\u77fd\x29\uff1a\x3c\x2f\x73\x70\x61\x6e\x3e\u5b83\u662f\u534a\u5c0e\u9ad4\u7522\u696d\u7684\u57fa\u77f3\u3002\u900f\u904e\x3c\x73\x74\x72\x6f\x6e\x67\x3e\u897f\u9580\u5b50\u6cd5\x20\x28\x53\x69\x65\x6d\x65\x6e\x73\x20\x70\x72\x6f\x63\x65\x73\x73\x29\x3c\x2f\x73\x74\x72\x6f\x6e\x67\x3e\uff0c\u5c07\u9ad8\u7d14\u5ea6\u7684\x20\x53\x69\x43\x6c\u2084\x20\u8207\u6c2b\u6c23\u5728\x20\x31\x31\x30\x30\u00b0\x43\x20\u9ad8\u6eab\u4e0b\u53cd\u61c9\u9084\u539f\uff0c\u53ef\u88fd\u9020\u51fa\u7d14\u5ea6\u9ad8\u9054\x20\x39\x39\x2e\x39\x39\x39\x39\x39\x39\x39\x25\x20\x28\x39\x4e\x29\x20\u7684\x3c\x73\x74\x72\x6f\x6e\x67\x3e\u96fb\u5b50\u7d1a\u591a\u6676\u77fd\x3c\x2f\x73\x74\x72\x6f\x6e\x67\x3e\uff0c\u7528\u65bc\u751f\u7522\u96fb\u8166\u6676\u7247\u8207\u592a\u967d\u80fd\u96fb\u6c60\u3002\x3c\x62\x72\x3e\x0a\x20\x20\x20\x20\x20\x20\x20\x20\x20\x20\x20\x20\x3c\x73\x70\x61\x6e\x20\x63\x6c\x61\x73\x73\x3d\x22\x68\x69\x67\x68\x6c\x69\x67\x68\x74\x2d\x74\x69\x74\x6c\x65\x22\x3e\x32\x2e\x20\u5149\u7e96\u901a\u8a0a\u6838\u5fc3\uff1a\x3c\x2f\x73\x70\x61\x6e\x3e\u5728\u5149\u7e96\u88fd\u7a0b\u4e2d\uff0c\x53\x69\x43\x6c\u2084\x20\u662f\u6700\u95dc\u9375\u7684\u539f\u6599\u3002\u900f\u904e\u6c23\u76f8\u6c89\u7a4d\u6cd5\u5c07\u5176\u9ad8\u6eab\u6c27\u5316\uff0c\u80fd\u751f\u6210\u6298\u5c04\u7387\u6975\u9ad8\u4e14\u7121\u96dc\u8cea\u7684\u4e8c\u6c27\u5316\u77fd\x20\x28\x53\x69\x4f\u2082\x29\uff0c\u69cb\u6210\u5149\u7e96\u5167\u5c64\u50b3\u8f38\u8a0a\u865f\u7684\u73bb\u7483\u6838\u5fc3\u3002\x3c\x62\x72\x3e\x0a\x20\x20\x20\x20\x20\x20\x20\x20\x20\x20\x20\x20\x3c\x73\x70\x61\x6e\x20\x63\x6c\x61\x73\x73\x3d\x22\x68\x69\x67\x68\x6c\x69\x67\x68\x74\x2d\x74\x69\x74\x6c\x65\x22\x3e\x33\x2e\x20\u8ecd\u4e8b\u7159\u9727\u5f48\uff1a\x3c\x2f\x73\x70\x61\x6e\x3e\u65e9\u671f\u8ecd\u4e8b\u4e0a\u5229\u7528\u5176\u300c\u6975\u6613\u6c34\u89e3\u300d\u7684\u7279\u6027\u88fd\u4f5c\u7159\u9727\u5f48\u3002\u7576\u6db2\u614b\x20\x53\x69\x43\x6c\u2084\x20\u70b8\u958b\u63a5\u89f8\u7a7a\u6c23\u4e2d\u7684\u6c34\u6c23\u6642\uff0c\u6703\u77ac\u9593\u7522\u751f\u6975\u6fc3\u5bc6\u7684\u767d\u8272\u9178\u9727\x20\x28\x48\x43\x6c\x29\uff0c\u80fd\u6709\u6548\u906e\u853d\u8996\u7dda\uff0c\u4f46\u56e0\u5177\u6709\u6bd2\u6027\u8207\u8150\u8755\u6027\uff0c\u73fe\u4ee3\u5df2\u8f03\u5c11\u4f7f\u7528\u3002\x0a\x20\x20\x20\x20\x20\x20\x20\x20\x3c\x2f\x64\x69\x76\x3e\x0a\x20\x20\x20\x20\x3c\x2f\x64\x69\x76\x3e",
    "\x54\x64",
  ),
  addMol(
    "\x50\x43\x6c\x33\x7c\u4e09\u6c2f\u5316\u78f7\x7c\x50\x68\x6f\x73\x70\x68\x6f\x72\x75\x73\x20\x54\x72\x69\x63\x68\x6c\x6f\x72\x69\x64\x65",
    "\x50",
    "\x73\x70\u00b3",
    ["\u89d2\u9310\u5f62", "\x50\x79\x72\x61\x6d\x69\x64\x61\x6c"],
    "\x39\x36\x2d\x31\x30\x30\u00b0",
    "\x2d\x39\x33\x2e\x36",
    "\x37\x36\x2e\x31",
    [
      { "\x65\x6c\x65\x6d": "\x50", "\x78": 0x0, "\x79": 0x14, "\x7a": 0x0, "\x6c\x70\x33\x64": [{ "\x78": 0x0, "\x79": 0x1, "\x7a": 0x0 }] },
      { "\x65\x6c\x65\x6d": "\x43\x6c", "\x78": 0x0, "\x79": -0xf, "\x7a": 0x44 },
      { "\x65\x6c\x65\x6d": "\x43\x6c", "\x78": 0x3b, "\x79": -0xf, "\x7a": -0x22 },
      { "\x65\x6c\x65\x6d": "\x43\x6c", "\x78": -0x3b, "\x79": -0xf, "\x7a": -0x22 },
    ],
    [
      [0x0, 0x1],
      [0x0, 0x2],
      [0x0, 0x3],
    ],
    null,
    "\x3c\x64\x69\x76\x20\x63\x6c\x61\x73\x73\x3d\x22\x69\x6e\x66\x6f\x2d\x73\x65\x63\x74\x69\x6f\x6e\x22\x3e\x0a\x20\x20\x20\x20\x20\x20\x20\x20\x3c\x64\x69\x76\x20\x63\x6c\x61\x73\x73\x3d\x22\x69\x6e\x66\x6f\x2d\x74\x69\x74\x6c\x65\x22\x3e\u2697\ufe0f\x20\u7269\u8cea\u6027\u8cea\x3c\x2f\x64\x69\x76\x3e\x0a\x20\x20\x20\x20\x20\x20\x20\x20\x3c\x64\x69\x76\x20\x63\x6c\x61\x73\x73\x3d\x22\x69\x6e\x66\x6f\x2d\x62\x6f\x64\x79\x22\x3e\x0a\x20\x20\x20\x20\x20\x20\x20\x20\x20\x20\x20\x20\x3c\x73\x70\x61\x6e\x20\x63\x6c\x61\x73\x73\x3d\x22\x68\x69\x67\x68\x6c\x69\x67\x68\x74\x2d\x74\x69\x74\x6c\x65\x22\x3e\x31\x2e\x20\u7acb\u9ad4\u7d50\u69cb\uff1a\x3c\x2f\x73\x70\x61\x6e\x3e\u4e2d\u5fc3\u78f7\u539f\u5b50\u63a1\u53d6\x20\x3c\x73\x74\x72\x6f\x6e\x67\x3e\x73\x70\u00b3\x20\u6df7\u6210\x3c\x2f\x73\x74\x72\x6f\x6e\x67\x3e\u3002\u7531\u65bc\u5177\u6709\u4e00\u5c0d\u672a\u5171\u7528\u96fb\u5b50\u5c0d\x20\x28\x4c\x6f\x6e\x65\x20\x50\x61\x69\x72\x29\uff0c\u5176\u5c0d\u9375\u7d50\u96fb\u5b50\u7684\u65a5\u529b\u8f03\u5927\uff0c\u5c0e\u81f4\x20\x50\x2d\x43\x6c\x20\u9375\u89d2\u88ab\u58d3\u7e2e\u81f3\u7d04\x20\x3c\x73\x74\x72\x6f\x6e\x67\x3e\x31\x30\x30\u00b0\x3c\x2f\x73\x74\x72\x6f\x6e\x67\x3e\uff0c\u5f62\u6210\x3c\x73\x74\x72\x6f\x6e\x67\x3e\u4e09\u89d2\u9310\u5f62\x3c\x2f\x73\x74\x72\x6f\x6e\x67\x3e\u7d50\u69cb\u3002\x3c\x62\x72\x3e\x0a\x20\x20\x20\x20\x20\x20\x20\x20\x20\x20\x20\x20\x3c\x73\x70\x61\x6e\x20\x63\x6c\x61\x73\x73\x3d\x22\x68\x69\x67\x68\x6c\x69\x67\x68\x74\x2d\x74\x69\x74\x6c\x65\x22\x3e\x32\x2e\x20\u7269\u7406\u6027\u8cea\uff1a\x3c\x2f\x73\x70\x61\x6e\x3e\u5e38\u6eab\u4e0b\u70ba\u7121\u8272\u6216\u5fae\u9ec3\u8272\u7684\u6db2\u9ad4\uff0c\u6703\u767c\u7159\u3002\u5177\u6709\u8f03\u4f4e\u7684\u6cb8\u9ede\u8207\u5f37\u70c8\u523a\u9f3b\u5473\uff0c\u53ef\u6eb6\u65bc\u82ef\u3001\u6c2f\u4eff\u7b49\u6709\u6a5f\u6eb6\u5291\u3002\x3c\x62\x72\x3e\x0a\x20\x20\x20\x20\x20\x20\x20\x20\x20\x20\x20\x20\x3c\x73\x70\x61\x6e\x20\x63\x6c\x61\x73\x73\x3d\x22\x68\x69\x67\x68\x6c\x69\x67\x68\x74\x2d\x74\x69\x74\x6c\x65\x22\x3e\x33\x2e\x20\u5316\u5b78\u6027\u8cea\uff1a\x3c\x2f\x73\x70\x61\x6e\x3e\x50\x2d\x43\x6c\x20\u9375\u6975\u6027\u5927\u4e14\u53cd\u61c9\u6027\u6975\u9ad8\uff0c\u9047\u6c34\u6703\u5287\u70c8\x3c\x73\x74\x72\x6f\x6e\x67\x3e\u6c34\u89e3\x3c\x2f\x73\x74\x72\x6f\x6e\x67\x3e\u4e26\u653e\u71b1\uff0c\u751f\u6210\u4e9e\u78f7\u9178\x20\x28\x48\u2083\x50\x4f\u2083\x29\x20\u8207\u9e7d\u9178\u9727\u3002\u56e0\u78f7\u539f\u5b50\u4e0a\u6709\u4e00\u5c0d\u5b64\u5c0d\u96fb\u5b50\uff0c\u53ef\u4f5c\u70ba\x3c\x73\x74\x72\x6f\x6e\x67\x3e\u8def\u6613\u65af\u9e7c\x3c\x2f\x73\x74\x72\x6f\x6e\x67\x3e\u53c3\u8207\u914d\u4f4d\u53cd\u61c9\u3002\x0a\x20\x20\x20\x20\x20\x20\x20\x20\x3c\x2f\x64\x69\x76\x3e\x0a\x20\x20\x20\x20\x3c\x2f\x64\x69\x76\x3e\x0a\x20\x20\x20\x20\x3c\x64\x69\x76\x20\x63\x6c\x61\x73\x73\x3d\x22\x69\x6e\x66\x6f\x2d\x73\x65\x63\x74\x69\x6f\x6e\x22\x20\x73\x74\x79\x6c\x65\x3d\x22\x6d\x61\x72\x67\x69\x6e\x2d\x74\x6f\x70\x3a\x20\x31\x32\x70\x78\x3b\x20\x62\x6f\x72\x64\x65\x72\x2d\x74\x6f\x70\x3a\x20\x31\x70\x78\x20\x64\x61\x73\x68\x65\x64\x20\x72\x67\x62\x61\x28\x32\x35\x35\x2c\x32\x35\x35\x2c\x32\x35\x35\x2c\x30\x2e\x32\x29\x3b\x20\x70\x61\x64\x64\x69\x6e\x67\x2d\x74\x6f\x70\x3a\x20\x31\x30\x70\x78\x3b\x22\x3e\x0a\x20\x20\x20\x20\x20\x20\x20\x20\x3c\x64\x69\x76\x20\x63\x6c\x61\x73\x73\x3d\x22\x69\x6e\x66\x6f\x2d\x74\x69\x74\x6c\x65\x22\x3e\ud83c\udfed\x20\u751f\u6d3b\u61c9\u7528\x3c\x2f\x64\x69\x76\x3e\x0a\x20\x20\x20\x20\x20\x20\x20\x20\x3c\x64\x69\x76\x20\x63\x6c\x61\x73\x73\x3d\x22\x69\x6e\x66\x6f\x2d\x62\x6f\x64\x79\x22\x3e\x0a\x20\x20\x20\x20\x20\x20\x20\x20\x20\x20\x20\x20\x3c\x73\x70\x61\x6e\x20\x63\x6c\x61\x73\x73\x3d\x22\x68\x69\x67\x68\x6c\x69\x67\x68\x74\x2d\x74\x69\x74\x6c\x65\x22\x3e\x31\x2e\x20\u9664\u8349\u5291\u539f\u6599\x20\x28\u5609\u78f7\u585e\x29\uff1a\x3c\x2f\x73\x70\x61\x6e\x3e\u5de5\u696d\u4e0a\u6700\u5927\u5b97\u7684\u7528\u9014\u662f\u4f5c\u70ba\u4e2d\u9593\u9ad4\uff0c\u7528\u65bc\u5408\u6210\u5ee3\u6548\u6027\u9664\u8349\u5291\x3c\x73\x74\x72\x6f\x6e\x67\x3e\u5609\u78f7\u585e\x20\x28\x47\x6c\x79\x70\x68\x6f\x73\x61\x74\x65\x29\x3c\x2f\x73\x74\x72\x6f\x6e\x67\x3e\uff0c\u9019\u662f\u76ee\u524d\u5168\u7403\u8fb2\u696d\u4f7f\u7528\u91cf\u6700\u5927\u7684\u8fb2\u85e5\u4e4b\u4e00\u3002\x3c\x62\x72\x3e\x0a\x20\x20\x20\x20\x20\x20\x20\x20\x20\x20\x20\x20\x3c\x73\x70\x61\x6e\x20\x63\x6c\x61\x73\x73\x3d\x22\x68\x69\x67\x68\x6c\x69\x67\x68\x74\x2d\x74\x69\x74\x6c\x65\x22\x3e\x32\x2e\x20\u6709\u6a5f\u5408\u6210\x20\x28\u6c2f\u5316\u5291\x29\uff1a\x3c\x2f\x73\x70\x61\x6e\x3e\u5728\u88fd\u85e5\u8207\u6709\u6a5f\u5316\u5b78\u5be6\u9a57\u5ba4\u4e2d\uff0c\u5b83\u662f\u4e0d\u53ef\u6216\u7f3a\u7684\u8a66\u5291\u3002\u5c08\u9580\u7528\u4f86\u5c07\u6709\u6a5f\u5206\u5b50\u4e2d\u7684\x3c\x73\x74\x72\x6f\x6e\x67\x3e\u7fa5\u57fa\x20\x28\x2d\x4f\x48\x29\x3c\x2f\x73\x74\x72\x6f\x6e\x67\x3e\x20\u53d6\u4ee3\u70ba\u6c2f\u539f\u5b50\uff0c\u6216\u662f\u5c07\u7fa7\u9178\u8f49\u5316\u70ba\u6d3b\u6027\u6975\u9ad8\u7684\u91af\u6c2f\uff0c\u662f\u5408\u6210\u67d3\u6599\u8207\u85e5\u7269\u7684\u91cd\u8981\u6b65\u9a5f\u3002\x3c\x62\x72\x3e\x0a\x20\x20\x20\x20\x20\x20\x20\x20\x20\x20\x20\x20\x3c\x73\x70\x61\x6e\x20\x63\x6c\x61\x73\x73\x3d\x22\x68\x69\x67\x68\x6c\x69\x67\x68\x74\x2d\x74\x69\x74\x6c\x65\x22\x3e\x33\x2e\x20\u5851\u81a0\u6dfb\u52a0\u5291\uff1a\x3c\x2f\x73\x70\x61\x6e\x3e\u53ef\u7528\u65bc\u88fd\u9020\u542b\u78f7\u7684\x3c\x73\x74\x72\x6f\x6e\x67\x3e\u963b\u71c3\u5291\x3c\x2f\x73\x74\x72\x6f\x6e\x67\x3e\u8207\u5851\u5316\u5291\u3002\u9019\u4e9b\u6dfb\u52a0\u5291\u80fd\u8b93\u96fb\u5b50\u7522\u54c1\u7684\u5851\u81a0\u5916\u6bbc\u5728\u53d7\u71b1\u6642\u4e0d\u6613\u71c3\u71d2\uff0c\u5927\u5e45\u63d0\u5347\u7522\u54c1\u5b89\u5168\u6027\u3002\x0a\x20\x20\x20\x20\x20\x20\x20\x20\x3c\x2f\x64\x69\x76\x3e\x0a\x20\x20\x20\x20\x3c\x2f\x64\x69\x76\x3e",
    "\x43\x33\x76",
  ),
  addMol(
    "\x43\x4f\x32\x7c\u4e8c\u6c27\u5316\u78b3\x7c\u4e7e\u51b0",
    "\x43",
    "\x73\x70",
    ["\u76f4\u7dda\u578b", "\x4c\x69\x6e\x65\x61\x72"],
    "\x31\x38\x30\u00b0",
    "\x2d\x37\x38\x2e\x35\x20\x28\u6607\u83ef\x29",
    "\x2d\x35\x36\x2e\x36",
    getLinear("\x43", "\x4f", 0x46),
    [
      [0x0, 0x1, "\x64\x6f\x75\x62\x6c\x65"],
      [0x0, 0x2, "\x64\x6f\x75\x62\x6c\x65"],
    ],
    null,
    null,
    "\x44\x69\x6e\x66\x68",
  ),
  addMol(
    "\x43\x53\x32\x7c\u4e8c\u786b\u5316\u78b3",
    "\x43",
    "\x73\x70",
    ["\u76f4\u7dda\u578b", "\x4c\x69\x6e\x65\x61\x72"],
    "\x31\x38\x30\u00b0",
    "\x2d\x31\x31\x31\x2e\x36",
    "\x34\x36\x2e\x32",
    getLinear("\x43", "\x53", 0x4b),
    [
      [0x0, 0x1, "\x64\x6f\x75\x62\x6c\x65"],
      [0x0, 0x2, "\x64\x6f\x75\x62\x6c\x65"],
    ],
    null,
    null,
    "\x44\x69\x6e\x66\x68",
  ),
  addMol(
    "\x42\x65\x43\x6c\x32\x7c\u4e8c\u6c2f\u5316\u9239",
    "\x42\x65",
    "\x73\x70",
    ["\u76f4\u7dda\u578b", "\x4c\x69\x6e\x65\x61\x72"],
    "\x31\x38\x30\u00b0",
    "\x33\x39\x39",
    "\x34\x38\x32",
    getLinear("\x42\x65", "\x43\x6c", 0x4b),
    [
      [0x0, 0x1],
      [0x0, 0x2],
    ],
    null,
    null,
    "\x44\x69\x6e\x66\x68",
  ),
  addMol(
    "\x42\x43\x6c\x33\x7c\u4e09\u6c2f\u5316\u787c",
    "\x42",
    "\x73\x70\u00b2",
    ["\u5e73\u9762\u4e09\u89d2\u5f62", "\x54\x72\x69\x67\x6f\x6e\x61\x6c\x20\x50\x6c\x61\x6e\x61\x72"],
    "\x31\x32\x30\u00b0",
    "\x2d\x31\x30\x37",
    "\x31\x32\x2e\x36",
    getTrigPlanar("\x42", "\x43\x6c", 0x4b),
    [
      [0x0, 0x1],
      [0x0, 0x2],
      [0x0, 0x3],
    ],
    null,
    null,
    "\x44\x33\x68",
  ),
  addMol(
    "\x53\x4f\x32\x7c\u4e8c\u6c27\u5316\u786b",
    "\x53",
    "\x73\x70\u00b2",
    ["\u89d2\u5f62", "\x42\x65\x6e\x74"],
    "\x31\x31\x39\u00b0",
    "\x2d\x37\x32",
    "\x2d\x31\x30",
    [
      { "\x65\x6c\x65\x6d": "\x53", "\x78": 0x0, "\x79": 0xf, "\x7a": 0x0, "\x6c\x70\x43\x6f\x75\x6e\x74": 0x1, "\x6c\x70\x33\x64": [{ "\x78": 0x0, "\x79": 0x1, "\x7a": 0x0 }] },
      { "\x65\x6c\x65\x6d": "\x4f", "\x78": 0x37, "\x79": -0x1e, "\x7a": 0x0 },
      { "\x65\x6c\x65\x6d": "\x4f", "\x78": -0x37, "\x79": -0x1e, "\x7a": 0x0 },
    ],
    [
      [0x0, 0x1, "\x64\x6f\x75\x62\x6c\x65"],
      [0x0, 0x2, "\x64\x6f\x75\x62\x6c\x65"],
    ],
    null,
    null,
    "\x43\x32\x76",
  ),
  addMol(
    "\x53\x4f\x33\x7c\u4e09\u6c27\u5316\u786b",
    "\x53",
    "\x73\x70\u00b2",
    ["\u5e73\u9762\u4e09\u89d2\u5f62", "\x54\x72\x69\x67\x6f\x6e\x61\x6c\x20\x50\x6c\x61\x6e\x61\x72"],
    "\x31\x32\x30\u00b0",
    "\x31\x36\x2e\x39",
    "\x34\x34\x2e\x38",
    getTrigPlanar("\x53", "\x4f", 0x44),
    [
      [0x0, 0x1, "\x64\x6f\x75\x62\x6c\x65"],
      [0x0, 0x2, "\x64\x6f\x75\x62\x6c\x65"],
      [0x0, 0x3, "\x64\x6f\x75\x62\x6c\x65"],
    ],
    null,
    null,
    "\x44\x33\x68",
  ),
  addMol(
    "\x4f\x33\x7c\u81ed\u6c27",
    "\x4f",
    "\x73\x70\u00b2",
    ["\u89d2\u5f62", "\x42\x65\x6e\x74"],
    "\x31\x31\x37\u00b0",
    "\x2d\x31\x39\x32\x2e\x32",
    "\x2d\x31\x31\x32",
    [
      { "\x65\x6c\x65\x6d": "\x4f", "\x78": 0x0, "\x79": 0xa, "\x7a": 0x0, "\x6c\x70\x33\x64": [{ "\x78": 0x0, "\x79": 0x1, "\x7a": 0x0 }] },
      { "\x65\x6c\x65\x6d": "\x4f", "\x78": 0x3c, "\x79": -0x23, "\x7a": 0x0 },
      { "\x65\x6c\x65\x6d": "\x4f", "\x78": -0x3c, "\x79": -0x23, "\x7a": 0x0, "\x6c\x70\x43\x6f\x75\x6e\x74": 0x3 },
    ],
    [
      [0x0, 0x1, "\x64\x6f\x75\x62\x6c\x65"],
      [0x0, 0x2, "\x63\x6f\x6f\x72\x64\x69\x6e\x61\x74\x65"],
    ],
    null,
    null,
    "\x43\x32\x76",
  ),
  addMol(
    "\x4e\x4f\x32\x7c\u4e8c\u6c27\u5316\u6c2e",
    "\x4e",
    "\x73\x70\u00b2",
    ["\u89d2\u5f62", "\x42\x65\x6e\x74"],
    "\x31\x33\x34\u00b0",
    "\x2d\x31\x31\x2e\x32",
    "\x32\x31\x2e\x32",
    [
      { "\x65\x6c\x65\x6d": "\x4e", "\x78": 0x0, "\x79": 0xa, "\x7a": 0x0, "\x6c\x70\x33\x64": [{ "\x78": 0x0, "\x79": 0x1, "\x7a": 0x0 }], "\x72\x61\x64\x69\x63\x61\x6c": !![] },
      { "\x65\x6c\x65\x6d": "\x4f", "\x78": 0x3c, "\x79": -0x23, "\x7a": 0x0 },
      { "\x65\x6c\x65\x6d": "\x4f", "\x78": -0x3c, "\x79": -0x23, "\x7a": 0x0, "\x6c\x70\x43\x6f\x75\x6e\x74": 0x3 },
    ],
    [
      [0x0, 0x1, "\x64\x6f\x75\x62\x6c\x65"],
      [0x0, 0x2, "\x63\x6f\x6f\x72\x64\x69\x6e\x61\x74\x65"],
    ],
    null,
    null,
    "\x43\x32\x76",
  ),
  addMol(
    "\x4e\x32\x4f\x7c\u4e00\u6c27\u5316\u4e8c\u6c2e\x7c\u7b11\u6c23",
    "\x4e",
    "\x73\x70",
    ["\u76f4\u7dda\u578b", "\x4c\x69\x6e\x65\x61\x72"],
    "\x31\x38\x30\u00b0",
    "\x2d\x39\x30\x2e\x38",
    "\x2d\x38\x38\x2e\x35",
    [
      { "\x65\x6c\x65\x6d": "\x4e", "\x78": 0x0, "\x79": 0x0, "\x7a": 0x0, "\x6c\x70\x43\x6f\x75\x6e\x74": 0x0 },
      { "\x65\x6c\x65\x6d": "\x4e", "\x78": -0x41, "\x79": 0x0, "\x7a": 0x0, "\x6c\x70\x33\x64": [{ "\x78": -0x1, "\x79": 0x0, "\x7a": 0x0 }] },
      { "\x65\x6c\x65\x6d": "\x4f", "\x78": 0x41, "\x79": 0x0, "\x7a": 0x0 },
    ],
    [
      [0x0, 0x1, "\x74\x72\x69\x70\x6c\x65"],
      [0x0, 0x2, "\x63\x6f\x6f\x72\x64\x69\x6e\x61\x74\x65"],
    ],
    null,
    null,
    "\x43\x69\x6e\x66\x76",
  ),
  addMol(
    "\x4e\x4f\x7c\u4e00\u6c27\u5316\u6c2e",
    "\u96d9\u539f\u5b50",
    "\x73\x70\u00b2",
    ["\u76f4\u7dda\u578b", "\x4c\x69\x6e\x65\x61\x72"],
    "\x2d",
    "\x2d\x31\x36\x34",
    "\x2d\x31\x35\x32",
    [
      {
        "\x65\x6c\x65\x6d": "\x4e",
        "\x78": -0x20,
        "\x79": 0x0,
        "\x7a": 0x0,
        "\x72\x61\x64\x69\x63\x61\x6c": !![],
        "\x6c\x70\x33\x64": [
          { "\x78": -0x1, "\x79": 0x1, "\x7a": 0x0 },
          { "\x78": -0x1, "\x79": -0x1, "\x7a": 0.4 },
          { "\x78": -0x1, "\x79": -0x1, "\x7a": -0.4 },
        ],
      },
      { "\x65\x6c\x65\x6d": "\x4f", "\x78": 0x20, "\x79": 0x0, "\x7a": 0x0 },
    ],
    [[0x0, 0x1, "\x64\x6f\x75\x62\x6c\x65"]],
    null,
    null,
    "\x43\x69\x6e\x66\x76",
  ),
  addMol(
    "\x53\x43\x4e\x20\x2d\x7c\u786b\u6c30\u9178\u6839",
    "\x43",
    "\x73\x70",
    ["\u76f4\u7dda\u578b", "\x4c\x69\x6e\x65\x61\x72"],
    "\x31\x38\x30\u00b0",
    "\x2d",
    "\x2d",
    [],
    [],
    {
      "\x53\x43\x4e\x20\x2d\x7c\u4e3b\u8981\u5171\u632f\u7d50\u69cb\x20\x28\x4e\x3d\x43\x3d\x53\x29": {
        "\x70\x67": "\x43\x69\x6e\x66\x76",
        "\x6d\x70": "\x2d",
        "\x62\x70": "\x2d",
        "\x61\x74\x6f\x6d\x73": [
          { "\x65\x6c\x65\x6d": "\x43", "\x78": 0x0, "\x79": 0x0, "\x7a": 0x0 },
          { "\x65\x6c\x65\x6d": "\x4e", "\x78": -0x41, "\x79": 0x0, "\x7a": 0x0, "\x6c\x70\x43\x6f\x75\x6e\x74": 0x2 },
          { "\x65\x6c\x65\x6d": "\x53", "\x78": 0x55, "\x79": 0x0, "\x7a": 0x0, "\x6c\x70\x43\x6f\x75\x6e\x74": 0x2 },
        ],
        "\x62\x6f\x6e\x64\x73": [
          [0x0, 0x1, "\x64\x6f\x75\x62\x6c\x65"],
          [0x0, 0x2, "\x64\x6f\x75\x62\x6c\x65"],
        ],
      },
      "\x53\x43\x4e\x20\x2d\x7c\u6b21\u8981\u5171\u632f\u7d50\u69cb\x20\x28\x4e\u2261\x43\x2d\x53\x29": {
        "\x70\x67": "\x43\x69\x6e\x66\x76",
        "\x6d\x70": "\x2d",
        "\x62\x70": "\x2d",
        "\x61\x74\x6f\x6d\x73": [
          { "\x65\x6c\x65\x6d": "\x43", "\x78": 0x0, "\x79": 0x0, "\x7a": 0x0 },
          { "\x65\x6c\x65\x6d": "\x4e", "\x78": -0x3c, "\x79": 0x0, "\x7a": 0x0, "\x6c\x70\x43\x6f\x75\x6e\x74": 0x1 },
          { "\x65\x6c\x65\x6d": "\x53", "\x78": 0x5a, "\x79": 0x0, "\x7a": 0x0, "\x6c\x70\x43\x6f\x75\x6e\x74": 0x3 },
        ],
        "\x62\x6f\x6e\x64\x73": [
          [0x0, 0x1, "\x74\x72\x69\x70\x6c\x65"],
          [0x0, 0x2, "\x73\x69\x6e\x67\x6c\x65"],
        ],
      },
    },
    null,
    "\x2d",
    "\x72\x65\x73\x6f\x6e\x61\x6e\x63\x65",
  ),
  addMol(
    "\x4e\x4f\x20\x2b\x7c\u4e9e\u785d\u9393\u96e2\u5b50",
    "\x4e",
    "\x73\x70",
    ["\u76f4\u7dda\u578b", "\x4c\x69\x6e\x65\x61\x72"],
    "\x31\x38\x30\u00b0",
    "\x2d",
    "\x2d",
    [
      { "\x65\x6c\x65\x6d": "\x4e", "\x78": -0x1e, "\x79": 0x0, "\x7a": 0x0, "\x6c\x70\x43\x6f\x75\x6e\x74": 0x1 },
      { "\x65\x6c\x65\x6d": "\x4f", "\x78": 0x1e, "\x79": 0x0, "\x7a": 0x0, "\x6c\x70\x43\x6f\x75\x6e\x74": 0x1 },
    ],
    [[0x0, 0x1, "\x74\x72\x69\x70\x6c\x65"]],
    null,
    null,
    "\x43\x69\x6e\x66\x76",
  ),
  addMol(
    "\x4e\x4f\x32\x20\x2b\x7c\u785d\u9393\u96e2\u5b50",
    "\x4e",
    "\x73\x70",
    ["\u76f4\u7dda\u578b", "\x4c\x69\x6e\x65\x61\x72"],
    "\x31\x38\x30\u00b0",
    "\x2d",
    "\x2d",
    [
      { "\x65\x6c\x65\x6d": "\x4e", "\x78": 0x0, "\x79": 0x0, "\x7a": 0x0 },
      { "\x65\x6c\x65\x6d": "\x4f", "\x78": -0x41, "\x79": 0x0, "\x7a": 0x0 },
      { "\x65\x6c\x65\x6d": "\x4f", "\x78": 0x41, "\x79": 0x0, "\x7a": 0x0 },
    ],
    [
      [0x0, 0x1, "\x64\x6f\x75\x62\x6c\x65"],
      [0x0, 0x2, "\x64\x6f\x75\x62\x6c\x65"],
    ],
    null,
    null,
    "\x44\x69\x6e\x66\x68",
  ),
  addMol(
    "\x4e\x33\x20\x2d\x7c\u758a\u6c2e\u9178\u6839",
    "\x4e",
    "\x73\x70",
    ["\u76f4\u7dda\u578b", "\x4c\x69\x6e\x65\x61\x72"],
    "\x31\x38\x30\u00b0",
    "\x2d",
    "\x2d",
    [],
    [],
    {
      "\x4e\x33\x20\x2d\x7c\u4e3b\u8981\u5171\u632f\u7d50\u69cb\x20\x28\x4e\x3d\x4e\x3d\x4e\x29": {
        "\x70\x67": "\x44\x69\x6e\x66\x68",
        "\x61\x74\x6f\x6d\x73": [
          { "\x65\x6c\x65\x6d": "\x4e", "\x78": 0x0, "\x79": 0x0, "\x7a": 0x0 },
          { "\x65\x6c\x65\x6d": "\x4e", "\x78": -0x41, "\x79": 0x0, "\x7a": 0x0, "\x6c\x70\x43\x6f\x75\x6e\x74": 0x2 },
          { "\x65\x6c\x65\x6d": "\x4e", "\x78": 0x41, "\x79": 0x0, "\x7a": 0x0, "\x6c\x70\x43\x6f\x75\x6e\x74": 0x2 },
        ],
        "\x62\x6f\x6e\x64\x73": [
          [0x0, 0x1, "\x64\x6f\x75\x62\x6c\x65"],
          [0x0, 0x2, "\x64\x6f\x75\x62\x6c\x65"],
        ],
      },
      "\x4e\x33\x20\x2d\x7c\u4e3b\u8981\u5171\u632f\u7d50\u69cb\x20\x28\x4e\u2261\x4e\x2d\x4e\x29": {
        "\x70\x67": "\x44\x69\x6e\x66\x68",
        "\x61\x74\x6f\x6d\x73": [
          { "\x65\x6c\x65\x6d": "\x4e", "\x78": 0x0, "\x79": 0x0, "\x7a": 0x0 },
          { "\x65\x6c\x65\x6d": "\x4e", "\x78": -0x3c, "\x79": 0x0, "\x7a": 0x0, "\x6c\x70\x43\x6f\x75\x6e\x74": 0x1 },
          { "\x65\x6c\x65\x6d": "\x4e", "\x78": 0x55, "\x79": 0x0, "\x7a": 0x0, "\x6c\x70\x43\x6f\x75\x6e\x74": 0x3 },
        ],
        "\x62\x6f\x6e\x64\x73": [
          [0x0, 0x1, "\x74\x72\x69\x70\x6c\x65"],
          [0x0, 0x2, "\x73\x69\x6e\x67\x6c\x65"],
        ],
      },
    },
    null,
    "\x2d",
    "\x72\x65\x73\x6f\x6e\x61\x6e\x63\x65",
  ),
  addMol(
    "\x4f\x43\x4e\x2d\x7c\u6c30\u9178\u6839",
    "\x43",
    "\x73\x70",
    ["\u76f4\u7dda\u578b", "\x4c\x69\x6e\x65\x61\x72"],
    "\x31\x38\x30\u00b0",
    "\x2d",
    "\x2d",
    [],
    [],
    {
      "\x4f\x43\x4e\x20\x2d\x7c\u4e3b\u8981\u5171\u632f\u7d50\u69cb\x20\x28\x4e\u2261\x43\x2d\x4f\x29": {
        "\x70\x67": "\x43\x69\x6e\x66\x76",
        "\x61\x74\x6f\x6d\x73": [
          { "\x65\x6c\x65\x6d": "\x43", "\x78": 0x0, "\x79": 0x0, "\x7a": 0x0 },
          { "\x65\x6c\x65\x6d": "\x4e", "\x78": -0x3c, "\x79": 0x0, "\x7a": 0x0, "\x6c\x70\x43\x6f\x75\x6e\x74": 0x1 },
          { "\x65\x6c\x65\x6d": "\x4f", "\x78": 0x55, "\x79": 0x0, "\x7a": 0x0, "\x6c\x70\x43\x6f\x75\x6e\x74": 0x3 },
        ],
        "\x62\x6f\x6e\x64\x73": [
          [0x0, 0x1, "\x74\x72\x69\x70\x6c\x65"],
          [0x0, 0x2, "\x73\x69\x6e\x67\x6c\x65"],
        ],
      },
      "\x4f\x43\x4e\x20\x2d\x7c\u6b21\u8981\u5171\u632f\u7d50\u69cb\x20\x28\x4e\x3d\x43\x3d\x4f\x29": {
        "\x70\x67": "\x43\x69\x6e\x66\x76",
        "\x61\x74\x6f\x6d\x73": [
          { "\x65\x6c\x65\x6d": "\x43", "\x78": 0x0, "\x79": 0x0, "\x7a": 0x0 },
          { "\x65\x6c\x65\x6d": "\x4e", "\x78": -0x41, "\x79": 0x0, "\x7a": 0x0, "\x6c\x70\x43\x6f\x75\x6e\x74": 0x2 },
          { "\x65\x6c\x65\x6d": "\x4f", "\x78": 0x41, "\x79": 0x0, "\x7a": 0x0, "\x6c\x70\x43\x6f\x75\x6e\x74": 0x2 },
        ],
        "\x62\x6f\x6e\x64\x73": [
          [0x0, 0x1, "\x64\x6f\x75\x62\x6c\x65"],
          [0x0, 0x2, "\x64\x6f\x75\x62\x6c\x65"],
        ],
      },
      "\x4f\x43\x4e\x20\x2d\x7c\u4e0d\u7a69\u5b9a\u5171\u632f\u7d50\u69cb\x20\x28\x4e\x2d\x43\u2261\x4f\x29": {
        "\x70\x67": "\x43\x69\x6e\x66\x76",
        "\x61\x74\x6f\x6d\x73": [
          { "\x65\x6c\x65\x6d": "\x43", "\x78": 0x0, "\x79": 0x0, "\x7a": 0x0 },
          { "\x65\x6c\x65\x6d": "\x4e", "\x78": -0x55, "\x79": 0x0, "\x7a": 0x0, "\x6c\x70\x43\x6f\x75\x6e\x74": 0x3 },
          { "\x65\x6c\x65\x6d": "\x4f", "\x78": 0x3c, "\x79": 0x0, "\x7a": 0x0, "\x6c\x70\x43\x6f\x75\x6e\x74": 0x1 },
        ],
        "\x62\x6f\x6e\x64\x73": [
          [0x0, 0x1, "\x73\x69\x6e\x67\x6c\x65"],
          [0x0, 0x2, "\x74\x72\x69\x70\x6c\x65"],
        ],
      },
    },
    null,
    "\x2d",
    "\x72\x65\x73\x6f\x6e\x61\x6e\x63\x65",
  ),
  addMol(
    "\x43\x4e\x4f\x20\x2d\x7c\u96f7\u9178\u6839",
    "\x4e",
    "\x73\x70",
    ["\u76f4\u7dda\u578b", "\x4c\x69\x6e\x65\x61\x72"],
    "\x31\x38\x30\u00b0",
    "\x2d",
    "\x2d",
    [],
    [],
    {
      "\x43\x4e\x4f\x20\x2d\x7c\u4e3b\u8981\u5171\u632f\u7d50\u69cb\x20\x28\x43\u2261\x4e\x2d\x4f\x29": {
        "\x70\x67": "\x43\x69\x6e\x66\x76",
        "\x61\x74\x6f\x6d\x73": [
          { "\x65\x6c\x65\x6d": "\x4e", "\x78": 0x0, "\x79": 0x0, "\x7a": 0x0 },
          { "\x65\x6c\x65\x6d": "\x43", "\x78": -0x3c, "\x79": 0x0, "\x7a": 0x0, "\x6c\x70\x43\x6f\x75\x6e\x74": 0x1 },
          { "\x65\x6c\x65\x6d": "\x4f", "\x78": 0x55, "\x79": 0x0, "\x7a": 0x0, "\x6c\x70\x43\x6f\x75\x6e\x74": 0x3 },
        ],
        "\x62\x6f\x6e\x64\x73": [
          [0x0, 0x1, "\x74\x72\x69\x70\x6c\x65"],
          [0x0, 0x2, "\x73\x69\x6e\x67\x6c\x65"],
        ],
      },
      "\x43\x4e\x4f\x20\x2d\x7c\u6b21\u8981\u5171\u632f\u7d50\u69cb\x20\x28\x43\x3d\x4e\x3d\x4f\x29": {
        "\x70\x67": "\x43\x69\x6e\x66\x76",
        "\x61\x74\x6f\x6d\x73": [
          { "\x65\x6c\x65\x6d": "\x4e", "\x78": 0x0, "\x79": 0x0, "\x7a": 0x0 },
          { "\x65\x6c\x65\x6d": "\x43", "\x78": -0x41, "\x79": 0x0, "\x7a": 0x0, "\x6c\x70\x43\x6f\x75\x6e\x74": 0x2 },
          { "\x65\x6c\x65\x6d": "\x4f", "\x78": 0x41, "\x79": 0x0, "\x7a": 0x0, "\x6c\x70\x43\x6f\x75\x6e\x74": 0x2 },
        ],
        "\x62\x6f\x6e\x64\x73": [
          [0x0, 0x1, "\x64\x6f\x75\x62\x6c\x65"],
          [0x0, 0x2, "\x64\x6f\x75\x62\x6c\x65"],
        ],
      },
    },
    null,
    "\x2d",
    "\x72\x65\x73\x6f\x6e\x61\x6e\x63\x65",
  ),
  addMol(
    "\x4e\x32\x4f\x7c\u4e00\u6c27\u5316\u4e8c\u6c2e\x7c\u6c27\u5316\u4e9e\u6c2e\x7c\u7b11\u6c23",
    "\x4e",
    "\x73\x70",
    ["\u76f4\u7dda\u578b", "\x4c\x69\x6e\x65\x61\x72"],
    "\x31\x38\x30\u00b0",
    "\x2d\x39\x31",
    "\x2d\x38\x38",
    [],
    [],
    {
      "\x4e\x32\x4f\x7c\u4e3b\u8981\u5171\u632f\u7d50\u69cb\x20\x28\x4e\u2261\x4e\x2d\x4f\x29": {
        "\x70\x67": "\x43\x69\x6e\x66\x76",
        "\x6d\x70": "\x2d\x39\x31",
        "\x62\x70": "\x2d\x38\x38",
        "\x61\x74\x6f\x6d\x73": [
          { "\x65\x6c\x65\x6d": "\x4e", "\x78": 0x0, "\x79": 0x0, "\x7a": 0x0, "\x72\x61\x64\x69\x63\x61\x6c": ![] },
          { "\x65\x6c\x65\x6d": "\x4e", "\x78": -0x3c, "\x79": 0x0, "\x7a": 0x0, "\x6c\x70\x43\x6f\x75\x6e\x74": 0x1 },
          { "\x65\x6c\x65\x6d": "\x4f", "\x78": 0x46, "\x79": 0x0, "\x7a": 0x0, "\x6c\x70\x43\x6f\x75\x6e\x74": 0x3, "\x72\x61\x64\x69\x63\x61\x6c": ![] },
        ],
        "\x62\x6f\x6e\x64\x73": [
          [0x0, 0x1, "\x74\x72\x69\x70\x6c\x65"],
          [0x0, 0x2, "\x73\x69\x6e\x67\x6c\x65"],
        ],
      },
      "\x4e\x32\x4f\x7c\u6b21\u8981\u5171\u632f\u7d50\u69cb\x20\x28\x4e\x3d\x4e\x3d\x4f\x29": {
        "\x70\x67": "\x43\x69\x6e\x66\x76",
        "\x6d\x70": "\x2d\x39\x31",
        "\x62\x70": "\x2d\x38\x38",
        "\x61\x74\x6f\x6d\x73": [
          { "\x65\x6c\x65\x6d": "\x4e", "\x78": 0x0, "\x79": 0x0, "\x7a": 0x0, "\x72\x61\x64\x69\x63\x61\x6c": ![] },
          { "\x65\x6c\x65\x6d": "\x4e", "\x78": -0x3f, "\x79": 0x0, "\x7a": 0x0, "\x6c\x70\x43\x6f\x75\x6e\x74": 0x2, "\x72\x61\x64\x69\x63\x61\x6c": ![] },
          { "\x65\x6c\x65\x6d": "\x4f", "\x78": 0x3f, "\x79": 0x0, "\x7a": 0x0, "\x6c\x70\x43\x6f\x75\x6e\x74": 0x2 },
        ],
        "\x62\x6f\x6e\x64\x73": [
          [0x0, 0x1, "\x64\x6f\x75\x62\x6c\x65"],
          [0x0, 0x2, "\x64\x6f\x75\x62\x6c\x65"],
        ],
      },
    },
    null,
    "\x2d",
    "\x72\x65\x73\x6f\x6e\x61\x6e\x63\x65",
  ),
  addMol(
    "\x48\x4f\x43\x4e\x7c\u6c30\u9178",
    "\x43",
    "\x73\x70",
    ["\u76f4\u7dda\x2f\u89d2\u5f62", "\x4c\x69\x6e\x65\x61\x72\x2f\x42\x65\x6e\x74"],
    "\x31\x38\x30\u00b0\x2f\x31\x30\x35\u00b0",
    "\x2d\x38\x36",
    "\x32\x33\x2e\x35",
    [
      { "\x65\x6c\x65\x6d": "\x43", "\x78": 0x0, "\x79": 0x0, "\x7a": 0x0 },
      { "\x65\x6c\x65\x6d": "\x4e", "\x78": 0x41, "\x79": 0x0, "\x7a": 0x0, "\x6c\x70\x43\x6f\x75\x6e\x74": 0x1 },
      { "\x65\x6c\x65\x6d": "\x4f", "\x78": -0x41, "\x79": 0x0, "\x7a": 0x0, "\x6c\x70\x43\x6f\x75\x6e\x74": 0x2 },
      { "\x65\x6c\x65\x6d": "\x48", "\x78": -0x5f, "\x79": 0x1e, "\x7a": 0x0 },
    ],
    [
      [0x0, 0x1, "\x74\x72\x69\x70\x6c\x65"],
      [0x0, 0x2],
      [0x2, 0x3],
    ],
    null,
    null,
    "\x43\x73",
  ),
  addMol(
    "\x50\x43\x6c\x35\x7c\u4e94\u6c2f\u5316\u78f7",
    "\x50",
    "\x73\x70\u00b3\x64",
    ["\u96d9\u4e09\u89d2\u9310", "\x54\x72\x69\x67\x6f\x6e\x61\x6c\x20\x42\x69\x70\x79\x72\x61\x6d\x69\x64\x61\x6c"],
    "\x39\x30\u00b0\x2c\x20\x31\x32\x30\u00b0",
    "\x31\x36\x30\x2e\x35",
    "\x31\x36\x36\x2e\x38",
    [
      { "\x65\x6c\x65\x6d": "\x50", "\x78": 0x0, "\x79": 0x0, "\x7a": 0x0 },
      { "\x65\x6c\x65\x6d": "\x43\x6c", "\x78": 0x0, "\x79": 0x0, "\x7a": 0x55 },
      { "\x65\x6c\x65\x6d": "\x43\x6c", "\x78": 0x0, "\x79": 0x0, "\x7a": -0x55 },
      { "\x65\x6c\x65\x6d": "\x43\x6c", "\x78": 0x0, "\x79": 0x50, "\x7a": 0x0 },
      { "\x65\x6c\x65\x6d": "\x43\x6c", "\x78": 0x45, "\x79": -0x28, "\x7a": 0x0 },
      { "\x65\x6c\x65\x6d": "\x43\x6c", "\x78": -0x45, "\x79": -0x28, "\x7a": 0x0 },
    ],
    [
      [0x0, 0x1],
      [0x0, 0x2],
      [0x0, 0x3],
      [0x0, 0x4],
      [0x0, 0x5],
    ],
    null,
    null,
    "\x44\x33\x68",
  ),
  addMol(
    "\x50\x42\x72\x35\x7c\u4e94\u6eb4\u5316\u78f7",
    "\x50",
    "\x73\x70\u00b3\x64",
    ["\u96d9\u4e09\u89d2\u9310", "\x54\x72\x69\x67\x6f\x6e\x61\x6c\x20\x42\x69\x70\x79\x72\x61\x6d\x69\x64\x61\x6c"],
    "\x39\x30\u00b0\x2c\x20\x31\x32\x30\u00b0",
    "\x31\x30\x30\x20\x28\u5206\u89e3\x29",
    "\x31\x30\x36\x20\x28\u5206\u89e3\x29",
    [
      { "\x65\x6c\x65\x6d": "\x50", "\x78": 0x0, "\x79": 0x0, "\x7a": 0x0 },
      { "\x65\x6c\x65\x6d": "\x42\x72", "\x78": 0x0, "\x79": 0x0, "\x7a": -0x5a },
      { "\x65\x6c\x65\x6d": "\x42\x72", "\x78": 0x0, "\x79": 0x0, "\x7a": 0x5a },
      { "\x65\x6c\x65\x6d": "\x42\x72", "\x78": 0x0, "\x79": 0x55, "\x7a": 0x0 },
      { "\x65\x6c\x65\x6d": "\x42\x72", "\x78": -0x4a, "\x79": -0x2a, "\x7a": 0x0 },
      { "\x65\x6c\x65\x6d": "\x42\x72", "\x78": 0x4a, "\x79": -0x2a, "\x7a": 0x0 },
    ],
    [
      [0x0, 0x1],
      [0x0, 0x2],
      [0x0, 0x3],
      [0x0, 0x4],
      [0x0, 0x5],
    ],
    null,
    null,
    "\x44\x33\x68",
  ),
  addMol(
    "\x53\x46\x36\x7c\u516d\u6c1f\u5316\u786b",
    "\x53",
    "\x73\x70\u00b3\x64\u00b2",
    ["\u516b\u9762\u9ad4", "\x4f\x63\x74\x61\x68\x65\x64\x72\x61\x6c"],
    "\x39\x30\u00b0",
    "\x2d\x35\x30\x2e\x38",
    "\x2d\x36\x33\x2e\x38\x20\x28\u6607\u83ef\x29",
    getOcta("\x53", "\x46", 0x4b),
    [
      [0x0, 0x1],
      [0x0, 0x2],
      [0x0, 0x3],
      [0x0, 0x4],
      [0x0, 0x5],
      [0x0, 0x6],
    ],
    null,
    null,
    "\x4f\x68",
  ),
  addMol(
    "\x53\x46\x34\x7c\u56db\u6c1f\u5316\u786b",
    "\x53",
    "\x73\x70\u00b3\x64",
    ["\u7ff9\u7ff9\u677f\u578b", "\x53\x65\x65\x73\x61\x77"],
    "\x3c\x39\x30\u00b0\x2c\x20\x3c\x31\x32\x30\u00b0",
    "\x2d\x31\x32\x31",
    "\x2d\x33\x38",
    [
      { "\x65\x6c\x65\x6d": "\x53", "\x78": 0x0, "\x79": 0x0, "\x7a": 0x0 },
      { "\x65\x6c\x65\x6d": "\x46", "\x78": 0x0, "\x79": 0x0, "\x7a": 0x50 },
      { "\x65\x6c\x65\x6d": "\x46", "\x78": 0x0, "\x79": 0x0, "\x7a": -0x50 },
      { "\x65\x6c\x65\x6d": "\x46", "\x78": 0x2d, "\x79": 0x41, "\x7a": 0x0 },
      { "\x65\x6c\x65\x6d": "\x46", "\x78": -0x2d, "\x79": 0x41, "\x7a": 0x0 },
    ],
    [
      [0x0, 0x1],
      [0x0, 0x2],
      [0x0, 0x3],
      [0x0, 0x4],
    ],
    null,
    null,
    "\x43\x32\x76",
  ),
  addMol(
    "\x43\x6c\x46\x33\x7c\u4e09\u6c1f\u5316\u6c2f",
    "\x43\x6c",
    "\x73\x70\u00b3\x64",
    ["\x54\u578b", "\x54\x2d\x73\x68\x61\x70\x65\x64"],
    "\x3c\x39\x30\u00b0",
    "\x2d\x37\x36\x2e\x33",
    "\x31\x31\x2e\x38",
    [
      {
        "\x65\x6c\x65\x6d": "\x43\x6c",
        "\x78": 0x0,
        "\x79": 0x0,
        "\x7a": 0x0,
        "\x6c\x70\x33\x64": [
          { "\x78": -0x1, "\x79": 0.5, "\x7a": 0x0 },
          { "\x78": -0x1, "\x79": -0.5, "\x7a": 0x0 },
        ],
      },
      { "\x65\x6c\x65\x6d": "\x46", "\x78": 0x0, "\x79": 0x50, "\x7a": 0x0 },
      { "\x65\x6c\x65\x6d": "\x46", "\x78": 0x0, "\x79": -0x50, "\x7a": 0x0 },
      { "\x65\x6c\x65\x6d": "\x46", "\x78": 0x46, "\x79": 0x0, "\x7a": 0x0 },
    ],
    [
      [0x0, 0x1],
      [0x0, 0x2],
      [0x0, 0x3],
    ],
    null,
    null,
    "\x43\x32\x76",
  ),
  addMol(
    "\x58\x65\x46\x32\x7c\u4e8c\u6c1f\u5316\u6c19",
    "\x58\x65",
    "\x73\x70\u00b3\x64",
    ["\u76f4\u7dda\u578b", "\x4c\x69\x6e\x65\x61\x72"],
    "\x31\x38\x30\u00b0",
    "\x31\x32\x38\x2e\x36",
    "\x2d",
    [
      {
        "\x65\x6c\x65\x6d": "\x58\x65",
        "\x78": 0x0,
        "\x79": 0x0,
        "\x7a": 0x0,
        "\x6c\x70\x33\x64": [
          { "\x78": 0x0, "\x79": 0x1, "\x7a": 0x0 },
          { "\x78": 0.866, "\x79": -0.5, "\x7a": 0x0 },
          { "\x78": -0.866, "\x79": -0.5, "\x7a": 0x0 },
        ],
      },
      { "\x65\x6c\x65\x6d": "\x46", "\x78": 0x0, "\x79": 0x0, "\x7a": 0x55 },
      { "\x65\x6c\x65\x6d": "\x46", "\x78": 0x0, "\x79": 0x0, "\x7a": -0x55 },
    ],
    [
      [0x0, 0x1],
      [0x0, 0x2],
    ],
    null,
    null,
    "\x44\x69\x6e\x66\x68",
  ),
  addMol(
    "\x58\x65\x46\x34\x7c\u56db\u6c1f\u5316\u6c19",
    "\x58\x65",
    "\x73\x70\u00b3\x64\u00b2",
    ["\u5e73\u9762\u56db\u908a\u5f62", "\x53\x71\x75\x61\x72\x65\x20\x50\x6c\x61\x6e\x61\x72"],
    "\x39\x30\u00b0",
    "\x31\x31\x37\x20\x28\u6607\u83ef\x29",
    "\x2d",
    [
      {
        "\x65\x6c\x65\x6d": "\x58\x65",
        "\x78": 0x0,
        "\x79": 0x0,
        "\x7a": 0x0,
        "\x6c\x70\x33\x64": [
          { "\x78": 0x1, "\x79": 0x0, "\x7a": 0x0 },
          { "\x78": -0x1, "\x79": 0x0, "\x7a": 0x0 },
        ],
      },
      { "\x65\x6c\x65\x6d": "\x46", "\x78": 0x0, "\x79": 0x55, "\x7a": 0x0 },
      { "\x65\x6c\x65\x6d": "\x46", "\x78": 0x0, "\x79": -0x55, "\x7a": 0x0 },
      { "\x65\x6c\x65\x6d": "\x46", "\x78": 0x0, "\x79": 0x0, "\x7a": 0x55 },
      { "\x65\x6c\x65\x6d": "\x46", "\x78": 0x0, "\x79": 0x0, "\x7a": -0x55 },
    ],
    [
      [0x0, 0x1],
      [0x0, 0x2],
      [0x0, 0x3],
      [0x0, 0x4],
    ],
    null,
    null,
    "\x44\x34\x68",
  ),
  addMol(
    "\x42\x72\x46\x35\x7c\u4e94\u6c1f\u5316\u6eb4",
    "\x42\x72",
    "\x73\x70\u00b3\x64\u00b2",
    ["\u56db\u89d2\u9310", "\x53\x71\x75\x61\x72\x65\x20\x50\x79\x72\x61\x6d\x69\x64\x61\x6c"],
    "\x3c\x39\x30\u00b0",
    "\x2d\x36\x31\x2e\x33",
    "\x34\x30\x2e\x33",
    [
      { "\x65\x6c\x65\x6d": "\x42\x72", "\x78": 0x0, "\x79": 0x0, "\x7a": 0x0 },
      { "\x65\x6c\x65\x6d": "\x46", "\x78": 0x50, "\x79": 0x0, "\x7a": 0x0 },
      { "\x65\x6c\x65\x6d": "\x46", "\x78": 0x0, "\x79": 0x0, "\x7a": -0x46 },
      { "\x65\x6c\x65\x6d": "\x46", "\x78": 0x0, "\x79": 0x0, "\x7a": 0x46 },
      { "\x65\x6c\x65\x6d": "\x46", "\x78": 0x0, "\x79": -0x46, "\x7a": 0x0 },
      { "\x65\x6c\x65\x6d": "\x46", "\x78": 0x0, "\x79": 0x46, "\x7a": 0x0 },
    ],
    [
      [0x0, 0x1],
      [0x0, 0x2],
      [0x0, 0x3],
      [0x0, 0x4],
      [0x0, 0x5],
    ],
    null,
    null,
    "\x43\x34\x76",
  ),
  addMol(
    "\x49\x46\x37\x7c\u4e03\u6c1f\u5316\u7898",
    "\x49",
    "\x73\x70\u00b3\x64\u00b3",
    ["\u4e94\u89d2\u96d9\u9310", "\x50\x65\x6e\x74\x61\x67\x6f\x6e\x61\x6c\x20\x42\x69\x70\x79\x72\x61\x6d\x69\x64\x61\x6c"],
    "\x37\x32\u00b0\x2c\x20\x39\x30\u00b0",
    "\x34\x2e\x38",
    "\x34\x2e\x38\x20\x28\u6607\u83ef\x29",
    [
      { "\x65\x6c\x65\x6d": "\x49", "\x78": 0x0, "\x79": 0x0, "\x7a": 0x0, "\x6c\x70\x43\x6f\x75\x6e\x74": 0x0 },
      { "\x65\x6c\x65\x6d": "\x46", "\x78": 0x0, "\x79": 0x5a, "\x7a": 0x0 },
      { "\x65\x6c\x65\x6d": "\x46", "\x78": 0x0, "\x79": -0x5a, "\x7a": 0x0 },
      { "\x65\x6c\x65\x6d": "\x46", "\x78": 0x50, "\x79": 0x0, "\x7a": 0x0 },
      { "\x65\x6c\x65\x6d": "\x46", "\x78": 0x19, "\x79": 0x0, "\x7a": 0x4c },
      { "\x65\x6c\x65\x6d": "\x46", "\x78": 0x19, "\x79": 0x0, "\x7a": -0x4c },
      { "\x65\x6c\x65\x6d": "\x46", "\x78": -0x41, "\x79": 0x0, "\x7a": 0x2f },
      { "\x65\x6c\x65\x6d": "\x46", "\x78": -0x41, "\x79": 0x0, "\x7a": -0x2f },
    ],
    [
      [0x0, 0x1],
      [0x0, 0x2],
      [0x0, 0x3],
      [0x0, 0x4],
      [0x0, 0x5],
      [0x0, 0x6],
      [0x0, 0x7],
    ],
    null,
    null,
    "\x44\x35\x68",
  ),
  addMol(
    "\x53\x65\x46\x36\x7c\u516d\u6c1f\u5316\u7852",
    "\x53\x65",
    "\x73\x70\u00b3\x64\u00b2",
    ["\u516b\u9762\u9ad4", "\x4f\x63\x74\x61\x68\x65\x64\x72\x61\x6c"],
    "\x39\x30\u00b0",
    "\x2d\x33\x34\x2e\x36",
    "\x2d\x34\x36\x2e\x36\x20\x28\u6607\u83ef\x29",
    getOcta("\x53\x65", "\x46", 0x4b),
    [
      [0x0, 0x1],
      [0x0, 0x2],
      [0x0, 0x3],
      [0x0, 0x4],
      [0x0, 0x5],
      [0x0, 0x6],
    ],
    null,
    null,
    "\x4f\x68",
  ),
  addMol(
    "\x54\x65\x46\x36\x7c\u516d\u6c1f\u5316\u78b2",
    "\x54\x65",
    "\x73\x70\u00b3\x64\u00b2",
    ["\u516b\u9762\u9ad4", "\x4f\x63\x74\x61\x68\x65\x64\x72\x61\x6c"],
    "\x39\x30\u00b0",
    "\x2d\x33\x37\x2e\x36",
    "\x2d\x33\x38\x2e\x39\x20\x28\u6607\u83ef\x29",
    getOcta("\x54\x65", "\x46", 0x4b),
    [
      [0x0, 0x1],
      [0x0, 0x2],
      [0x0, 0x3],
      [0x0, 0x4],
      [0x0, 0x5],
      [0x0, 0x6],
    ],
    null,
    null,
    "\x4f\x68",
  ),
  addMol(
    "\x41\x73\x46\x35\x7c\u4e94\u6c1f\u5316\u7837",
    "\x41\x73",
    "\x73\x70\u00b3\x64",
    ["\u96d9\u4e09\u89d2\u9310", "\x54\x72\x69\x67\x6f\x6e\x61\x6c\x20\x42\x69\x70\x79\x72\x61\x6d\x69\x64\x61\x6c"],
    "\x39\x30\u00b0\x2c\x20\x31\x32\x30\u00b0",
    "\x2d\x37\x39\x2e\x38",
    "\x2d\x35\x32\x2e\x38",
    [
      { "\x65\x6c\x65\x6d": "\x41\x73", "\x78": 0x0, "\x79": 0x0, "\x7a": 0x0 },
      { "\x65\x6c\x65\x6d": "\x46", "\x78": 0x0, "\x79": 0x50, "\x7a": 0x0 },
      { "\x65\x6c\x65\x6d": "\x46", "\x78": 0x0, "\x79": -0x50, "\x7a": 0x0 },
      { "\x65\x6c\x65\x6d": "\x46", "\x78": 0x46, "\x79": 0x0, "\x7a": 0x0 },
      { "\x65\x6c\x65\x6d": "\x46", "\x78": -0x23, "\x79": 0x0, "\x7a": 0x3c },
      { "\x65\x6c\x65\x6d": "\x46", "\x78": -0x23, "\x79": 0x0, "\x7a": -0x3c },
    ],
    [
      [0x0, 0x1],
      [0x0, 0x2],
      [0x0, 0x3],
      [0x0, 0x4],
      [0x0, 0x5],
    ],
    null,
    null,
    "\x44\x33\x68",
  ),
  addMol(
    "\x54\x65\x46\x34\x7c\u56db\u6c1f\u5316\u78b2",
    "\x54\x65",
    "\x73\x70\u00b3\x64",
    ["\u7ff9\u7ff9\u677f\u578b", "\x53\x65\x65\x73\x61\x77"],
    "\x3c\x39\x30\u00b0\x2c\x20\x3c\x31\x32\x30\u00b0",
    "\x31\x32\x39\x2e\x36",
    "\x31\x39\x33",
    [
      { "\x65\x6c\x65\x6d": "\x54\x65", "\x78": 0x0, "\x79": 0x0, "\x7a": 0x0, "\x6c\x70\x33\x64": [{ "\x78": -0x1, "\x79": 0x0, "\x7a": 0x0 }] },
      { "\x65\x6c\x65\x6d": "\x46", "\x78": 0x0, "\x79": 0x55, "\x7a": 0x0 },
      { "\x65\x6c\x65\x6d": "\x46", "\x78": 0x0, "\x79": -0x55, "\x7a": 0x0 },
      { "\x65\x6c\x65\x6d": "\x46", "\x78": 0x46, "\x79": 0x0, "\x7a": 0x32 },
      { "\x65\x6c\x65\x6d": "\x46", "\x78": 0x46, "\x79": 0x0, "\x7a": -0x32 },
    ],
    [
      [0x0, 0x1],
      [0x0, 0x2],
      [0x0, 0x3],
      [0x0, 0x4],
    ],
    null,
    null,
    "\x43\x32\x76",
  ),
  addMol(
    "\x58\x65\x4f\x33\x7c\u4e09\u6c27\u5316\u6c19",
    "\x58\x65",
    "\x73\x70\u00b3",
    ["\u89d2\u9310\u5f62", "\x54\x72\x69\x67\x6f\x6e\x61\x6c\x20\x50\x79\x72\x61\x6d\x69\x64\x61\x6c"],
    "\x31\x30\x33\u00b0",
    "\x32\x35\x20\x28\u7206\u70b8\x29",
    "\x2d",
    [
      { "\x65\x6c\x65\x6d": "\x58\x65", "\x78": 0x0, "\x79": 0x14, "\x7a": 0x0, "\x6c\x70\x33\x64": [{ "\x78": 0x0, "\x79": 0x1, "\x7a": 0x0 }] },
      { "\x65\x6c\x65\x6d": "\x4f", "\x78": 0x0, "\x79": -0x1e, "\x7a": 0x39 },
      { "\x65\x6c\x65\x6d": "\x4f", "\x78": 0x31, "\x79": -0x1e, "\x7a": -28.5 },
      { "\x65\x6c\x65\x6d": "\x4f", "\x78": -0x31, "\x79": -0x1e, "\x7a": -28.5 },
    ],
    [
      [0x0, 0x1, "\x64\x6f\x75\x62\x6c\x65"],
      [0x0, 0x2, "\x64\x6f\x75\x62\x6c\x65"],
      [0x0, 0x3, "\x64\x6f\x75\x62\x6c\x65"],
    ],
    null,
    null,
    "\x43\x33\x76",
  ),
  addMol(
    "\x58\x65\x4f\x34\x7c\u56db\u6c27\u5316\u6c19",
    "\x58\x65",
    "\x73\x70\u00b3",
    ["\u56db\u9762\u9ad4", "\x54\x65\x74\x72\x61\x68\x65\x64\x72\x61\x6c"],
    "\x31\x30\x39\x2e\x35\u00b0",
    "\x2d\x33\x35\x2e\x39",
    "\x30\x20\x28\u5206\u89e3\x29",
    getTetra("\x58\x65", "\x4f", 0x4c),
    [
      [0x0, 0x1, "\x64\x6f\x75\x62\x6c\x65"],
      [0x0, 0x2, "\x64\x6f\x75\x62\x6c\x65"],
      [0x0, 0x3, "\x64\x6f\x75\x62\x6c\x65"],
      [0x0, 0x4, "\x64\x6f\x75\x62\x6c\x65"],
    ],
    null,
    null,
    "\x54\x64",
  ),
  addMol(
    "\x58\x65\x4f\x46\x34\x7c\u56db\u6c1f\u6c27\u5316\u6c19\x7c\x58\x65\x4f\x46\x34",
    "\x58\x65",
    "\x73\x70\u00b3\x64\u00b2",
    ["\u56db\u89d2\u9310", "\x53\x71\x75\x61\x72\x65\x20\x50\x79\x72\x61\x6d\x69\x64\x61\x6c"],
    "\x3c\x39\x30\u00b0",
    "\x2d\x34\x36",
    "\x31\x30\x31",
    [
      { "\x65\x6c\x65\x6d": "\x58\x65", "\x78": 0x0, "\x79": 0x0, "\x7a": 0x0, "\x6c\x70\x33\x64": [{ "\x78": 0x0, "\x79": -0x1, "\x7a": 0x0 }] },
      { "\x65\x6c\x65\x6d": "\x4f", "\x78": 0x0, "\x79": 0x50, "\x7a": 0x0 },
      { "\x65\x6c\x65\x6d": "\x46", "\x78": 0x50, "\x79": 0x0, "\x7a": 0x0 },
      { "\x65\x6c\x65\x6d": "\x46", "\x78": -0x50, "\x79": 0x0, "\x7a": 0x0 },
      { "\x65\x6c\x65\x6d": "\x46", "\x78": 0x0, "\x79": 0x0, "\x7a": 0x50 },
      { "\x65\x6c\x65\x6d": "\x46", "\x78": 0x0, "\x79": 0x0, "\x7a": -0x50 },
    ],
    [
      [0x0, 0x1, "\x64\x6f\x75\x62\x6c\x65"],
      [0x0, 0x2],
      [0x0, 0x3],
      [0x0, 0x4],
      [0x0, 0x5],
    ],
    null,
    null,
    "\x43\x34\x76",
  ),
  addMol(
    "\x49\x4f\x46\x35\x7c\u4e94\u6c1f\u6c27\u5316\u7898",
    "\x49",
    "\x73\x70\u00b3\x64\u00b2",
    ["\u516b\u9762\u9ad4", "\x4f\x63\x74\x61\x68\x65\x64\x72\x61\x6c"],
    "\x39\x30\u00b0",
    "\x34\x2e\x35",
    "\x31\x31\x30",
    [
      { "\x65\x6c\x65\x6d": "\x49", "\x78": 0x0, "\x79": 0x0, "\x7a": 0x0 },
      { "\x65\x6c\x65\x6d": "\x4f", "\x78": 0x0, "\x79": 0x55, "\x7a": 0x0 },
      { "\x65\x6c\x65\x6d": "\x46", "\x78": 0x0, "\x79": -0x55, "\x7a": 0x0 },
      { "\x65\x6c\x65\x6d": "\x46", "\x78": 0x55, "\x79": 0x0, "\x7a": 0x0 },
      { "\x65\x6c\x65\x6d": "\x46", "\x78": -0x55, "\x79": 0x0, "\x7a": 0x0 },
      { "\x65\x6c\x65\x6d": "\x46", "\x78": 0x0, "\x79": 0x0, "\x7a": 0x55 },
      { "\x65\x6c\x65\x6d": "\x46", "\x78": 0x0, "\x79": 0x0, "\x7a": -0x55 },
    ],
    [
      [0x0, 0x1, "\x64\x6f\x75\x62\x6c\x65"],
      [0x0, 0x2],
      [0x0, 0x3],
      [0x0, 0x4],
      [0x0, 0x5],
      [0x0, 0x6],
    ],
    null,
    null,
    "\x43\x34\x76",
  ),
  addMol(
    "\x41\x73\x46\x33\x7c\u4e09\u6c1f\u5316\u7837",
    "\x41\x73",
    "\x73\x70\u00b3",
    ["\u89d2\u9310\u5f62", "\x50\x79\x72\x61\x6d\x69\x64\x61\x6c"],
    "\x39\x36\u00b0",
    "\x2d\x36",
    "\x35\x37\x2e\x38",
    [
      { "\x65\x6c\x65\x6d": "\x41\x73", "\x78": 0x0, "\x79": 0xf, "\x7a": 0x0, "\x6c\x70\x33\x64": [{ "\x78": 0x0, "\x79": 0x1, "\x7a": 0x0 }] },
      { "\x65\x6c\x65\x6d": "\x46", "\x78": 0x0, "\x79": -0x2d, "\x7a": 0x37 },
      { "\x65\x6c\x65\x6d": "\x46", "\x78": 0x30, "\x79": -0x2d, "\x7a": -0x1c },
      { "\x65\x6c\x65\x6d": "\x46", "\x78": -0x30, "\x79": -0x2d, "\x7a": -0x1c },
    ],
    [
      [0x0, 0x1],
      [0x0, 0x2],
      [0x0, 0x3],
    ],
    null,
    null,
    "\x43\x33\x76",
  ),
  addMol(
    "\x53\x62\x43\x6c\x33\x7c\u4e09\u6c2f\u5316\u92bb",
    "\x53\x62",
    "\x73\x70\u00b3",
    ["\u89d2\u9310\u5f62", "\x50\x79\x72\x61\x6d\x69\x64\x61\x6c"],
    "\x39\x37\u00b0",
    "\x37\x33\x2e\x34",
    "\x32\x32\x30\x2e\x33",
    [
      { "\x65\x6c\x65\x6d": "\x53\x62", "\x78": 0x0, "\x79": 0xf, "\x7a": 0x0, "\x6c\x70\x33\x64": [{ "\x78": 0x0, "\x79": 0x1, "\x7a": 0x0 }] },
      { "\x65\x6c\x65\x6d": "\x43\x6c", "\x78": 0x0, "\x79": -0x37, "\x7a": 0x41 },
      { "\x65\x6c\x65\x6d": "\x43\x6c", "\x78": 0x37, "\x79": -0x37, "\x7a": -0x23 },
      { "\x65\x6c\x65\x6d": "\x43\x6c", "\x78": -0x37, "\x79": -0x37, "\x7a": -0x23 },
    ],
    [
      [0x0, 0x1],
      [0x0, 0x2],
      [0x0, 0x3],
    ],
    null,
    null,
    "\x43\x33\x76",
  ),
  addMol(
    "\x49\x43\x6c\x33\x7c\u4e09\u6c2f\u5316\u7898\x7c\x49\x6f\x64\x69\x6e\x65\x20\x54\x72\x69\x63\x68\x6c\x6f\x72\x69\x64\x65",
    "\x49",
    "\x73\x70\u00b3\x64",
    ["\x54\u578b", "\x54\x2d\x73\x68\x61\x70\x65\x64"],
    "\x3c\x39\x30\u00b0",
    "\x31\x30\x31\x20\x28\u5206\u89e3\x29",
    "\x2d",
    [
      {
        "\x65\x6c\x65\x6d": "\x49",
        "\x78": 0x0,
        "\x79": 0x0,
        "\x7a": 0x0,
        "\x6c\x70\x43\x6f\x75\x6e\x74": 0x2,
        "\x6c\x70\x33\x64": [
          { "\x78": -0x1, "\x79": 0.5, "\x7a": 0x0 },
          { "\x78": -0x1, "\x79": -0.5, "\x7a": 0x0 },
        ],
      },
      { "\x65\x6c\x65\x6d": "\x43\x6c", "\x78": 0x5a, "\x79": 0x0, "\x7a": 0x0 },
      { "\x65\x6c\x65\x6d": "\x43\x6c", "\x78": 0x0, "\x79": 0x5a, "\x7a": 0x0 },
      { "\x65\x6c\x65\x6d": "\x43\x6c", "\x78": 0x0, "\x79": -0x5a, "\x7a": 0x0 },
    ],
    [
      [0x0, 0x1],
      [0x0, 0x2],
      [0x0, 0x3],
    ],
    null,
    "\x3c\x64\x69\x76\x20\x63\x6c\x61\x73\x73\x3d\x22\x69\x6e\x66\x6f\x2d\x73\x65\x63\x74\x69\x6f\x6e\x22\x3e\x3c\x64\x69\x76\x20\x63\x6c\x61\x73\x73\x3d\x22\x69\x6e\x66\x6f\x2d\x74\x69\x74\x6c\x65\x22\x3e\ud83e\uddea\x20\u7269\u8cea\u7c21\u4ecb\x3c\x2f\x64\x69\x76\x3e\x3c\x64\x69\x76\x20\x63\x6c\x61\x73\x73\x3d\x22\x69\x6e\x66\x6f\x2d\x62\x6f\x64\x79\x22\x3e\x3c\x73\x74\x72\x6f\x6e\x67\x3e\u4e09\u6c2f\u5316\u7898\x20\x28\x49\x43\x6c\u2083\x29\x3c\x2f\x73\x74\x72\x6f\x6e\x67\x3e\x3c\x62\x72\x3e\u4e2d\u5fc3\u7898\u539f\u5b50\u63a1\u53d6\x20\x73\x70\u00b3\x64\x20\u6df7\u6210\u3002\u70ba\u4e86\u6e1b\u5c11\u96fb\u5b50\u96f2\u65a5\u529b\uff0c\u5169\u5c0d\u5b64\u5c0d\u96fb\u5b50\u4f54\u64da\u6c34\u5e73\u4f4d\u7f6e\uff0c\u4f7f\u5206\u5b50\u5448\u73fe\x20\x54\x20\u578b\u7d50\u69cb\u3002\x3c\x2f\x64\x69\x76\x3e\x3c\x2f\x64\x69\x76\x3e",
    "\x43\x32\x76",
  ),
  addMol(
    "\x42\x32\x48\x36\x7c\u4e59\u787c\u70f7\x7c\x44\x69\x62\x6f\x72\x61\x6e\x65",
    "\x42",
    "\x73\x70\u00b3",
    ["\u7279\u6b8a\x20\x28\u542b\u6c2b\u6a4b\u9375\x29", "\x42\x61\x6e\x61\x6e\x61\x20\x42\x6f\x6e\x64\x73"],
    "\x31\x32\x30\u00b0\x28\u7aef\x29\x2f\x39\x37\u00b0\x28\u6a4b\x29",
    "\x2d\x31\x36\x34\x2e\x38",
    "\x2d\x39\x32\x2e\x35",
    [
      { "\x65\x6c\x65\x6d": "\x42", "\x78": -0x28, "\x79": 0x0, "\x7a": 0x0, "\x6c\x70\x43\x6f\x75\x6e\x74": 0x0 },
      { "\x65\x6c\x65\x6d": "\x42", "\x78": 0x28, "\x79": 0x0, "\x7a": 0x0, "\x6c\x70\x43\x6f\x75\x6e\x74": 0x0 },
      { "\x65\x6c\x65\x6d": "\x48", "\x78": 0x0, "\x79": 0x0, "\x7a": 0x32 },
      { "\x65\x6c\x65\x6d": "\x48", "\x78": 0x0, "\x79": 0x0, "\x7a": -0x32 },
      { "\x65\x6c\x65\x6d": "\x48", "\x78": -0x41, "\x79": 0x2b, "\x7a": 0x0 },
      { "\x65\x6c\x65\x6d": "\x48", "\x78": -0x41, "\x79": -0x2b, "\x7a": 0x0 },
      { "\x65\x6c\x65\x6d": "\x48", "\x78": 0x41, "\x79": 0x2b, "\x7a": 0x0 },
      { "\x65\x6c\x65\x6d": "\x48", "\x78": 0x41, "\x79": -0x2b, "\x7a": 0x0 },
    ],
    [
      [0x0, 0x2],
      [0x0, 0x3],
      [0x1, 0x2],
      [0x1, 0x3],
      [0x0, 0x4],
      [0x0, 0x5],
      [0x1, 0x6],
      [0x1, 0x7],
    ],
    null,
    "\x3c\x64\x69\x76\x20\x63\x6c\x61\x73\x73\x3d\x22\x69\x6e\x66\x6f\x2d\x73\x65\x63\x74\x69\x6f\x6e\x22\x3e\x3c\x64\x69\x76\x20\x63\x6c\x61\x73\x73\x3d\x22\x69\x6e\x66\x6f\x2d\x74\x69\x74\x6c\x65\x22\x3e\ud83c\udf4c\x20\u7d50\u69cb\u7279\u6027\x3c\x2f\x64\x69\x76\x3e\x3c\x64\x69\x76\x20\x63\x6c\x61\x73\x73\x3d\x22\x69\x6e\x66\x6f\x2d\x62\x6f\x64\x79\x22\x3e\x3c\x73\x74\x72\x6f\x6e\x67\x3e\u4e59\u787c\u70f7\x20\x28\x42\u2082\x48\u2086\x29\x3c\x2f\x73\x74\x72\x6f\x6e\x67\x3e\x3c\x62\x72\x3e\u5177\u6709\u4e09\u4e2d\u5fc3\u4e8c\u96fb\u5b50\u9375\u3002\u6bcf\u500b\u787c\u539f\u5b50\u8207\u56db\u500b\u6c2b\u539f\u5b50\u9023\u7dda\uff0c\u5f62\u6210\u985e\u4f3c\x20\x73\x70\u00b3\x20\u7684\u5e7e\u4f55\u6392\u5217\u3002\x3c\x2f\x64\x69\x76\x3e\x3c\x2f\x64\x69\x76\x3e",
    "\x44\x32\x68",
  ),
  addMol(
    "\x42\x28\x4f\x48\x29\x33\x7c\u787c\u9178",
    "\x42",
    "\x73\x70\u00b2",
    ["\u5e73\u9762\u4e09\u89d2\u5f62", "\x54\x72\x69\x67\x6f\x6e\x61\x6c\x20\x50\x6c\x61\x6e\x61\x72"],
    "\x31\x32\x30\u00b0",
    "\x31\x36\x39\x20\x28\u5206\u89e3\x29",
    "\x2d",
    [
      { "\x65\x6c\x65\x6d": "\x4f", "\x78": -0x3a, "\x79": 0x0, "\x7a": 0x25 },
      { "\x65\x6c\x65\x6d": "\x42", "\x78": 0x0, "\x79": 0x0, "\x7a": 0x0 },
      { "\x65\x6c\x65\x6d": "\x4f", "\x78": 0x3b, "\x79": 0x0, "\x7a": 0x23 },
      { "\x65\x6c\x65\x6d": "\x4f", "\x78": -0x5, "\x79": 0x0, "\x7a": -0x45 },
      { "\x65\x6c\x65\x6d": "\x48", "\x78": -0x60, "\x79": 0x0, "\x7a": 0x8 },
      { "\x65\x6c\x65\x6d": "\x48", "\x78": 0x63, "\x79": 0x0, "\x7a": 0x8 },
      { "\x65\x6c\x65\x6d": "\x48", "\x78": 0x25, "\x79": 0x0, "\x7a": -0x5d },
    ],
    [
      [0x0, 0x1],
      [0x0, 0x4],
      [0x1, 0x2],
      [0x1, 0x3],
      [0x2, 0x5],
      [0x3, 0x6],
    ],
    null,
    null,
    "\x43\x33\x68",
  ),
  addMol(
    "\x53\x69\x46\x36\x20\x32\x2d\x7c\u516d\u6c1f\u77fd\u9178\u6839",
    "\x53\x69",
    "\x73\x70\u00b3\x64\u00b2",
    ["\u516b\u9762\u9ad4", "\x4f\x63\x74\x61\x68\x65\x64\x72\x61\x6c"],
    "\x39\x30\u00b0",
    "\x2d",
    "\x2d",
    getOcta("\x53\x69", "\x46", 0x4b),
    [
      [0x0, 0x1],
      [0x0, 0x2],
      [0x0, 0x3],
      [0x0, 0x4],
      [0x0, 0x5],
      [0x0, 0x6],
    ],
    null,
    null,
    "\x4f\x68",
  ),
  addMol(
    "\x50\x46\x36\x20\x2d\x7c\u516d\u6c1f\u78f7\u9178\u6839",
    "\x50",
    "\x73\x70\u00b3\x64\u00b2",
    ["\u516b\u9762\u9ad4", "\x4f\x63\x74\x61\x68\x65\x64\x72\x61\x6c"],
    "\x39\x30\u00b0",
    "\x2d",
    "\x2d",
    getOcta("\x50", "\x46", 0x4b),
    [
      [0x0, 0x1],
      [0x0, 0x2],
      [0x0, 0x3],
      [0x0, 0x4],
      [0x0, 0x5],
      [0x0, 0x6],
    ],
    null,
    null,
    "\x4f\x68",
  ),
  addMol(
    "\x53\x62\x46\x36\x20\x2d\x7c\u516d\u6c1f\u92bb\u9178\u6839",
    "\x53\x62",
    "\x73\x70\u00b3\x64\u00b2",
    ["\u516b\u9762\u9ad4", "\x4f\x63\x74\x61\x68\x65\x64\x72\x61\x6c"],
    "\x39\x30\u00b0",
    "\x2d",
    "\x2d",
    getOcta("\x53\x62", "\x46", 0x50),
    [
      [0x0, 0x1],
      [0x0, 0x2],
      [0x0, 0x3],
      [0x0, 0x4],
      [0x0, 0x5],
      [0x0, 0x6],
    ],
    null,
    null,
    "\x4f\x68",
  ),
  addMol(
    "\x49\x33\x20\x2d\x7c\u4e09\u7898\u9670\u96e2\u5b50\x7c\u4e09\u7898\u932f\u96e2\u5b50",
    "\x49",
    "\x73\x70\u00b3\x64",
    ["\u76f4\u7dda\u578b", "\x4c\x69\x6e\x65\x61\x72"],
    "\x31\x38\x30\u00b0",
    "\x2d",
    "\x2d",
    [
      {
        "\x65\x6c\x65\x6d": "\x49",
        "\x78": 0x0,
        "\x79": 0x0,
        "\x7a": 0x0,
        "\x6c\x70\x33\x64": [
          { "\x78": 0x0, "\x79": 0x1, "\x7a": 0x0 },
          { "\x78": 0x0, "\x79": -0.5, "\x7a": 0.866 },
          { "\x78": 0x0, "\x79": -0.5, "\x7a": -0.866 },
        ],
      },
      { "\x65\x6c\x65\x6d": "\x49", "\x78": -0x64, "\x79": 0x0, "\x7a": 0x0 },
      { "\x65\x6c\x65\x6d": "\x49", "\x78": 0x64, "\x79": 0x0, "\x7a": 0x0 },
    ],
    [
      [0x0, 0x1],
      [0x0, 0x2],
    ],
    null,
    null,
    "\x44\x69\x6e\x66\x68",
  ),
  addMol(
    "\x49\x43\x6c\x32\x20\x2d\x7c\u4e8c\u6c2f\u7898\u96e2\u5b50",
    "\x49",
    "\x73\x70\u00b3\x64",
    ["\u76f4\u7dda\u578b", "\x4c\x69\x6e\x65\x61\x72"],
    "\x31\x38\x30\u00b0",
    "\x2d",
    "\x2d",
    [
      {
        "\x65\x6c\x65\x6d": "\x49",
        "\x78": 0x0,
        "\x79": 0x0,
        "\x7a": 0x0,
        "\x6c\x70\x33\x64": [
          { "\x78": 0x0, "\x79": 0x1, "\x7a": 0x0 },
          { "\x78": 0x0, "\x79": -0.5, "\x7a": 0.866 },
          { "\x78": 0x0, "\x79": -0.5, "\x7a": -0.866 },
        ],
      },
      { "\x65\x6c\x65\x6d": "\x43\x6c", "\x78": -0x5a, "\x79": 0x0, "\x7a": 0x0 },
      { "\x65\x6c\x65\x6d": "\x43\x6c", "\x78": 0x5a, "\x79": 0x0, "\x7a": 0x0 },
    ],
    [
      [0x0, 0x1],
      [0x0, 0x2],
    ],
    null,
    null,
    "\x44\x69\x6e\x66\x68",
  ),
  addMol(
    "\x49\x43\x6c\x34\x20\x2d\x7c\u56db\u6c2f\u7898\u96e2\u5b50",
    "\x49",
    "\x73\x70\u00b3\x64\u00b2",
    ["\u5e73\u9762\u56db\u908a\u5f62", "\x53\x71\x75\x61\x72\x65\x20\x50\x6c\x61\x6e\x61\x72"],
    "\x39\x30\u00b0",
    "\x2d",
    "\x2d",
    [
      {
        "\x65\x6c\x65\x6d": "\x49",
        "\x78": 0x0,
        "\x79": 0x0,
        "\x7a": 0x0,
        "\x6c\x70\x33\x64": [
          { "\x78": 0x0, "\x79": 0x1, "\x7a": 0x0 },
          { "\x78": 0x0, "\x79": -0x1, "\x7a": 0x0 },
        ],
      },
      { "\x65\x6c\x65\x6d": "\x43\x6c", "\x78": 0x5a, "\x79": 0x0, "\x7a": 0x0 },
      { "\x65\x6c\x65\x6d": "\x43\x6c", "\x78": -0x5a, "\x79": 0x0, "\x7a": 0x0 },
      { "\x65\x6c\x65\x6d": "\x43\x6c", "\x78": 0x0, "\x79": 0x0, "\x7a": 0x5a },
      { "\x65\x6c\x65\x6d": "\x43\x6c", "\x78": 0x0, "\x79": 0x0, "\x7a": -0x5a },
    ],
    [
      [0x0, 0x1],
      [0x0, 0x2],
      [0x0, 0x3],
      [0x0, 0x4],
    ],
    null,
    null,
    "\x44\x34\x68",
  ),
  addMol(
    "\x42\x46\x34\x20\x2d\x7c\u56db\u6c1f\u787c\u9178\u6839",
    "\x42",
    "\x73\x70\u00b3",
    ["\u56db\u9762\u9ad4", "\x54\x65\x74\x72\x61\x68\x65\x64\x72\x61\x6c"],
    "\x31\x30\x39\x2e\x35\u00b0",
    "\x2d",
    "\x2d",
    getTetra("\x42", "\x46", 0x46),
    [
      [0x0, 0x1],
      [0x0, 0x2],
      [0x0, 0x3],
      [0x4, 0x0, "\x63\x6f\x6f\x72\x64\x69\x6e\x61\x74\x65"],
    ],
    null,
    null,
    "\x54\x64",
  ),
  addMol(
    "\x41\x6c\x43\x6c\x34\x20\x2d\x7c\u56db\u6c2f\u92c1\u9178\u6839",
    "\x41\x6c",
    "\x73\x70\u00b3",
    ["\u56db\u9762\u9ad4", "\x54\x65\x74\x72\x61\x68\x65\x64\x72\x61\x6c"],
    "\x31\x30\x39\x2e\x35\u00b0",
    "\x2d",
    "\x2d",
    getTetra("\x41\x6c", "\x43\x6c", 0x50),
    [
      [0x0, 0x1],
      [0x0, 0x2],
      [0x0, 0x3],
      [0x0, 0x4],
    ],
    null,
    null,
    "\x54\x64",
  ),
  addMol(
    "\x42\x48\x34\x20\x2d\x7c\u787c\u6c2b\u5316\u96e2\u5b50",
    "\x42",
    "\x73\x70\u00b3",
    ["\u56db\u9762\u9ad4", "\x54\x65\x74\x72\x61\x68\x65\x64\x72\x61\x6c"],
    "\x31\x30\x39\x2e\x35\u00b0",
    "\x2d",
    "\x2d",
    getTetra("\x42", "\x48", 0x32),
    [
      [0x0, 0x1],
      [0x0, 0x2],
      [0x0, 0x3],
      [0x0, 0x4],
    ],
    null,
    null,
    "\x54\x64",
  ),
  addMol(
    "\x48\x32\x53\x4f\x34\x7c\u786b\u9178\u7cfb\u5217",
    "\x53",
    "\x73\x70\u00b3",
    ["\u56db\u9762\u9ad4", "\x54\x65\x74\x72\x61\x68\x65\x64\x72\x61\x6c"],
    "\x31\x30\x39\x2e\x35\u00b0",
    "\x31\x30\x2e\x33",
    "\x33\x33\x37",
    [],
    [],
    {
      "\x48\x32\x53\x4f\x34\x7c\u786b\u9178": {
        "\x70\x67": "\x43\x32",
        "\x6d\x70": "\x31\x30\x2e\x33",
        "\x62\x70": "\x33\x33\x37",
        "\x64\x65\x73\x63": "\x3c\x73\x74\x72\x6f\x6e\x67\x3e\u786b\u9178\x3c\x2f\x73\x74\x72\x6f\x6e\x67\x3e\x3c\x62\x72\x3e\u5de5\u696d\u4e4b\u6bcd\uff0c\u5177\u5f37\u812b\u6c34\u6027\u8207\u6c27\u5316\u6027\uff0c\u7531\u5169\u500b\u914d\u4f4d\u9375\x20\x28\x53\u2192\x4f\x29\x20\u8207\u5169\u500b\x20\x53\x2d\x4f\x48\x20\u69cb\u6210\uff0c\u5206\u5b50\u96fb\u4e2d\u6027\u3002",
        "\x61\x74\x6f\x6d\x73": [
          { "\x65\x6c\x65\x6d": "\x53", "\x78": 0x0, "\x79": 0x0, "\x7a": 0x0 },
          { "\x65\x6c\x65\x6d": "\x4f", "\x78": 0x0, "\x79": 0x44, "\x7a": 0x0, "\x6c\x70\x43\x6f\x75\x6e\x74": 0x3 },
          { "\x65\x6c\x65\x6d": "\x4f", "\x78": 0x0, "\x79": -0x19, "\x7a": -0x3f, "\x6c\x70\x43\x6f\x75\x6e\x74": 0x3 },
          { "\x65\x6c\x65\x6d": "\x4f", "\x78": 0x3c, "\x79": -0x1e, "\x7a": 0x23, "\x6c\x70\x43\x6f\x75\x6e\x74": 0x2 },
          { "\x65\x6c\x65\x6d": "\x4f", "\x78": -0x3c, "\x79": -0x1e, "\x7a": 0x23, "\x6c\x70\x43\x6f\x75\x6e\x74": 0x2 },
          { "\x65\x6c\x65\x6d": "\x48", "\x78": 0x55, "\x79": 0x5, "\x7a": 0x3c },
          { "\x65\x6c\x65\x6d": "\x48", "\x78": -0x55, "\x79": 0x5, "\x7a": 0x3c },
        ],
        "\x62\x6f\x6e\x64\x73": [
          [0x0, 0x1, "\x63\x6f\x6f\x72\x64\x69\x6e\x61\x74\x65"],
          [0x0, 0x2, "\x63\x6f\x6f\x72\x64\x69\x6e\x61\x74\x65"],
          [0x0, 0x3, "\x73\x69\x6e\x67\x6c\x65"],
          [0x0, 0x4, "\x73\x69\x6e\x67\x6c\x65"],
          [0x3, 0x5],
          [0x4, 0x6],
        ],
      },
      "\x48\x53\x4f\x34\x20\x2d\x7c\u786b\u9178\u6c2b\u6839": {
        "\x70\x67": "\x43\x73",
        "\x6d\x70": "\x2d",
        "\x62\x70": "\x2d",
        "\x64\x65\x73\x63": "\x3c\x73\x74\x72\x6f\x6e\x67\x3e\u786b\u9178\u6c2b\u6839\x3c\x2f\x73\x74\x72\x6f\x6e\x67\x3e\x3c\x62\x72\x3e\u9178\u5f0f\u9e7d\u9670\u96e2\u5b50\uff0c\u6c34\u6eb6\u6db2\u5448\u5f37\u9178\u6027\uff0c\x53\x2d\x4f\u207b\x20\u7aef\u5e36\u6709\u8ca0\u96fb\u8377\u3002",
        "\x61\x74\x6f\x6d\x73": [
          { "\x65\x6c\x65\x6d": "\x53", "\x78": 0x0, "\x79": 0x0, "\x7a": 0x0 },
          { "\x65\x6c\x65\x6d": "\x4f", "\x78": 0x0, "\x79": 0x44, "\x7a": 0x0, "\x6c\x70\x43\x6f\x75\x6e\x74": 0x3 },
          { "\x65\x6c\x65\x6d": "\x4f", "\x78": 0x0, "\x79": -0x19, "\x7a": -0x3f, "\x6c\x70\x43\x6f\x75\x6e\x74": 0x3 },
          { "\x65\x6c\x65\x6d": "\x4f", "\x78": 0x3c, "\x79": -0x1e, "\x7a": 0x23, "\x6c\x70\x43\x6f\x75\x6e\x74": 0x3 },
          { "\x65\x6c\x65\x6d": "\x4f", "\x78": -0x3c, "\x79": -0x1e, "\x7a": 0x23, "\x6c\x70\x43\x6f\x75\x6e\x74": 0x2 },
          { "\x65\x6c\x65\x6d": "\x48", "\x78": -0x55, "\x79": 0x5, "\x7a": 0x3c },
        ],
        "\x62\x6f\x6e\x64\x73": [
          [0x0, 0x1, "\x63\x6f\x6f\x72\x64\x69\x6e\x61\x74\x65"],
          [0x0, 0x2, "\x63\x6f\x6f\x72\x64\x69\x6e\x61\x74\x65"],
          [0x0, 0x3, "\x73\x69\x6e\x67\x6c\x65"],
          [0x0, 0x4, "\x73\x69\x6e\x67\x6c\x65"],
          [0x4, 0x5],
        ],
      },
      "\x53\x4f\x34\x20\x32\x2d\x7c\u786b\u9178\u6839": {
        "\x70\x67": "\x54\x64",
        "\x6d\x70": "\x2d",
        "\x62\x70": "\x2d",
        "\x64\x65\x73\x63": "\x3c\x73\x74\x72\x6f\x6e\x67\x3e\u786b\u9178\u6839\x3c\x2f\x73\x74\x72\x6f\x6e\x67\x3e\x3c\x62\x72\x3e\u6b63\u56db\u9762\u9ad4\u7d50\u69cb\uff0c\u5316\u5b78\u6027\u8cea\u7a69\u5b9a\uff0c\u5169\u500b\x20\x53\x2d\x4f\u207b\x20\u7aef\u986f\u793a\u7c89\u7d05\u96fb\u5b50\u3002",
        "\x61\x74\x6f\x6d\x73": [
          { "\x65\x6c\x65\x6d": "\x53", "\x78": 0x0, "\x79": 0x0, "\x7a": 0x0 },
          { "\x65\x6c\x65\x6d": "\x4f", "\x78": 0x0, "\x79": 0x44, "\x7a": 0x0, "\x6c\x70\x43\x6f\x75\x6e\x74": 0x3 },
          { "\x65\x6c\x65\x6d": "\x4f", "\x78": 0x0, "\x79": -0x19, "\x7a": -0x3f, "\x6c\x70\x43\x6f\x75\x6e\x74": 0x3 },
          { "\x65\x6c\x65\x6d": "\x4f", "\x78": 0x3c, "\x79": -0x1e, "\x7a": 0x23, "\x6c\x70\x43\x6f\x75\x6e\x74": 0x3 },
          { "\x65\x6c\x65\x6d": "\x4f", "\x78": -0x3c, "\x79": -0x1e, "\x7a": 0x23, "\x6c\x70\x43\x6f\x75\x6e\x74": 0x3 },
        ],
        "\x62\x6f\x6e\x64\x73": [
          [0x0, 0x1, "\x63\x6f\x6f\x72\x64\x69\x6e\x61\x74\x65"],
          [0x0, 0x2, "\x63\x6f\x6f\x72\x64\x69\x6e\x61\x74\x65"],
          [0x0, 0x3, "\x73\x69\x6e\x67\x6c\x65"],
          [0x0, 0x4, "\x73\x69\x6e\x67\x6c\x65"],
        ],
      },
      "\x4e\x61\x48\x53\x4f\x34\x7c\u786b\u9178\u6c2b\u9209": {
        "\x70\x67": "\x43\x73",
        "\x6d\x70": "\x35\x38\x20\x28\u5206\u89e3\x29",
        "\x62\x70": "\x2d",
        "\x64\x65\x73\x63": "\x3c\x73\x74\x72\x6f\x6e\x67\x3e\u786b\u9178\u6c2b\u9209\x3c\x2f\x73\x74\x72\x6f\x6e\x67\x3e\x3c\x62\x72\x3e\u6eb6\u65bc\u6c34\u5448\u5f37\u9178\u6027\uff0c\u5e38\u7528\u65bc\u6e05\u6f54\u5291\u6216\u964d\u4f4e\x20\x70\x48\x20\u503c\u3002",
        "\x61\x74\x6f\x6d\x73": [
          { "\x65\x6c\x65\x6d": "\x53", "\x78": -0x14, "\x79": 0x0, "\x7a": 0x0 },
          { "\x65\x6c\x65\x6d": "\x4f", "\x78": -0x14, "\x79": 0x44, "\x7a": 0x0, "\x6c\x70\x43\x6f\x75\x6e\x74": 0x3 },
          { "\x65\x6c\x65\x6d": "\x4f", "\x78": -0x14, "\x79": -0x19, "\x7a": -0x3f, "\x6c\x70\x43\x6f\x75\x6e\x74": 0x3 },
          { "\x65\x6c\x65\x6d": "\x4f", "\x78": 0x28, "\x79": -0x1e, "\x7a": 0x23, "\x6c\x70\x43\x6f\x75\x6e\x74": 0x3 },
          { "\x65\x6c\x65\x6d": "\x4f", "\x78": -0x50, "\x79": -0x1e, "\x7a": 0x23, "\x6c\x70\x43\x6f\x75\x6e\x74": 0x2 },
          { "\x65\x6c\x65\x6d": "\x48", "\x78": -0x69, "\x79": -0x5, "\x7a": 0x3c },
          { "\x65\x6c\x65\x6d": "\x4e\x61", "\x78": 0x64, "\x79": 0x28, "\x7a": 0x0, "\x72": 0xf },
        ],
        "\x62\x6f\x6e\x64\x73": [
          [0x0, 0x1, "\x63\x6f\x6f\x72\x64\x69\x6e\x61\x74\x65"],
          [0x0, 0x2, "\x63\x6f\x6f\x72\x64\x69\x6e\x61\x74\x65"],
          [0x0, 0x3, "\x73\x69\x6e\x67\x6c\x65"],
          [0x0, 0x4, "\x73\x69\x6e\x67\x6c\x65"],
          [0x4, 0x5],
        ],
      },
      "\x4b\x48\x53\x4f\x34\x7c\u786b\u9178\u6c2b\u9240": {
        "\x70\x67": "\x43\x73",
        "\x6d\x70": "\x31\x39\x37",
        "\x62\x70": "\x2d",
        "\x64\x65\x73\x63": "\x3c\x73\x74\x72\x6f\x6e\x67\x3e\u786b\u9178\u6c2b\u9240\x3c\x2f\x73\x74\x72\x6f\x6e\x67\x3e\x3c\x62\x72\x3e\u6613\u6eb6\u65bc\u6c34\u5448\u5f37\u9178\u6027\uff0c\u52a0\u71b1\u5931\u6c34\u53ef\u88fd\u5099\u7126\u786b\u9178\u9240\u3002",
        "\x61\x74\x6f\x6d\x73": [
          { "\x65\x6c\x65\x6d": "\x53", "\x78": -0x14, "\x79": 0x0, "\x7a": 0x0 },
          { "\x65\x6c\x65\x6d": "\x4f", "\x78": -0x14, "\x79": 0x44, "\x7a": 0x0, "\x6c\x70\x43\x6f\x75\x6e\x74": 0x3 },
          { "\x65\x6c\x65\x6d": "\x4f", "\x78": -0x14, "\x79": -0x19, "\x7a": -0x3f, "\x6c\x70\x43\x6f\x75\x6e\x74": 0x3 },
          { "\x65\x6c\x65\x6d": "\x4f", "\x78": 0x28, "\x79": -0x1e, "\x7a": 0x23, "\x6c\x70\x43\x6f\x75\x6e\x74": 0x3 },
          { "\x65\x6c\x65\x6d": "\x4f", "\x78": -0x50, "\x79": -0x1e, "\x7a": 0x23, "\x6c\x70\x43\x6f\x75\x6e\x74": 0x2 },
          { "\x65\x6c\x65\x6d": "\x48", "\x78": -0x69, "\x79": -0x5, "\x7a": 0x3c },
          { "\x65\x6c\x65\x6d": "\x4b", "\x78": 0x6e, "\x79": 0x28, "\x7a": 0x0, "\x72": 0x16 },
        ],
        "\x62\x6f\x6e\x64\x73": [
          [0x0, 0x1, "\x63\x6f\x6f\x72\x64\x69\x6e\x61\x74\x65"],
          [0x0, 0x2, "\x63\x6f\x6f\x72\x64\x69\x6e\x61\x74\x65"],
          [0x0, 0x3, "\x73\x69\x6e\x67\x6c\x65"],
          [0x0, 0x4, "\x73\x69\x6e\x67\x6c\x65"],
          [0x4, 0x5],
        ],
      },
      "\x43\x61\x53\x4f\x34\x7c\u786b\u9178\u9223\x7c\u77f3\u818f": {
        "\x70\x67": "\x54\x64",
        "\x6d\x70": "\x31\x34\x36\x30",
        "\x62\x70": "\x2d",
        "\x64\x65\x73\x63": "\x3c\x73\x74\x72\x6f\x6e\x67\x3e\u786b\u9178\u9223\x20\x28\u77f3\u818f\x29\x3c\x2f\x73\x74\x72\x6f\x6e\x67\x3e\x3c\x62\x72\x3e\u5fae\u6eb6\u65bc\u6c34\uff0c\u5ee3\u6cdb\u7528\u65bc\u5efa\u7bc9\u6750\u6599\u3001\u6a21\u578b\u88fd\u4f5c\u8207\u4f5c\u70ba\u8c46\u8150\u51dd\u56fa\u5291\u3002",
        "\x61\x74\x6f\x6d\x73": [
          { "\x65\x6c\x65\x6d": "\x53", "\x78": 0x0, "\x79": 0x0, "\x7a": 0x0 },
          { "\x65\x6c\x65\x6d": "\x4f", "\x78": 0x0, "\x79": 0x44, "\x7a": 0x0, "\x6c\x70\x43\x6f\x75\x6e\x74": 0x3 },
          { "\x65\x6c\x65\x6d": "\x4f", "\x78": 0x0, "\x79": -0x19, "\x7a": -0x3f, "\x6c\x70\x43\x6f\x75\x6e\x74": 0x3 },
          { "\x65\x6c\x65\x6d": "\x4f", "\x78": 0x3c, "\x79": -0x1e, "\x7a": 0x23, "\x6c\x70\x43\x6f\x75\x6e\x74": 0x3 },
          { "\x65\x6c\x65\x6d": "\x4f", "\x78": -0x3c, "\x79": -0x1e, "\x7a": 0x23, "\x6c\x70\x43\x6f\x75\x6e\x74": 0x3 },
          { "\x65\x6c\x65\x6d": "\x43\x61", "\x78": 0x0, "\x79": 0x0, "\x7a": 0x64, "\x72": 0x14, "\x6c\x70\x43\x6f\x75\x6e\x74": 0x0 },
        ],
        "\x62\x6f\x6e\x64\x73": [
          [0x0, 0x1, "\x63\x6f\x6f\x72\x64\x69\x6e\x61\x74\x65"],
          [0x0, 0x2, "\x63\x6f\x6f\x72\x64\x69\x6e\x61\x74\x65"],
          [0x0, 0x3, "\x73\x69\x6e\x67\x6c\x65"],
          [0x0, 0x4, "\x73\x69\x6e\x67\x6c\x65"],
        ],
      },
      "\x42\x61\x53\x4f\x34\x7c\u786b\u9178\u92c7\x7c\u91cd\u6676\u77f3": {
        "\x70\x67": "\x54\x64",
        "\x6d\x70": "\x31\x35\x38\x30",
        "\x62\x70": "\x2d",
        "\x64\x65\x73\x63": "\x3c\x73\x74\x72\x6f\x6e\x67\x3e\u786b\u9178\u92c7\x20\x28\u91cd\u6676\u77f3\x29\x3c\x2f\x73\x74\x72\x6f\x6e\x67\x3e\x3c\x62\x72\x3e\u6975\u96e3\u6eb6\u65bc\u6c34\u8207\u9178\uff0c\u7121\u6bd2\u4e14\u5bc6\u5ea6\u5927\uff0c\u91ab\u5b78\u4e0a\u7528\u65bc\u6d88\u5316\u9053\x58\u5149\u651d\u5f71\x28\u92c7\u9910\x29\u3002",
        "\x61\x74\x6f\x6d\x73": [
          { "\x65\x6c\x65\x6d": "\x53", "\x78": 0x0, "\x79": 0x0, "\x7a": 0x0 },
          { "\x65\x6c\x65\x6d": "\x4f", "\x78": 0x0, "\x79": 0x44, "\x7a": 0x0, "\x6c\x70\x43\x6f\x75\x6e\x74": 0x3 },
          { "\x65\x6c\x65\x6d": "\x4f", "\x78": 0x0, "\x79": -0x19, "\x7a": -0x3f, "\x6c\x70\x43\x6f\x75\x6e\x74": 0x3 },
          { "\x65\x6c\x65\x6d": "\x4f", "\x78": 0x3c, "\x79": -0x1e, "\x7a": 0x23, "\x6c\x70\x43\x6f\x75\x6e\x74": 0x3 },
          { "\x65\x6c\x65\x6d": "\x4f", "\x78": -0x3c, "\x79": -0x1e, "\x7a": 0x23, "\x6c\x70\x43\x6f\x75\x6e\x74": 0x3 },
          { "\x65\x6c\x65\x6d": "\x42\x61", "\x78": 0x0, "\x79": 0x0, "\x7a": 0x6e, "\x72": 0x19, "\x6c\x70\x43\x6f\x75\x6e\x74": 0x0 },
        ],
        "\x62\x6f\x6e\x64\x73": [
          [0x0, 0x1, "\x63\x6f\x6f\x72\x64\x69\x6e\x61\x74\x65"],
          [0x0, 0x2, "\x63\x6f\x6f\x72\x64\x69\x6e\x61\x74\x65"],
          [0x0, 0x3, "\x73\x69\x6e\x67\x6c\x65"],
          [0x0, 0x4, "\x73\x69\x6e\x67\x6c\x65"],
        ],
      },
      "\x43\x75\x53\x4f\x34\x7c\u786b\u9178\u9285": {
        "\x70\x67": "\x54\x64",
        "\x6d\x70": "\x31\x31\x30\x20\x28\u5931\u6c34\x29",
        "\x62\x70": "\x2d",
        "\x64\x65\x73\x63": "\x3c\x73\x74\x72\x6f\x6e\x67\x3e\u786b\u9178\u9285\x3c\x2f\x73\x74\x72\x6f\x6e\x67\x3e\x3c\x62\x72\x3e\u7121\u6c34\u7269\u70ba\u767d\u8272\uff0c\u5438\u6c34\u5f8c\u8b8a\u85cd\u8272\x28\u4e94\u6c34\u5408\x29\uff0c\u5e38\u7528\u65bc\u6e38\u6cf3\u6c60\u6bba\u83cc\u3001\u6ce2\u723e\u591a\u6db2\u539f\u6599\u8207\u96fb\u934d\u3002",
        "\x61\x74\x6f\x6d\x73": [
          { "\x65\x6c\x65\x6d": "\x53", "\x78": 0x0, "\x79": 0x0, "\x7a": 0x0 },
          { "\x65\x6c\x65\x6d": "\x4f", "\x78": 0x0, "\x79": 0x44, "\x7a": 0x0, "\x6c\x70\x43\x6f\x75\x6e\x74": 0x3 },
          { "\x65\x6c\x65\x6d": "\x4f", "\x78": 0x0, "\x79": -0x19, "\x7a": -0x3f, "\x6c\x70\x43\x6f\x75\x6e\x74": 0x3 },
          { "\x65\x6c\x65\x6d": "\x4f", "\x78": 0x3c, "\x79": -0x1e, "\x7a": 0x23, "\x6c\x70\x43\x6f\x75\x6e\x74": 0x3 },
          { "\x65\x6c\x65\x6d": "\x4f", "\x78": -0x3c, "\x79": -0x1e, "\x7a": 0x23, "\x6c\x70\x43\x6f\x75\x6e\x74": 0x3 },
          { "\x65\x6c\x65\x6d": "\x43\x75", "\x78": 0x0, "\x79": 0x0, "\x7a": 0x64, "\x72": 0x12, "\x6c\x70\x43\x6f\x75\x6e\x74": 0x0 },
        ],
        "\x62\x6f\x6e\x64\x73": [
          [0x0, 0x1, "\x63\x6f\x6f\x72\x64\x69\x6e\x61\x74\x65"],
          [0x0, 0x2, "\x63\x6f\x6f\x72\x64\x69\x6e\x61\x74\x65"],
          [0x0, 0x3, "\x73\x69\x6e\x67\x6c\x65"],
          [0x0, 0x4, "\x73\x69\x6e\x67\x6c\x65"],
        ],
      },
      "\x46\x65\x53\x4f\x34\x7c\u786b\u9178\u4e9e\u9435\x7c\u7da0\u792c": {
        "\x70\x67": "\x54\x64",
        "\x6d\x70": "\x36\x34\x20\x28\u5931\u6c34\x29",
        "\x62\x70": "\x2d",
        "\x64\x65\x73\x63": "\x3c\x73\x74\x72\x6f\x6e\x67\x3e\u786b\u9178\u4e9e\u9435\x20\x28\u7da0\u792c\x29\x3c\x2f\x73\x74\x72\x6f\x6e\x67\x3e\x3c\x62\x72\x3e\u6dfa\u7da0\u8272\u6676\u9ad4\uff0c\u5e38\u7528\u65bc\u91ab\u7642\u88dc\u8840\u5291\x28\u9435\u5291\x29\u3001\u6c34\u8655\u7406\u7d6e\u51dd\u5291\u8207\u9084\u539f\u5291\u3002",
        "\x61\x74\x6f\x6d\x73": [
          { "\x65\x6c\x65\x6d": "\x53", "\x78": 0x0, "\x79": 0x0, "\x7a": 0x0 },
          { "\x65\x6c\x65\x6d": "\x4f", "\x78": 0x0, "\x79": 0x44, "\x7a": 0x0, "\x6c\x70\x43\x6f\x75\x6e\x74": 0x3 },
          { "\x65\x6c\x65\x6d": "\x4f", "\x78": 0x0, "\x79": -0x19, "\x7a": -0x3f, "\x6c\x70\x43\x6f\x75\x6e\x74": 0x3 },
          { "\x65\x6c\x65\x6d": "\x4f", "\x78": 0x3c, "\x79": -0x1e, "\x7a": 0x23, "\x6c\x70\x43\x6f\x75\x6e\x74": 0x3 },
          { "\x65\x6c\x65\x6d": "\x4f", "\x78": -0x3c, "\x79": -0x1e, "\x7a": 0x23, "\x6c\x70\x43\x6f\x75\x6e\x74": 0x3 },
          { "\x65\x6c\x65\x6d": "\x46\x65", "\x78": 0x0, "\x79": 0x0, "\x7a": 0x64, "\x72": 0x12, "\x6c\x70\x43\x6f\x75\x6e\x74": 0x0 },
        ],
        "\x62\x6f\x6e\x64\x73": [
          [0x0, 0x1, "\x63\x6f\x6f\x72\x64\x69\x6e\x61\x74\x65"],
          [0x0, 0x2, "\x63\x6f\x6f\x72\x64\x69\x6e\x61\x74\x65"],
          [0x0, 0x3, "\x73\x69\x6e\x67\x6c\x65"],
          [0x0, 0x4, "\x73\x69\x6e\x67\x6c\x65"],
        ],
      },
      "\x5a\x6e\x53\x4f\x34\x7c\u786b\u9178\u92c5\x7c\u7693\u792c": {
        "\x70\x67": "\x54\x64",
        "\x6d\x70": "\x31\x30\x30\x20\x28\u5931\u6c34\x29",
        "\x62\x70": "\x35\x30\x30\x20\x28\u5206\u89e3\x29",
        "\x64\x65\x73\x63": "\x3c\x73\x74\x72\x6f\x6e\x67\x3e\u786b\u9178\u92c5\x20\x28\u7693\u792c\x29\x3c\x2f\x73\x74\x72\x6f\x6e\x67\x3e\x3c\x62\x72\x3e\u7121\u8272\u91dd\u72c0\u6676\u9ad4\uff0c\u7528\u65bc\u88fd\u9020\u4eba\u9020\u7e96\u7dad\u3001\u6728\u6750\u9632\u8150\u8207\u8fb2\u696d\u5fae\u91cf\u5143\u7d20\u80a5\u6599\u3002",
        "\x61\x74\x6f\x6d\x73": [
          { "\x65\x6c\x65\x6d": "\x53", "\x78": 0x0, "\x79": 0x0, "\x7a": 0x0 },
          { "\x65\x6c\x65\x6d": "\x4f", "\x78": 0x0, "\x79": 0x44, "\x7a": 0x0, "\x6c\x70\x43\x6f\x75\x6e\x74": 0x3 },
          { "\x65\x6c\x65\x6d": "\x4f", "\x78": 0x0, "\x79": -0x19, "\x7a": -0x3f, "\x6c\x70\x43\x6f\x75\x6e\x74": 0x3 },
          { "\x65\x6c\x65\x6d": "\x4f", "\x78": 0x3c, "\x79": -0x1e, "\x7a": 0x23, "\x6c\x70\x43\x6f\x75\x6e\x74": 0x3 },
          { "\x65\x6c\x65\x6d": "\x4f", "\x78": -0x3c, "\x79": -0x1e, "\x7a": 0x23, "\x6c\x70\x43\x6f\x75\x6e\x74": 0x3 },
          { "\x65\x6c\x65\x6d": "\x5a\x6e", "\x78": 0x0, "\x79": 0x0, "\x7a": 0x64, "\x72": 0x12, "\x6c\x70\x43\x6f\x75\x6e\x74": 0x0 },
        ],
        "\x62\x6f\x6e\x64\x73": [
          [0x0, 0x1, "\x63\x6f\x6f\x72\x64\x69\x6e\x61\x74\x65"],
          [0x0, 0x2, "\x63\x6f\x6f\x72\x64\x69\x6e\x61\x74\x65"],
          [0x0, 0x3, "\x73\x69\x6e\x67\x6c\x65"],
          [0x0, 0x4, "\x73\x69\x6e\x67\x6c\x65"],
        ],
      },
      "\x4d\x67\x53\x4f\x34\x7c\u786b\u9178\u9382\x7c\u7009\u9e7d": {
        "\x70\x67": "\x54\x64",
        "\x6d\x70": "\x31\x31\x32\x34",
        "\x62\x70": "\x2d",
        "\x64\x65\x73\x63": "\x3c\x73\x74\x72\x6f\x6e\x67\x3e\u786b\u9178\u9382\x20\x28\u7009\u9e7d\x29\x3c\x2f\x73\x74\x72\x6f\x6e\x67\x3e\x3c\x62\x72\x3e\u6613\u6eb6\u65bc\u6c34\uff0c\u91ab\u7642\u4e0a\u4f5c\u70ba\u7009\u5291\u6216\u7de9\u89e3\u5b50\u7647\uff0c\u751f\u6d3b\u4e2d\u5e38\u7528\u65bc\u6ce1\u6fa1\u6d74\u9e7d\u653e\u9b06\u808c\u8089\u3002",
        "\x61\x74\x6f\x6d\x73": [
          { "\x65\x6c\x65\x6d": "\x53", "\x78": 0x0, "\x79": 0x0, "\x7a": 0x0 },
          { "\x65\x6c\x65\x6d": "\x4f", "\x78": 0x0, "\x79": 0x44, "\x7a": 0x0, "\x6c\x70\x43\x6f\x75\x6e\x74": 0x3 },
          { "\x65\x6c\x65\x6d": "\x4f", "\x78": 0x0, "\x79": -0x19, "\x7a": -0x3f, "\x6c\x70\x43\x6f\x75\x6e\x74": 0x3 },
          { "\x65\x6c\x65\x6d": "\x4f", "\x78": 0x3c, "\x79": -0x1e, "\x7a": 0x23, "\x6c\x70\x43\x6f\x75\x6e\x74": 0x3 },
          { "\x65\x6c\x65\x6d": "\x4f", "\x78": -0x3c, "\x79": -0x1e, "\x7a": 0x23, "\x6c\x70\x43\x6f\x75\x6e\x74": 0x3 },
          { "\x65\x6c\x65\x6d": "\x4d\x67", "\x78": 0x0, "\x79": 0x0, "\x7a": 0x64, "\x72": 0x12, "\x6c\x70\x43\x6f\x75\x6e\x74": 0x0 },
        ],
        "\x62\x6f\x6e\x64\x73": [
          [0x0, 0x1, "\x63\x6f\x6f\x72\x64\x69\x6e\x61\x74\x65"],
          [0x0, 0x2, "\x63\x6f\x6f\x72\x64\x69\x6e\x61\x74\x65"],
          [0x0, 0x3, "\x73\x69\x6e\x67\x6c\x65"],
          [0x0, 0x4, "\x73\x69\x6e\x67\x6c\x65"],
        ],
      },
    },
    null,
    "\x2d",
    "\x61\x63\x69\x64",
  ),
  addMol(
    "\x48\x32\x53\x4f\x33\x7c\u4e9e\u786b\u9178\u7cfb\u5217",
    "\x53",
    "\x73\x70\u00b3",
    ["\u89d2\u9310\u5f62", "\x50\x79\x72\x61\x6d\x69\x64\x61\x6c"],
    "\x31\x30\x36\u00b0",
    "\x2d",
    "\u4e0d\u7a69\u5b9a",
    [],
    [],
    {
      "\x48\x32\x53\x4f\x33\x7c\u4e9e\u786b\u9178": {
        "\x70\x67": "\x43\x73",
        "\x6d\x70": "\x2d",
        "\x62\x70": "\u4e0d\u7a69\u5b9a",
        "\x64\x65\x73\x63": "\x3c\x73\x74\x72\x6f\x6e\x67\x3e\u4e9e\u786b\u9178\x3c\x2f\x73\x74\x72\x6f\x6e\x67\x3e\x3c\x62\x72\x3e\u50c5\u5b58\u5728\u65bc\u6c34\u6eb6\u6db2\u4e2d\u7684\u4e8c\u5143\u5f31\u9178\uff0c\u6975\u4e0d\u7a69\u5b9a\u3002\u5177\u6709\u5f37\u9084\u539f\u6027\u8207\u6f02\u767d\u80fd\u529b\uff0c\u53d7\u71b1\u6216\u4e45\u7f6e\u6613\u5206\u89e3\u51fa\u4e8c\u6c27\u5316\u786b\u6c23\u9ad4\u3002",
        "\x61\x74\x6f\x6d\x73": [
          { "\x65\x6c\x65\x6d": "\x53", "\x78": 0x0, "\x79": 0x0, "\x7a": 0x0 },
          { "\x65\x6c\x65\x6d": "\x4f", "\x78": -0x38, "\x79": -0x1c, "\x7a": -0x27 },
          { "\x65\x6c\x65\x6d": "\x4f", "\x78": 0x38, "\x79": -0x1c, "\x7a": -0x27 },
          { "\x65\x6c\x65\x6d": "\x4f", "\x78": 0x0, "\x79": -0x1e, "\x7a": 0x3d },
          { "\x65\x6c\x65\x6d": "\x48", "\x78": -0x5a, "\x79": -0x26, "\x7a": -0xc },
          { "\x65\x6c\x65\x6d": "\x48", "\x78": 0x5a, "\x79": -0x26, "\x7a": -0xc },
        ],
        "\x62\x6f\x6e\x64\x73": [
          [0x0, 0x1],
          [0x0, 0x2],
          [0x0, 0x3, "\x64\x6f\x75\x62\x6c\x65"],
          [0x1, 0x4],
          [0x2, 0x5],
        ],
      },
      "\x48\x53\x4f\x33\x20\x2d\x7c\u4e9e\u786b\u9178\u6c2b\u6839": {
        "\x70\x67": "\x43\x73",
        "\x6d\x70": "\x2d",
        "\x62\x70": "\x2d",
        "\x64\x65\x73\x63": "\x3c\x73\x74\x72\x6f\x6e\x67\x3e\u4e9e\u786b\u9178\u6c2b\u6839\x3c\x2f\x73\x74\x72\x6f\x6e\x67\x3e\x3c\x62\x72\x3e\u4e9e\u786b\u9178\u7684\u7b2c\u4e00\u7d1a\u96fb\u96e2\u7522\u7269\uff0c\u70ba\u5169\u6027\u96e2\u5b50\u3002\u5728\u9178\u6027\u74b0\u5883\u4e2d\u4e0d\u7a69\u5b9a\uff0c\u5ee3\u6cdb\u5b58\u5728\u65bc\u4e9e\u786b\u9178\u6c2b\u9e7d\u6eb6\u6db2\u4e2d\uff0c\u5177\u6297\u6c27\u5316\u6027\u8cea\u3002",
        "\x61\x74\x6f\x6d\x73": [
          { "\x65\x6c\x65\x6d": "\x53", "\x78": 0x0, "\x79": 0x0, "\x7a": 0x0 },
          { "\x65\x6c\x65\x6d": "\x4f", "\x78": 0x0, "\x79": -0x1e, "\x7a": 0x3d },
          { "\x65\x6c\x65\x6d": "\x4f", "\x78": -0x38, "\x79": -0x1c, "\x7a": -0x27 },
          { "\x65\x6c\x65\x6d": "\x4f", "\x78": 0x38, "\x79": -0x1c, "\x7a": -0x27 },
          { "\x65\x6c\x65\x6d": "\x48", "\x78": -0x5a, "\x79": -0x26, "\x7a": -0xc },
        ],
        "\x62\x6f\x6e\x64\x73": [
          [0x0, 0x1, "\x64\x6f\x75\x62\x6c\x65"],
          [0x0, 0x2],
          [0x0, 0x3],
          [0x2, 0x4],
        ],
      },
      "\x53\x4f\x33\x20\x32\x2d\x7c\u4e9e\u786b\u9178\u6839": {
        "\x70\x67": "\x43\x33\x76",
        "\x6d\x70": "\x2d",
        "\x62\x70": "\x2d",
        "\x64\x65\x73\x63": "\x3c\x73\x74\x72\x6f\x6e\x67\x3e\u4e9e\u786b\u9178\u6839\x3c\x2f\x73\x74\x72\x6f\x6e\x67\x3e\x3c\x62\x72\x3e\u4e9e\u786b\u9178\u7684\u5b8c\u5168\u96fb\u96e2\u7522\u7269\uff0c\u4e2d\u5fc3\u786b\u539f\u5b50\u6709\u4e00\u5c0d\u5b64\u5c0d\u96fb\u5b50\u3002\u5177\u6709\u5f37\u9084\u539f\u6027\uff0c\u6613\u88ab\u7a7a\u6c23\u4e2d\u7684\u6c27\u6c27\u5316\u6210\u786b\u9178\u6839\u3002",
        "\x61\x74\x6f\x6d\x73": [
          { "\x65\x6c\x65\x6d": "\x53", "\x78": 0x0, "\x79": 0x0, "\x7a": 0x0 },
          { "\x65\x6c\x65\x6d": "\x4f", "\x78": 0x0, "\x79": -0x1e, "\x7a": 0x3d },
          { "\x65\x6c\x65\x6d": "\x4f", "\x78": -0x38, "\x79": -0x1c, "\x7a": -0x27 },
          { "\x65\x6c\x65\x6d": "\x4f", "\x78": 0x38, "\x79": -0x1c, "\x7a": -0x27 },
        ],
        "\x62\x6f\x6e\x64\x73": [
          [0x0, 0x1, "\x64\x6f\x75\x62\x6c\x65"],
          [0x0, 0x2],
          [0x0, 0x3],
        ],
      },
      "\x4e\x61\x32\x53\x4f\x33\x7c\u4e9e\u786b\u9178\u9209": {
        "\x70\x67": "\x43\x33\x76",
        "\x6d\x70": "\x33\x33\x2e\x34\x20\x28\u5206\u89e3\x29",
        "\x62\x70": "\x2d",
        "\x64\x65\x73\x63": "\x3c\x73\x74\x72\x6f\x6e\x67\x3e\u4e9e\u786b\u9178\u9209\x3c\x2f\x73\x74\x72\x6f\x6e\x67\x3e\x3c\x62\x72\x3e\u5e38\u898b\u7684\u4e9e\u786b\u9178\u9e7d\uff0c\u70ba\u767d\u8272\u7c89\u672b\uff0c\u6613\u6eb6\u65bc\u6c34\u3002\u5e38\u7528\u4f5c\u9084\u539f\u5291\u3001\u9632\u8150\u5291\u4ee5\u53ca\u651d\u5f71\u986f\u5f71\u5291\u7684\u4fdd\u8b77\u5291\u3002",
        "\x61\x74\x6f\x6d\x73": [
          { "\x65\x6c\x65\x6d": "\x53", "\x78": 0x0, "\x79": 0x0, "\x7a": 0x0 },
          { "\x65\x6c\x65\x6d": "\x4f", "\x78": 0x0, "\x79": -0x1e, "\x7a": 0x3d },
          { "\x65\x6c\x65\x6d": "\x4f", "\x78": -0x38, "\x79": -0x1c, "\x7a": -0x27 },
          { "\x65\x6c\x65\x6d": "\x4f", "\x78": 0x38, "\x79": -0x1c, "\x7a": -0x27 },
          { "\x65\x6c\x65\x6d": "\x4e\x61", "\x78": -0x55, "\x79": -0x20, "\x7a": -0x52 },
          { "\x65\x6c\x65\x6d": "\x4e\x61", "\x78": 0x55, "\x79": -0x20, "\x7a": -0x52 },
        ],
        "\x62\x6f\x6e\x64\x73": [
          [0x0, 0x1, "\x64\x6f\x75\x62\x6c\x65"],
          [0x0, 0x2],
          [0x0, 0x3],
          [0x4, 0x2, "\x69\x6f\x6e\x69\x63\x5f\x74\x68\x69\x6e"],
          [0x5, 0x3, "\x69\x6f\x6e\x69\x63\x5f\x74\x68\x69\x6e"],
        ],
      },
      "\x4e\x61\x48\x53\x4f\x33\x7c\u4e9e\u786b\u9178\u6c2b\u9209": {
        "\x70\x67": "\x43\x73",
        "\x6d\x70": "\x31\x35\x30\x20\x28\u5206\u89e3\x29",
        "\x62\x70": "\x2d",
        "\x64\x65\x73\x63": "\x3c\x73\x74\x72\x6f\x6e\x67\x3e\u4e9e\u786b\u9178\u6c2b\u9209\x3c\x2f\x73\x74\x72\x6f\x6e\x67\x3e\x3c\x62\x72\x3e\u4e9e\u786b\u9178\u7684\u9178\u5f0f\u9e7d\uff0c\u70ba\u767d\u8272\u7d50\u6676\u7c89\u672b\uff0c\u6709\u4e8c\u6c27\u5316\u786b\u7684\u523a\u6fc0\u6c23\u6c23\u5473\u3002\u5e38\u7528\u65bc\u6f02\u767d\u7e54\u7269\u3001\u98df\u54c1\u9632\u8150\u53ca\u8655\u7406\u5de5\u696d\u5ee2\u6c34\u3002",
        "\x61\x74\x6f\x6d\x73": [
          { "\x65\x6c\x65\x6d": "\x53", "\x78": 0x0, "\x79": 0x0, "\x7a": 0x0 },
          { "\x65\x6c\x65\x6d": "\x4f", "\x78": 0x0, "\x79": -0x1e, "\x7a": 0x3d },
          { "\x65\x6c\x65\x6d": "\x4f", "\x78": -0x38, "\x79": -0x1c, "\x7a": -0x27 },
          { "\x65\x6c\x65\x6d": "\x4f", "\x78": 0x38, "\x79": -0x1c, "\x7a": -0x27 },
          { "\x65\x6c\x65\x6d": "\x48", "\x78": -0x5a, "\x79": -0x26, "\x7a": -0xc },
          { "\x65\x6c\x65\x6d": "\x4e\x61", "\x78": 0x55, "\x79": -0x20, "\x7a": -0x52 },
        ],
        "\x62\x6f\x6e\x64\x73": [
          [0x0, 0x1, "\x64\x6f\x75\x62\x6c\x65"],
          [0x0, 0x2],
          [0x0, 0x3],
          [0x2, 0x4],
          [0x5, 0x3, "\x69\x6f\x6e\x69\x63\x5f\x74\x68\x69\x6e"],
        ],
      },
      "\x43\x61\x53\x4f\x33\x7c\u4e9e\u786b\u9178\u9223": {
        "\x70\x67": "\x43\x33\x76",
        "\x6d\x70": "\x36\x30\x30\x20\x28\u5206\u89e3\x29",
        "\x62\x70": "\x2d",
        "\x64\x65\x73\x63": "\x3c\x73\x74\x72\x6f\x6e\x67\x3e\u4e9e\u786b\u9178\u9223\x3c\x2f\x73\x74\x72\x6f\x6e\x67\x3e\x3c\x62\x72\x3e\u767d\u8272\u7d50\u6676\u7c89\u672b\uff0c\u5fae\u6eb6\u65bc\u6c34\u3002\u4e3b\u8981\u7528\u4f5c\u98df\u54c1\u9632\u8150\u5291\u3001\u6d88\u6bd2\u5291\uff0c\u4e5f\u662f\u7159\u6c23\u812b\u786b\u5de5\u85dd\u4e2d\u7684\u5e38\u898b\u7522\u7269\u3002",
        "\x61\x74\x6f\x6d\x73": [
          { "\x65\x6c\x65\x6d": "\x53", "\x78": 0x0, "\x79": 0x0, "\x7a": 0x0 },
          { "\x65\x6c\x65\x6d": "\x4f", "\x78": 0x0, "\x79": -0x1e, "\x7a": 0x3d },
          { "\x65\x6c\x65\x6d": "\x4f", "\x78": -0x38, "\x79": -0x1c, "\x7a": -0x27 },
          { "\x65\x6c\x65\x6d": "\x4f", "\x78": 0x38, "\x79": -0x1c, "\x7a": -0x27 },
          { "\x65\x6c\x65\x6d": "\x43\x61", "\x78": 0x0, "\x79": -0x20, "\x7a": -0x57 },
        ],
        "\x62\x6f\x6e\x64\x73": [
          [0x0, 0x1, "\x64\x6f\x75\x62\x6c\x65"],
          [0x0, 0x2],
          [0x0, 0x3],
          [0x4, 0x2, "\x69\x6f\x6e\x69\x63\x5f\x74\x68\x69\x6e"],
          [0x4, 0x3, "\x69\x6f\x6e\x69\x63\x5f\x74\x68\x69\x6e"],
        ],
      },
    },
    null,
    "\x2d",
    "\x61\x63\x69\x64",
  ),
  addMol(
    "\x48\x32\x53\x32\x4f\x33\x7c\u786b\u4ee3\u786b\u9178\u7cfb\u5217",
    "\x53",
    "\x73\x70\u00b3",
    ["\u56db\u9762\u9ad4", "\x54\x65\x74\x72\x61\x68\x65\x64\x72\x61\x6c"],
    "\x31\x30\x39\x2e\x35\u00b0",
    "\x2d\x37\x38\x20\x28\u5206\u89e3\x29",
    "\x2d",
    [],
    [],
    {
      "\x48\x32\x53\x32\x4f\x33\x7c\u786b\u4ee3\u786b\u9178": {
        "\x70\x67": "\x43\x73",
        "\x6d\x70": "\x2d\x37\x38",
        "\x62\x70": "\x2d",
        "\x64\x65\x73\x63": "\x3c\x73\x74\x72\x6f\x6e\x67\x3e\u786b\u4ee3\u786b\u9178\x3c\x2f\x73\x74\x72\x6f\x6e\x67\x3e\x3c\x62\x72\x3e\u4e0d\u7a69\u5b9a\u9178\uff0c\u4e2d\u5fc3\x53\u9023\u63a5\u53e6\u4e00\u500b\u5916\u570d\x53\u539f\u5b50\u3002",
        "\x61\x74\x6f\x6d\x73": [
          { "\x65\x6c\x65\x6d": "\x53", "\x78": 0x0, "\x79": 0x0, "\x7a": 0x0 },
          { "\x65\x6c\x65\x6d": "\x53", "\x78": 0x0, "\x79": 0x50, "\x7a": 0x0 },
          { "\x65\x6c\x65\x6d": "\x4f", "\x78": 0x0, "\x79": -0x19, "\x7a": -0x3f },
          { "\x65\x6c\x65\x6d": "\x4f", "\x78": 0x3c, "\x79": -0x1e, "\x7a": 0x23 },
          { "\x65\x6c\x65\x6d": "\x4f", "\x78": -0x3c, "\x79": -0x1e, "\x7a": 0x23 },
          { "\x65\x6c\x65\x6d": "\x48", "\x78": 0x55, "\x79": 0x5, "\x7a": 0x3c },
          { "\x65\x6c\x65\x6d": "\x48", "\x78": -0x55, "\x79": 0x5, "\x7a": 0x3c },
        ],
        "\x62\x6f\x6e\x64\x73": [
          [0x0, 0x1, "\x64\x6f\x75\x62\x6c\x65"],
          [0x0, 0x2, "\x64\x6f\x75\x62\x6c\x65"],
          [0x0, 0x3],
          [0x0, 0x4],
          [0x3, 0x5],
          [0x4, 0x6],
        ],
      },
      "\x48\x53\x32\x4f\x33\x20\x2d\x7c\u786b\u4ee3\u786b\u9178\u6c2b\u6839": {
        "\x70\x67": "\x43\x73",
        "\x6d\x70": "\x2d",
        "\x62\x70": "\x2d",
        "\x64\x65\x73\x63": "\x3c\x73\x74\x72\x6f\x6e\x67\x3e\u786b\u4ee3\u786b\u9178\u6c2b\u6839\x3c\x2f\x73\x74\x72\x6f\x6e\x67\x3e\x3c\x62\x72\x3e\u7d50\u69cb\u985e\u4f3c\u786b\u9178\u6c2b\u6839\u4f46\u4e00\u500b\x4f\u88ab\x53\u53d6\u4ee3\u3002",
        "\x61\x74\x6f\x6d\x73": [
          { "\x65\x6c\x65\x6d": "\x53", "\x78": 0x0, "\x79": 0x0, "\x7a": 0x0 },
          { "\x65\x6c\x65\x6d": "\x53", "\x78": 0x0, "\x79": 0x50, "\x7a": 0x0 },
          { "\x65\x6c\x65\x6d": "\x4f", "\x78": 0x0, "\x79": -0x19, "\x7a": -0x3f },
          { "\x65\x6c\x65\x6d": "\x4f", "\x78": 0x3c, "\x79": -0x1e, "\x7a": 0x23 },
          { "\x65\x6c\x65\x6d": "\x4f", "\x78": -0x3c, "\x79": -0x1e, "\x7a": 0x23 },
          { "\x65\x6c\x65\x6d": "\x48", "\x78": 0x55, "\x79": 0x5, "\x7a": 0x3c },
        ],
        "\x62\x6f\x6e\x64\x73": [
          [0x0, 0x1, "\x64\x6f\x75\x62\x6c\x65"],
          [0x0, 0x2, "\x64\x6f\x75\x62\x6c\x65"],
          [0x0, 0x3],
          [0x0, 0x4],
          [0x3, 0x5],
        ],
      },
      "\x53\x32\x4f\x33\x20\x32\x2d\x7c\u786b\u4ee3\u786b\u9178\u6839": {
        "\x70\x67": "\x43\x33\x76",
        "\x6d\x70": "\x2d",
        "\x62\x70": "\x2d",
        "\x64\x65\x73\x63": "\x3c\x73\x74\x72\x6f\x6e\x67\x3e\u786b\u4ee3\u786b\u9178\u6839\x3c\x2f\x73\x74\x72\x6f\x6e\x67\x3e\x3c\x62\x72\x3e\u5177\u9084\u539f\u6027\uff0c\u4e2d\u5fc3\u786b\u539f\u5b50\u8207\u5916\u570d\u786b\u5f62\u6210\u96d9\u9375\u3002",
        "\x61\x74\x6f\x6d\x73": [
          { "\x65\x6c\x65\x6d": "\x53", "\x78": 0x0, "\x79": 0x0, "\x7a": 0x0 },
          { "\x65\x6c\x65\x6d": "\x53", "\x78": 0x0, "\x79": 0x50, "\x7a": 0x0 },
          { "\x65\x6c\x65\x6d": "\x4f", "\x78": 0x0, "\x79": -0x19, "\x7a": -0x3f },
          { "\x65\x6c\x65\x6d": "\x4f", "\x78": 0x3c, "\x79": -0x1e, "\x7a": 0x23 },
          { "\x65\x6c\x65\x6d": "\x4f", "\x78": -0x3c, "\x79": -0x1e, "\x7a": 0x23 },
        ],
        "\x62\x6f\x6e\x64\x73": [
          [0x0, 0x1, "\x64\x6f\x75\x62\x6c\x65"],
          [0x0, 0x2, "\x64\x6f\x75\x62\x6c\x65"],
          [0x0, 0x3, "\x73\x69\x6e\x67\x6c\x65"],
          [0x0, 0x4, "\x73\x69\x6e\x67\x6c\x65"],
        ],
      },
      "\x4e\x61\x32\x53\x32\x4f\x33\x7c\u786b\u4ee3\u786b\u9178\u9209\x7c\u5927\u8607\u6253\x7c\u6d77\u6ce2": {
        "\x70\x67": "\x43\x33\x76",
        "\x6d\x70": "\x34\x38\x2e\x33",
        "\x62\x70": "\x31\x30\x30\x20\x28\u5206\u89e3\x29",
        "\x64\x65\x73\x63": "\x3c\x73\x74\x72\x6f\x6e\x67\x3e\u786b\u4ee3\u786b\u9178\u9209\x20\x28\u6d77\u6ce2\x29\x3c\x2f\x73\x74\x72\x6f\x6e\x67\x3e\x3c\x62\x72\x3e\x4e\x61\u207a\x20\u4f4d\u65bc\u7d50\u69cb\u5916\u5074\uff0c\u7121\u5be6\u9ad4\u9375\u9023\u7dda\u3002",
        "\x61\x74\x6f\x6d\x73": [
          { "\x65\x6c\x65\x6d": "\x53", "\x78": 0x0, "\x79": 0x0, "\x7a": 0x0 },
          { "\x65\x6c\x65\x6d": "\x53", "\x78": 0x0, "\x79": 0x50, "\x7a": 0x0 },
          { "\x65\x6c\x65\x6d": "\x4f", "\x78": 0x0, "\x79": -0x19, "\x7a": -0x3f },
          { "\x65\x6c\x65\x6d": "\x4f", "\x78": 0x3c, "\x79": -0x1e, "\x7a": 0x23 },
          { "\x65\x6c\x65\x6d": "\x4f", "\x78": -0x3c, "\x79": -0x1e, "\x7a": 0x23 },
          { "\x65\x6c\x65\x6d": "\x4e\x61", "\x78": 0x64, "\x79": 0x14, "\x7a": 0x0, "\x72": 0xf },
          { "\x65\x6c\x65\x6d": "\x4e\x61", "\x78": -0x64, "\x79": 0x14, "\x7a": 0x0, "\x72": 0xf },
        ],
        "\x62\x6f\x6e\x64\x73": [
          [0x0, 0x1, "\x64\x6f\x75\x62\x6c\x65"],
          [0x0, 0x2, "\x64\x6f\x75\x62\x6c\x65"],
          [0x0, 0x3, "\x73\x69\x6e\x67\x6c\x65"],
          [0x0, 0x4, "\x73\x69\x6e\x67\x6c\x65"],
        ],
      },
    },
    null,
    "\x2d",
    "\x61\x63\x69\x64",
  ),
  addMol(
    "\x48\x32\x43\x4f\x33\x7c\u78b3\u9178\u7cfb\u5217",
    "\x43",
    "\x73\x70\u00b2",
    ["\u5e73\u9762\u4e09\u89d2\u5f62", "\x54\x72\x69\x67\x6f\x6e\x61\x6c\x20\x50\x6c\x61\x6e\x61\x72"],
    "\x31\x32\x30\u00b0",
    "\x2d",
    "\u4e0d\u7a69\u5b9a",
    [],
    [],
    {
      "\x48\x32\x43\x4f\x33\x7c\u78b3\u9178": {
        "\x70\x67": "\x43\x73",
        "\x6d\x70": "\x2d",
        "\x62\x70": "\u4e0d\u7a69\u5b9a",
        "\x64\x65\x73\x63": "\x3c\x73\x74\x72\x6f\x6e\x67\x3e\u78b3\u9178\x3c\x2f\x73\x74\x72\x6f\x6e\x67\x3e\x3c\x62\x72\x3e\u4e8c\u8cea\u5b50\u5f31\u9178\uff0c\u5b58\u5728\u65bc\u6c7d\u6c34\u4e2d\u3002",
        "\x61\x74\x6f\x6d\x73": [
          { "\x65\x6c\x65\x6d": "\x43", "\x78": 0x0, "\x79": 0x0, "\x7a": 0x0 },
          { "\x65\x6c\x65\x6d": "\x4f", "\x78": 0x0, "\x79": 0x46, "\x7a": 0x0 },
          { "\x65\x6c\x65\x6d": "\x4f", "\x78": 0x3c, "\x79": -0x23, "\x7a": 0x0 },
          { "\x65\x6c\x65\x6d": "\x4f", "\x78": -0x3c, "\x79": -0x23, "\x7a": 0x0 },
          { "\x65\x6c\x65\x6d": "\x48", "\x78": 0x5a, "\x79": -0xa, "\x7a": 0x0 },
          { "\x65\x6c\x65\x6d": "\x48", "\x78": -0x5a, "\x79": -0xa, "\x7a": 0x0 },
        ],
        "\x62\x6f\x6e\x64\x73": [
          [0x0, 0x1, "\x64\x6f\x75\x62\x6c\x65"],
          [0x0, 0x2],
          [0x0, 0x3],
          [0x2, 0x4],
          [0x3, 0x5],
        ],
      },
      "\x48\x43\x4f\x33\x20\x2d\x7c\u78b3\u9178\u6c2b\u6839": {
        "\x70\x67": "\x43\x73",
        "\x6d\x70": "\x2d",
        "\x62\x70": "\x2d",
        "\x64\x65\x73\x63": "\x3c\x73\x74\x72\x6f\x6e\x67\x3e\u78b3\u9178\u6c2b\u6839\x3c\x2f\x73\x74\x72\x6f\x6e\x67\x3e\x3c\x62\x72\x3e\u5e36\x2d\x31\u50f9\u96fb\u8377\uff0c\u5c0f\u8607\u6253\u7684\u4e3b\u8981\u6210\u5206\u3002",
        "\x61\x74\x6f\x6d\x73": [
          { "\x65\x6c\x65\x6d": "\x43", "\x78": 0x0, "\x79": 0x0, "\x7a": 0x0 },
          { "\x65\x6c\x65\x6d": "\x4f", "\x78": 0x0, "\x79": 0x46, "\x7a": 0x0 },
          { "\x65\x6c\x65\x6d": "\x4f", "\x78": 0x3c, "\x79": -0x23, "\x7a": 0x0 },
          { "\x65\x6c\x65\x6d": "\x4f", "\x78": -0x3c, "\x79": -0x23, "\x7a": 0x0 },
          { "\x65\x6c\x65\x6d": "\x48", "\x78": -0x5a, "\x79": -0xa, "\x7a": 0x0 },
        ],
        "\x62\x6f\x6e\x64\x73": [
          [0x0, 0x1, "\x64\x6f\x75\x62\x6c\x65"],
          [0x0, 0x2],
          [0x0, 0x3],
          [0x3, 0x4],
        ],
      },
      "\x43\x4f\x33\x20\x32\x2d\x7c\u78b3\u9178\u6839": {
        "\x70\x67": "\x44\x33\x68",
        "\x6d\x70": "\x2d",
        "\x62\x70": "\x2d",
        "\x64\x65\x73\x63": "\x3c\x73\x74\x72\x6f\x6e\x67\x3e\u78b3\u9178\u6839\x3c\x2f\x73\x74\x72\x6f\x6e\x67\x3e\x3c\x62\x72\x3e\u5e36\x2d\x32\u50f9\u96fb\u8377\uff0c\u5171\u632f\u7d50\u69cb\u3002",
        "\x61\x74\x6f\x6d\x73": [
          { "\x65\x6c\x65\x6d": "\x43", "\x78": 0x0, "\x79": 0x0, "\x7a": 0x0 },
          { "\x65\x6c\x65\x6d": "\x4f", "\x78": 0x0, "\x79": 0x46, "\x7a": 0x0 },
          { "\x65\x6c\x65\x6d": "\x4f", "\x78": 0x3c, "\x79": -0x23, "\x7a": 0x0 },
          { "\x65\x6c\x65\x6d": "\x4f", "\x78": -0x3c, "\x79": -0x23, "\x7a": 0x0 },
        ],
        "\x62\x6f\x6e\x64\x73": [
          [0x0, 0x1, "\x64\x6f\x75\x62\x6c\x65"],
          [0x0, 0x2, "\x73\x69\x6e\x67\x6c\x65"],
          [0x0, 0x3, "\x73\x69\x6e\x67\x6c\x65"],
        ],
      },
      "\x43\x61\x43\x4f\x33\x7c\u78b3\u9178\u9223\x7c\u7070\u77f3": {
        "\x70\x67": "\x44\x33\x68",
        "\x6d\x70": "\x38\x32\x35\x20\x28\u5206\u89e3\x29",
        "\x62\x70": "\x2d",
        "\x64\x65\x73\x63": "\x3c\x73\x74\x72\x6f\x6e\x67\x3e\u78b3\u9178\u9223\x3c\x2f\x73\x74\x72\x6f\x6e\x67\x3e\x3c\x62\x72\x3e\x43\x61\u00b2\u207a\x20\u4f4d\u65bc\u78b3\u9178\u6839\u5e73\u9762\u4e0a\u65b9\u3002",
        "\x61\x74\x6f\x6d\x73": [
          { "\x65\x6c\x65\x6d": "\x43", "\x78": 0x0, "\x79": 0x0, "\x7a": 0x0 },
          { "\x65\x6c\x65\x6d": "\x4f", "\x78": 0x0, "\x79": 0x46, "\x7a": 0x0 },
          { "\x65\x6c\x65\x6d": "\x4f", "\x78": 0x3c, "\x79": -0x23, "\x7a": 0x0 },
          { "\x65\x6c\x65\x6d": "\x4f", "\x78": -0x3c, "\x79": -0x23, "\x7a": 0x0 },
          { "\x65\x6c\x65\x6d": "\x43\x61", "\x78": 0x0, "\x79": 0x0, "\x7a": 0x5a, "\x72": 0x14, "\x6c\x70\x43\x6f\x75\x6e\x74": 0x0 },
        ],
        "\x62\x6f\x6e\x64\x73": [
          [0x0, 0x1, "\x64\x6f\x75\x62\x6c\x65"],
          [0x0, 0x2, "\x73\x69\x6e\x67\x6c\x65"],
          [0x0, 0x3, "\x73\x69\x6e\x67\x6c\x65"],
        ],
      },
      "\x4d\x67\x43\x4f\x33\x7c\u78b3\u9178\u9382": {
        "\x70\x67": "\x44\x33\x68",
        "\x6d\x70": "\x33\x35\x30\x20\x28\u5206\u89e3\x29",
        "\x62\x70": "\x2d",
        "\x64\x65\x73\x63": "\x3c\x73\x74\x72\x6f\x6e\x67\x3e\u78b3\u9178\u9382\x3c\x2f\x73\x74\x72\x6f\x6e\x67\x3e\x3c\x62\x72\x3e\x4d\x67\u00b2\u207a\x20\u4f4d\u65bc\u78b3\u9178\u6839\u5e73\u9762\u4e0a\u65b9\u3002",
        "\x61\x74\x6f\x6d\x73": [
          { "\x65\x6c\x65\x6d": "\x43", "\x78": 0x0, "\x79": 0x0, "\x7a": 0x0 },
          { "\x65\x6c\x65\x6d": "\x4f", "\x78": 0x0, "\x79": 0x46, "\x7a": 0x0 },
          { "\x65\x6c\x65\x6d": "\x4f", "\x78": 0x3c, "\x79": -0x23, "\x7a": 0x0 },
          { "\x65\x6c\x65\x6d": "\x4f", "\x78": -0x3c, "\x79": -0x23, "\x7a": 0x0 },
          { "\x65\x6c\x65\x6d": "\x4d\x67", "\x78": 0x0, "\x79": 0x0, "\x7a": 0x5a, "\x72": 0x12, "\x6c\x70\x43\x6f\x75\x6e\x74": 0x0 },
        ],
        "\x62\x6f\x6e\x64\x73": [
          [0x0, 0x1, "\x64\x6f\x75\x62\x6c\x65"],
          [0x0, 0x2, "\x73\x69\x6e\x67\x6c\x65"],
          [0x0, 0x3, "\x73\x69\x6e\x67\x6c\x65"],
        ],
      },
      "\x4e\x61\x32\x43\x4f\x33\x7c\u78b3\u9178\u9209\x7c\u8607\u6253": {
        "\x70\x67": "\x44\x33\x68",
        "\x6d\x70": "\x38\x35\x31",
        "\x62\x70": "\x2d",
        "\x64\x65\x73\x63": "\x3c\x73\x74\x72\x6f\x6e\x67\x3e\u78b3\u9178\u9209\x20\x28\u8607\u6253\x29\x3c\x2f\x73\x74\x72\x6f\x6e\x67\x3e\x3c\x62\x72\x3e\u5169\u500b\x20\x4e\x61\u207a\x20\u4f4d\u65bc\u5916\u5074\u3002",
        "\x61\x74\x6f\x6d\x73": [
          { "\x65\x6c\x65\x6d": "\x43", "\x78": 0x0, "\x79": 0x0, "\x7a": 0x0 },
          { "\x65\x6c\x65\x6d": "\x4f", "\x78": 0x0, "\x79": 0x46, "\x7a": 0x0 },
          { "\x65\x6c\x65\x6d": "\x4f", "\x78": 0x3c, "\x79": -0x23, "\x7a": 0x0 },
          { "\x65\x6c\x65\x6d": "\x4f", "\x78": -0x3c, "\x79": -0x23, "\x7a": 0x0 },
          { "\x65\x6c\x65\x6d": "\x4e\x61", "\x78": 0x64, "\x79": -0x14, "\x7a": 0x0, "\x72": 0xf },
          { "\x65\x6c\x65\x6d": "\x4e\x61", "\x78": -0x64, "\x79": -0x14, "\x7a": 0x0, "\x72": 0xf },
        ],
        "\x62\x6f\x6e\x64\x73": [
          [0x0, 0x1, "\x64\x6f\x75\x62\x6c\x65"],
          [0x0, 0x2, "\x73\x69\x6e\x67\x6c\x65"],
          [0x0, 0x3, "\x73\x69\x6e\x67\x6c\x65"],
        ],
      },
      "\x4b\x32\x43\x4f\x33\x7c\u78b3\u9178\u9240\x7c\u8349\u6728\u7070": {
        "\x70\x67": "\x44\x33\x68",
        "\x6d\x70": "\x38\x39\x31",
        "\x62\x70": "\x2d",
        "\x64\x65\x73\x63": "\x3c\x73\x74\x72\x6f\x6e\x67\x3e\u78b3\u9178\u9240\x3c\x2f\x73\x74\x72\x6f\x6e\x67\x3e\x3c\x62\x72\x3e\u5169\u500b\x20\x4b\u207a\x20\u4f4d\u65bc\u5916\u5074\u3002",
        "\x61\x74\x6f\x6d\x73": [
          { "\x65\x6c\x65\x6d": "\x43", "\x78": 0x0, "\x79": 0x0, "\x7a": 0x0 },
          { "\x65\x6c\x65\x6d": "\x4f", "\x78": 0x0, "\x79": 0x46, "\x7a": 0x0 },
          { "\x65\x6c\x65\x6d": "\x4f", "\x78": 0x3c, "\x79": -0x23, "\x7a": 0x0 },
          { "\x65\x6c\x65\x6d": "\x4f", "\x78": -0x3c, "\x79": -0x23, "\x7a": 0x0 },
          { "\x65\x6c\x65\x6d": "\x4b", "\x78": 0x64, "\x79": -0x14, "\x7a": 0x0, "\x72": 0x16 },
          { "\x65\x6c\x65\x6d": "\x4b", "\x78": -0x64, "\x79": -0x14, "\x7a": 0x0, "\x72": 0x16 },
        ],
        "\x62\x6f\x6e\x64\x73": [
          [0x0, 0x1, "\x64\x6f\x75\x62\x6c\x65"],
          [0x0, 0x2, "\x73\x69\x6e\x67\x6c\x65"],
          [0x0, 0x3, "\x73\x69\x6e\x67\x6c\x65"],
        ],
      },
      "\x4e\x61\x48\x43\x4f\x33\x7c\u78b3\u9178\u6c2b\u9209\x7c\u5c0f\u8607\u6253": {
        "\x70\x67": "\x43\x73",
        "\x6d\x70": "\x35\x30\x20\x28\u5206\u89e3\x29",
        "\x62\x70": "\x2d",
        "\x64\x65\x73\x63": "\x3c\x73\x74\x72\x6f\x6e\x67\x3e\u78b3\u9178\u6c2b\u9209\x3c\x2f\x73\x74\x72\x6f\x6e\x67\x3e\x3c\x62\x72\x3e\x4e\x61\u207a\x20\u4f4d\u65bc\u5916\u5074\u3002",
        "\x61\x74\x6f\x6d\x73": [
          { "\x65\x6c\x65\x6d": "\x43", "\x78": 0x0, "\x79": 0x0, "\x7a": 0x0 },
          { "\x65\x6c\x65\x6d": "\x4f", "\x78": 0x0, "\x79": 0x46, "\x7a": 0x0 },
          { "\x65\x6c\x65\x6d": "\x4f", "\x78": 0x3c, "\x79": -0x23, "\x7a": 0x0 },
          { "\x65\x6c\x65\x6d": "\x4f", "\x78": -0x3c, "\x79": -0x23, "\x7a": 0x0 },
          { "\x65\x6c\x65\x6d": "\x48", "\x78": -0x5a, "\x79": -0xa, "\x7a": 0x0 },
          { "\x65\x6c\x65\x6d": "\x4e\x61", "\x78": 0x64, "\x79": -0x14, "\x7a": 0x0, "\x72": 0xf },
        ],
        "\x62\x6f\x6e\x64\x73": [
          [0x0, 0x1, "\x64\x6f\x75\x62\x6c\x65"],
          [0x0, 0x2],
          [0x0, 0x3],
          [0x3, 0x4],
        ],
      },
    },
    null,
    "\x2d",
    "\x61\x63\x69\x64",
  ),
  addMol(
    "\x48\x4e\x4f\x33\x7c\u785d\u9178\u7cfb\u5217",
    "\x4e",
    "\x73\x70\u00b2",
    ["\u5e73\u9762\u4e09\u89d2\u5f62", "\x54\x72\x69\x67\x6f\x6e\x61\x6c\x20\x50\x6c\x61\x6e\x61\x72"],
    "\x31\x32\x30\u00b0",
    "\x2d\x34\x32",
    "\x38\x33",
    [],
    [],
    {
      "\x48\x4e\x4f\x33\x7c\u785d\u9178": {
        "\x70\x67": "\x43\x73",
        "\x6d\x70": "\x2d\x34\x32",
        "\x62\x70": "\x38\x33",
        "\x64\x65\x73\x63": "\x3c\x73\x74\x72\x6f\x6e\x67\x3e\u785d\u9178\x3c\x2f\x73\x74\x72\x6f\x6e\x67\x3e\x3c\x62\x72\x3e\u5f37\u9178\u53ca\u5f37\u6c27\u5316\u5291\u3002\u5149\u7167\u6613\u5206\u89e3\u7522\u751f\u7d05\u68d5\u8272\x20\x4e\x4f\u2082\u3002",
        "\x61\x74\x6f\x6d\x73": [
          { "\x65\x6c\x65\x6d": "\x4e", "\x78": 0x0, "\x79": 0x0, "\x7a": 0x0, "\x6c\x70\x43\x6f\x75\x6e\x74": 0x0 },
          { "\x65\x6c\x65\x6d": "\x4f", "\x78": 0x0, "\x79": 0x44, "\x7a": 0x0 },
          { "\x65\x6c\x65\x6d": "\x4f", "\x78": -0x3b, "\x79": -0x22, "\x7a": 0x0 },
          { "\x65\x6c\x65\x6d": "\x4f", "\x78": 0x3b, "\x79": -0x22, "\x7a": 0x0, "\x6c\x70\x43\x6f\x75\x6e\x74": 0x2 },
          { "\x65\x6c\x65\x6d": "\x48", "\x78": 0x5a, "\x79": -0xf, "\x7a": 0x0 },
        ],
        "\x62\x6f\x6e\x64\x73": [
          [0x0, 0x1, "\x64\x6f\x75\x62\x6c\x65"],
          [0x0, 0x2, "\x63\x6f\x6f\x72\x64\x69\x6e\x61\x74\x65"],
          [0x0, 0x3],
          [0x3, 0x4],
        ],
      },
      "\x4e\x4f\x33\x20\x2d\x7c\u785d\u9178\u6839": {
        "\x70\x67": "\x44\x33\x68",
        "\x6d\x70": "\x2d",
        "\x62\x70": "\x2d",
        "\x64\x65\x73\x63": "\x3c\x73\x74\x72\x6f\x6e\x67\x3e\u785d\u9178\u6839\x3c\x2f\x73\x74\x72\x6f\x6e\x67\x3e\x3c\x62\x72\x3e\u5177\u6709\u9ad8\u5ea6\u5c0d\u7a31\u7684\u5e73\u9762\u7d50\u69cb\x20\x28\u5171\u632f\x29\u3002",
        "\x61\x74\x6f\x6d\x73": [
          { "\x65\x6c\x65\x6d": "\x4e", "\x78": 0x0, "\x79": 0x0, "\x7a": 0x0, "\x6c\x70\x43\x6f\x75\x6e\x74": 0x0 },
          { "\x65\x6c\x65\x6d": "\x4f", "\x78": 0x0, "\x79": 0x44, "\x7a": 0x0 },
          { "\x65\x6c\x65\x6d": "\x4f", "\x78": -0x3b, "\x79": -0x22, "\x7a": 0x0 },
          { "\x65\x6c\x65\x6d": "\x4f", "\x78": 0x3b, "\x79": -0x22, "\x7a": 0x0 },
        ],
        "\x62\x6f\x6e\x64\x73": [
          [0x0, 0x1, "\x64\x6f\x75\x62\x6c\x65"],
          [0x0, 0x2, "\x63\x6f\x6f\x72\x64\x69\x6e\x61\x74\x65"],
          [0x0, 0x3],
        ],
      },
      "\x4b\x4e\x4f\x33\x7c\u785d\u9178\u9240\x7c\u785d\u77f3": {
        "\x70\x67": "\x44\x33\x68",
        "\x6d\x70": "\x33\x33\x34",
        "\x62\x70": "\x34\x30\x30\x20\x28\u5206\u89e3\x29",
        "\x64\x65\x73\x63": "\x3c\x73\x74\x72\x6f\x6e\x67\x3e\u785d\u9178\u9240\x3c\x2f\x73\x74\x72\x6f\x6e\x67\x3e\x3c\x62\x72\x3e\u4fd7\u7a31\u785d\u77f3\u3002\x4b\u207a\x20\u4f4d\u65bc\u7d50\u69cb\u4e0a\u65b9\u3002",
        "\x61\x74\x6f\x6d\x73": [
          { "\x65\x6c\x65\x6d": "\x4e", "\x78": 0x0, "\x79": 0x0, "\x7a": 0x0, "\x6c\x70\x43\x6f\x75\x6e\x74": 0x0 },
          { "\x65\x6c\x65\x6d": "\x4f", "\x78": 0x0, "\x79": 0x44, "\x7a": 0x0 },
          { "\x65\x6c\x65\x6d": "\x4f", "\x78": -0x3b, "\x79": -0x22, "\x7a": 0x0 },
          { "\x65\x6c\x65\x6d": "\x4f", "\x78": 0x3b, "\x79": -0x22, "\x7a": 0x0 },
          { "\x65\x6c\x65\x6d": "\x4b", "\x78": 0x0, "\x79": 0x0, "\x7a": 0x5a, "\x72": 0x16, "\x6c\x70\x43\x6f\x75\x6e\x74": 0x0 },
        ],
        "\x62\x6f\x6e\x64\x73": [
          [0x0, 0x1, "\x64\x6f\x75\x62\x6c\x65"],
          [0x0, 0x2, "\x63\x6f\x6f\x72\x64\x69\x6e\x61\x74\x65"],
          [0x0, 0x3],
        ],
      },
      "\x4e\x61\x4e\x4f\x33\x7c\u785d\u9178\u9209\x7c\u667a\u5229\u785d\u77f3": {
        "\x70\x67": "\x44\x33\x68",
        "\x6d\x70": "\x33\x30\x38",
        "\x62\x70": "\x33\x38\x30\x20\x28\u5206\u89e3\x29",
        "\x64\x65\x73\x63": "\x3c\x73\x74\x72\x6f\x6e\x67\x3e\u785d\u9178\u9209\x3c\x2f\x73\x74\x72\x6f\x6e\x67\x3e\x3c\x62\x72\x3e\u4fd7\u7a31\u667a\u5229\u785d\u77f3\u3002\x4e\x61\u207a\x20\u4f4d\u65bc\u7d50\u69cb\u4e0a\u65b9\u3002",
        "\x61\x74\x6f\x6d\x73": [
          { "\x65\x6c\x65\x6d": "\x4e", "\x78": 0x0, "\x79": 0x0, "\x7a": 0x0, "\x6c\x70\x43\x6f\x75\x6e\x74": 0x0 },
          { "\x65\x6c\x65\x6d": "\x4f", "\x78": 0x0, "\x79": 0x44, "\x7a": 0x0 },
          { "\x65\x6c\x65\x6d": "\x4f", "\x78": -0x3b, "\x79": -0x22, "\x7a": 0x0 },
          { "\x65\x6c\x65\x6d": "\x4f", "\x78": 0x3b, "\x79": -0x22, "\x7a": 0x0 },
          { "\x65\x6c\x65\x6d": "\x4e\x61", "\x78": 0x0, "\x79": 0x0, "\x7a": 0x55, "\x72": 0xf, "\x6c\x70\x43\x6f\x75\x6e\x74": 0x0 },
        ],
        "\x62\x6f\x6e\x64\x73": [
          [0x0, 0x1, "\x64\x6f\x75\x62\x6c\x65"],
          [0x0, 0x2, "\x63\x6f\x6f\x72\x64\x69\x6e\x61\x74\x65"],
          [0x0, 0x3],
        ],
      },
      "\x41\x67\x4e\x4f\x33\x7c\u785d\u9178\u9280": {
        "\x70\x67": "\x44\x33\x68",
        "\x6d\x70": "\x32\x31\x32",
        "\x62\x70": "\x34\x34\x34\x20\x28\u5206\u89e3\x29",
        "\x64\x65\x73\x63": "\x3c\x73\x74\x72\x6f\x6e\x67\x3e\u785d\u9178\u9280\x3c\x2f\x73\x74\x72\x6f\x6e\x67\x3e\x3c\x62\x72\x3e\x41\x67\u207a\x20\u4f4d\u65bc\u7d50\u69cb\u4e0a\u65b9\u3002",
        "\x61\x74\x6f\x6d\x73": [
          { "\x65\x6c\x65\x6d": "\x4e", "\x78": 0x0, "\x79": 0x0, "\x7a": 0x0, "\x6c\x70\x43\x6f\x75\x6e\x74": 0x0 },
          { "\x65\x6c\x65\x6d": "\x4f", "\x78": 0x0, "\x79": 0x44, "\x7a": 0x0 },
          { "\x65\x6c\x65\x6d": "\x4f", "\x78": -0x3b, "\x79": -0x22, "\x7a": 0x0 },
          { "\x65\x6c\x65\x6d": "\x4f", "\x78": 0x3b, "\x79": -0x22, "\x7a": 0x0 },
          { "\x65\x6c\x65\x6d": "\x41\x67", "\x78": 0x0, "\x79": 0x0, "\x7a": 0x5a, "\x72": 0x12, "\x6c\x70\x43\x6f\x75\x6e\x74": 0x0 },
        ],
        "\x62\x6f\x6e\x64\x73": [
          [0x0, 0x1, "\x64\x6f\x75\x62\x6c\x65"],
          [0x0, 0x2, "\x63\x6f\x6f\x72\x64\x69\x6e\x61\x74\x65"],
          [0x0, 0x3],
        ],
      },
      "\x43\x75\x28\x4e\x4f\x33\x29\x32\x7c\u785d\u9178\u9285": {
        "\x70\x67": "\x44\x33\x68",
        "\x6d\x70": "\x31\x31\x34",
        "\x62\x70": "\x31\x37\x30\x20\x28\u5206\u89e3\x29",
        "\x64\x65\x73\x63": "\x3c\x73\x74\x72\x6f\x6e\x67\x3e\u785d\u9178\u9285\x3c\x2f\x73\x74\x72\x6f\x6e\x67\x3e\x3c\x62\x72\x3e\u85cd\u8272\u6676\u9ad4\u3002\x43\x75\u00b2\u207a\x20\u3002",
        "\x61\x74\x6f\x6d\x73": [
          { "\x65\x6c\x65\x6d": "\x43\x75", "\x78": 0x0, "\x79": 0x0, "\x7a": 0x0, "\x72": 0x12, "\x6c\x70\x43\x6f\x75\x6e\x74": 0x0 },
          { "\x65\x6c\x65\x6d": "\x4e", "\x78": -0x5a, "\x79": 0x0, "\x7a": 0x0, "\x6c\x70\x43\x6f\x75\x6e\x74": 0x0 },
          { "\x65\x6c\x65\x6d": "\x4f", "\x78": -0x91, "\x79": 0x0, "\x7a": 0x0 },
          { "\x65\x6c\x65\x6d": "\x4f", "\x78": -0x3c, "\x79": 0x2d, "\x7a": 0x23 },
          { "\x65\x6c\x65\x6d": "\x4f", "\x78": -0x3c, "\x79": -0x2d, "\x7a": -0x23 },
          { "\x65\x6c\x65\x6d": "\x4e", "\x78": 0x5a, "\x79": 0x0, "\x7a": 0x0, "\x6c\x70\x43\x6f\x75\x6e\x74": 0x0 },
          { "\x65\x6c\x65\x6d": "\x4f", "\x78": 0x91, "\x79": 0x0, "\x7a": 0x0 },
          { "\x65\x6c\x65\x6d": "\x4f", "\x78": 0x3c, "\x79": 0x2d, "\x7a": 0x23 },
          { "\x65\x6c\x65\x6d": "\x4f", "\x78": 0x3c, "\x79": -0x2d, "\x7a": -0x23 },
        ],
        "\x62\x6f\x6e\x64\x73": [
          [0x1, 0x2, "\x64\x6f\x75\x62\x6c\x65"],
          [0x1, 0x3, "\x63\x6f\x6f\x72\x64\x69\x6e\x61\x74\x65"],
          [0x1, 0x4, "\x73\x69\x6e\x67\x6c\x65"],
          [0x5, 0x6, "\x64\x6f\x75\x62\x6c\x65"],
          [0x5, 0x7, "\x63\x6f\x6f\x72\x64\x69\x6e\x61\x74\x65"],
          [0x5, 0x8, "\x73\x69\x6e\x67\x6c\x65"],
        ],
      },
    },
    null,
    "\x2d",
    "\x61\x63\x69\x64",
  ),
  addMol(
    "\x48\x4e\x4f\x32\x7c\u4e9e\u785d\u9178\u7cfb\u5217",
    "\x4e",
    "\x73\x70\u00b2",
    ["\u89d2\u5f62", "\x42\x65\x6e\x74"],
    "\x31\x31\x31\u00b0",
    "\x2d",
    "\u4e0d\u7a69\u5b9a",
    [],
    [],
    {
      "\x48\x4e\x4f\x32\x7c\u4e9e\u785d\u9178": {
        "\x70\x67": "\x43\x73",
        "\x6d\x70": "\x2d",
        "\x62\x70": "\u4e0d\u7a69\u5b9a",
        "\x64\x65\x73\x63": "\x3c\x73\x74\x72\x6f\x6e\x67\x3e\u4e9e\u785d\u9178\x3c\x2f\x73\x74\x72\x6f\x6e\x67\x3e\x3c\x62\x72\x3e\u5f31\u9178\uff0c\x4e\u539f\u5b50\u4e0a\u6709\u4e00\u5c0d\u5b64\u5c0d\u96fb\u5b50\u3002",
        "\x61\x74\x6f\x6d\x73": [
          { "\x65\x6c\x65\x6d": "\x4e", "\x78": 0x0, "\x79": 0x0, "\x7a": 0x0, "\x6c\x70\x43\x6f\x75\x6e\x74": 0x1 },
          { "\x65\x6c\x65\x6d": "\x4f", "\x78": 0x0, "\x79": 0x41, "\x7a": 0x0 },
          { "\x65\x6c\x65\x6d": "\x4f", "\x78": 0x3c, "\x79": -0x23, "\x7a": 0x0 },
          { "\x65\x6c\x65\x6d": "\x48", "\x78": 0x5a, "\x79": -0xa, "\x7a": 0x0 },
        ],
        "\x62\x6f\x6e\x64\x73": [
          [0x0, 0x1, "\x64\x6f\x75\x62\x6c\x65"],
          [0x0, 0x2],
          [0x2, 0x3],
        ],
      },
      "\x4e\x4f\x32\x20\x2d\x7c\u4e9e\u785d\u9178\u6839": {
        "\x70\x67": "\x43\x32\x76",
        "\x6d\x70": "\x2d",
        "\x62\x70": "\x2d",
        "\x64\x65\x73\x63": "\x3c\x73\x74\x72\x6f\x6e\x67\x3e\u4e9e\u785d\u9178\u6839\x3c\x2f\x73\x74\x72\x6f\x6e\x67\x3e\x3c\x62\x72\x3e\u5e38\u898b\u7684\u9632\u8150\u5291\u6210\u5206\x28\u4e9e\u785d\u9178\u9e7d\x29\uff0c\u7d50\u69cb\u5448\x56\u578b\u3002",
        "\x61\x74\x6f\x6d\x73": [
          { "\x65\x6c\x65\x6d": "\x4e", "\x78": 0x0, "\x79": 0x0, "\x7a": 0x0, "\x6c\x70\x43\x6f\x75\x6e\x74": 0x1 },
          { "\x65\x6c\x65\x6d": "\x4f", "\x78": 0x0, "\x79": 0x41, "\x7a": 0x0 },
          { "\x65\x6c\x65\x6d": "\x4f", "\x78": 0x3c, "\x79": -0x23, "\x7a": 0x0 },
        ],
        "\x62\x6f\x6e\x64\x73": [
          [0x0, 0x1, "\x64\x6f\x75\x62\x6c\x65"],
          [0x0, 0x2],
        ],
      },
      "\x4e\x61\x4e\x4f\x32\x7c\u4e9e\u785d\u9178\u9209": {
        "\x70\x67": "\x43\x32\x76",
        "\x6d\x70": "\x32\x37\x31",
        "\x62\x70": "\x33\x32\x30\x20\x28\u5206\u89e3\x29",
        "\x64\x65\x73\x63": "\x3c\x73\x74\x72\x6f\x6e\x67\x3e\u4e9e\u785d\u9178\u9209\x3c\x2f\x73\x74\x72\x6f\x6e\x67\x3e\x3c\x62\x72\x3e\x4e\x61\u207a\x20\u4f4d\u65bc\u5916\u5074\u3002",
        "\x61\x74\x6f\x6d\x73": [
          { "\x65\x6c\x65\x6d": "\x4e", "\x78": 0x0, "\x79": 0x0, "\x7a": 0x0, "\x6c\x70\x43\x6f\x75\x6e\x74": 0x1 },
          { "\x65\x6c\x65\x6d": "\x4f", "\x78": 0x0, "\x79": 0x41, "\x7a": 0x0 },
          { "\x65\x6c\x65\x6d": "\x4f", "\x78": 0x3c, "\x79": -0x23, "\x7a": 0x0 },
          { "\x65\x6c\x65\x6d": "\x4e\x61", "\x78": -0x50, "\x79": 0x0, "\x7a": 0x0, "\x72": 0xf },
        ],
        "\x62\x6f\x6e\x64\x73": [
          [0x0, 0x1, "\x64\x6f\x75\x62\x6c\x65"],
          [0x0, 0x2],
        ],
      },
      "\x4b\x4e\x4f\x32\x7c\u4e9e\u785d\u9178\u9240": {
        "\x70\x67": "\x43\x32\x76",
        "\x6d\x70": "\x34\x34\x30\x20\x28\u5206\u89e3\x29",
        "\x62\x70": "\x2d",
        "\x64\x65\x73\x63": "\x3c\x73\x74\x72\x6f\x6e\x67\x3e\u4e9e\u785d\u9178\u9240\x3c\x2f\x73\x74\x72\x6f\x6e\x67\x3e\x3c\x62\x72\x3e\x4b\u207a\x20\u4f4d\u65bc\u5916\u5074\u3002",
        "\x61\x74\x6f\x6d\x73": [
          { "\x65\x6c\x65\x6d": "\x4e", "\x78": 0x0, "\x79": 0x0, "\x7a": 0x0, "\x6c\x70\x43\x6f\x75\x6e\x74": 0x1 },
          { "\x65\x6c\x65\x6d": "\x4f", "\x78": 0x0, "\x79": 0x41, "\x7a": 0x0 },
          { "\x65\x6c\x65\x6d": "\x4f", "\x78": 0x3c, "\x79": -0x23, "\x7a": 0x0 },
          { "\x65\x6c\x65\x6d": "\x4b", "\x78": -0x55, "\x79": 0x0, "\x7a": 0x0, "\x72": 0x16 },
        ],
        "\x62\x6f\x6e\x64\x73": [
          [0x0, 0x1, "\x64\x6f\x75\x62\x6c\x65"],
          [0x0, 0x2],
        ],
      },
    },
    null,
    "\x2d",
    "\x61\x63\x69\x64",
  ),
  addMol(
    "\x48\x33\x50\x4f\x34\x7c\u78f7\u9178\u7cfb\u5217",
    "\x50",
    "\x73\x70\u00b3",
    ["\u56db\u9762\u9ad4", "\x54\x65\x74\x72\x61\x68\x65\x64\x72\x61\x6c"],
    "\x31\x30\x39\x2e\x35\u00b0",
    "\x34\x32\x2e\x34",
    "\x32\x31\x33\x20\x28\u5206\u89e3\x29",
    [],
    [],
    {
      "\x48\x33\x50\x4f\x34\x7c\u78f7\u9178": {
        "\x70\x67": "\x43\x73",
        "\x6d\x70": "\x34\x32\x2e\x34",
        "\x62\x70": "\x32\x31\x33\x20\x28\u5206\u89e3\x29",
        "\x64\x65\x73\x63": "\x3c\x73\x74\x72\x6f\x6e\x67\x3e\u78f7\u9178\x3c\x2f\x73\x74\x72\x6f\x6e\x67\x3e\x3c\x62\x72\x3e\u4e09\u8cea\u5b50\u9178\uff0c\u542b\u4e00\u500b\x20\x50\x3d\x4f\x20\u8207\u4e09\u500b\x20\x50\x2d\x4f\x48\u3002",
        "\x61\x74\x6f\x6d\x73": [
          { "\x65\x6c\x65\x6d": "\x50", "\x78": 0x0, "\x79": 0x0, "\x7a": 0x0, "\x6c\x70\x43\x6f\x75\x6e\x74": 0x0 },
          { "\x65\x6c\x65\x6d": "\x4f", "\x78": 0x0, "\x79": 0x44, "\x7a": 0x0 },
          { "\x65\x6c\x65\x6d": "\x4f", "\x78": 0x37, "\x79": -0x1e, "\x7a": 0x23, "\x6c\x70\x43\x6f\x75\x6e\x74": 0x2 },
          { "\x65\x6c\x65\x6d": "\x4f", "\x78": -0x37, "\x79": -0x1e, "\x7a": 0x23, "\x6c\x70\x43\x6f\x75\x6e\x74": 0x2 },
          { "\x65\x6c\x65\x6d": "\x4f", "\x78": 0x0, "\x79": -0x1e, "\x7a": -0x3c, "\x6c\x70\x43\x6f\x75\x6e\x74": 0x2 },
          { "\x65\x6c\x65\x6d": "\x48", "\x78": 0x50, "\x79": -0xa, "\x7a": 0x37 },
          { "\x65\x6c\x65\x6d": "\x48", "\x78": -0x50, "\x79": -0xa, "\x7a": 0x37 },
          { "\x65\x6c\x65\x6d": "\x48", "\x78": 0x0, "\x79": -0xa, "\x7a": -0x5a },
        ],
        "\x62\x6f\x6e\x64\x73": [
          [0x0, 0x1, "\x64\x6f\x75\x62\x6c\x65"],
          [0x0, 0x2],
          [0x0, 0x3],
          [0x0, 0x4],
          [0x2, 0x5],
          [0x3, 0x6],
          [0x4, 0x7],
        ],
      },
      "\x48\x32\x50\x4f\x34\x20\x2d\x7c\u78f7\u9178\u4e8c\u6c2b\u6839": {
        "\x70\x67": "\x43\x32\x76",
        "\x6d\x70": "\x2d",
        "\x62\x70": "\x2d",
        "\x64\x65\x73\x63": "\x3c\x73\x74\x72\x6f\x6e\x67\x3e\u78f7\u9178\u4e8c\u6c2b\u6839\x3c\x2f\x73\x74\x72\x6f\x6e\x67\x3e\x3c\x62\x72\x3e\u5e36\x20\x2d\x31\x20\u50f9\u96fb\u8377\u3002",
        "\x61\x74\x6f\x6d\x73": [
          { "\x65\x6c\x65\x6d": "\x50", "\x78": 0x0, "\x79": 0x0, "\x7a": 0x0, "\x6c\x70\x43\x6f\x75\x6e\x74": 0x0 },
          { "\x65\x6c\x65\x6d": "\x4f", "\x78": 0x0, "\x79": 0x44, "\x7a": 0x0 },
          { "\x65\x6c\x65\x6d": "\x4f", "\x78": 0x37, "\x79": -0x1e, "\x7a": 0x23, "\x6c\x70\x43\x6f\x75\x6e\x74": 0x2 },
          { "\x65\x6c\x65\x6d": "\x4f", "\x78": -0x37, "\x79": -0x1e, "\x7a": 0x23, "\x6c\x70\x43\x6f\x75\x6e\x74": 0x2 },
          { "\x65\x6c\x65\x6d": "\x4f", "\x78": 0x0, "\x79": -0x1e, "\x7a": -0x3c },
          { "\x65\x6c\x65\x6d": "\x48", "\x78": 0x50, "\x79": -0xa, "\x7a": 0x37 },
          { "\x65\x6c\x65\x6d": "\x48", "\x78": -0x50, "\x79": -0xa, "\x7a": 0x37 },
        ],
        "\x62\x6f\x6e\x64\x73": [
          [0x0, 0x1, "\x64\x6f\x75\x62\x6c\x65"],
          [0x0, 0x2],
          [0x0, 0x3],
          [0x0, 0x4],
          [0x2, 0x5],
          [0x3, 0x6],
        ],
      },
      "\x48\x50\x4f\x34\x20\x32\x2d\x7c\u78f7\u9178\u6c2b\u6839": {
        "\x70\x67": "\x43\x33\x76",
        "\x6d\x70": "\x2d",
        "\x62\x70": "\x2d",
        "\x64\x65\x73\x63": "\x3c\x73\x74\x72\x6f\x6e\x67\x3e\u78f7\u9178\u6c2b\u6839\x3c\x2f\x73\x74\x72\x6f\x6e\x67\x3e\x3c\x62\x72\x3e\u5e36\x20\x2d\x32\x20\u50f9\u96fb\u8377\u3002",
        "\x61\x74\x6f\x6d\x73": [
          { "\x65\x6c\x65\x6d": "\x50", "\x78": 0x0, "\x79": 0x0, "\x7a": 0x0, "\x6c\x70\x43\x6f\x75\x6e\x74": 0x0 },
          { "\x65\x6c\x65\x6d": "\x4f", "\x78": 0x0, "\x79": 0x44, "\x7a": 0x0 },
          { "\x65\x6c\x65\x6d": "\x4f", "\x78": 0x37, "\x79": -0x1e, "\x7a": 0x23, "\x6c\x70\x43\x6f\x75\x6e\x74": 0x2 },
          { "\x65\x6c\x65\x6d": "\x4f", "\x78": -0x37, "\x79": -0x1e, "\x7a": 0x23 },
          { "\x65\x6c\x65\x6d": "\x4f", "\x78": 0x0, "\x79": -0x1e, "\x7a": -0x3c },
          { "\x65\x6c\x65\x6d": "\x48", "\x78": 0x50, "\x79": -0xa, "\x7a": 0x37 },
        ],
        "\x62\x6f\x6e\x64\x73": [
          [0x0, 0x1, "\x64\x6f\x75\x62\x6c\x65"],
          [0x0, 0x2],
          [0x0, 0x3],
          [0x0, 0x4],
          [0x2, 0x5],
        ],
      },
      "\x50\x4f\x34\x20\x33\x2d\x7c\u78f7\u9178\u6839": {
        "\x70\x67": "\x54\x64",
        "\x6d\x70": "\x2d",
        "\x62\x70": "\x2d",
        "\x64\x65\x73\x63": "\x3c\x73\x74\x72\x6f\x6e\x67\x3e\u78f7\u9178\u6839\x3c\x2f\x73\x74\x72\x6f\x6e\x67\x3e\x3c\x62\x72\x3e\u6b63\u56db\u9762\u9ad4\u7d50\u69cb\uff0c\u56db\u500b\x20\x50\x2d\x4f\x20\u9375\u9577\u5747\u7b49\u3002",
        "\x61\x74\x6f\x6d\x73": [
          { "\x65\x6c\x65\x6d": "\x50", "\x78": 0x0, "\x79": 0x0, "\x7a": 0x0, "\x6c\x70\x43\x6f\x75\x6e\x74": 0x0 },
          { "\x65\x6c\x65\x6d": "\x4f", "\x78": 0x0, "\x79": 0x44, "\x7a": 0x0 },
          { "\x65\x6c\x65\x6d": "\x4f", "\x78": 0x37, "\x79": -0x1e, "\x7a": 0x23 },
          { "\x65\x6c\x65\x6d": "\x4f", "\x78": -0x37, "\x79": -0x1e, "\x7a": 0x23 },
          { "\x65\x6c\x65\x6d": "\x4f", "\x78": 0x0, "\x79": -0x1e, "\x7a": -0x3c },
        ],
        "\x62\x6f\x6e\x64\x73": [
          [0x0, 0x1, "\x64\x6f\x75\x62\x6c\x65"],
          [0x0, 0x2],
          [0x0, 0x3],
          [0x0, 0x4],
        ],
      },
      "\x43\x61\x33\x28\x50\x4f\x34\x29\x32\x7c\u78f7\u9178\u9223": {
        "\x70\x67": "\x54\x64",
        "\x6d\x70": "\x31\x36\x37\x30",
        "\x62\x70": "\x2d",
        "\x64\x65\x73\x63": "\x3c\x73\x74\x72\x6f\x6e\x67\x3e\u78f7\u9178\u9223\x3c\x2f\x73\x74\x72\x6f\x6e\x67\x3e\x3c\x62\x72\x3e\u96e3\u6eb6\u65bc\u6c34\uff0c\u8b8a\u91cf\u539f\u6599\u3002",
        "\x61\x74\x6f\x6d\x73": [
          { "\x65\x6c\x65\x6d": "\x50", "\x78": 0x0, "\x79": 0x0, "\x7a": 0x0, "\x6c\x70\x43\x6f\x75\x6e\x74": 0x0 },
          { "\x65\x6c\x65\x6d": "\x4f", "\x78": 0x0, "\x79": 0x44, "\x7a": 0x0 },
          { "\x65\x6c\x65\x6d": "\x4f", "\x78": 0x37, "\x79": -0x1e, "\x7a": 0x23 },
          { "\x65\x6c\x65\x6d": "\x4f", "\x78": -0x37, "\x79": -0x1e, "\x7a": 0x23 },
          { "\x65\x6c\x65\x6d": "\x4f", "\x78": 0x0, "\x79": -0x1e, "\x7a": -0x3c },
          { "\x65\x6c\x65\x6d": "\x43\x61", "\x78": 0x64, "\x79": 0x28, "\x7a": 0x0, "\x72": 0x14 },
          { "\x65\x6c\x65\x6d": "\x43\x61", "\x78": -0x64, "\x79": 0x28, "\x7a": 0x0, "\x72": 0x14 },
          { "\x65\x6c\x65\x6d": "\x43\x61", "\x78": 0x0, "\x79": -0x64, "\x7a": 0x0, "\x72": 0x14 },
        ],
        "\x62\x6f\x6e\x64\x73": [
          [0x0, 0x1, "\x64\x6f\x75\x62\x6c\x65"],
          [0x0, 0x2],
          [0x0, 0x3],
          [0x0, 0x4],
        ],
      },
      "\x4e\x61\x33\x50\x4f\x34\x7c\u78f7\u9178\u9209": {
        "\x70\x67": "\x54\x64",
        "\x6d\x70": "\x31\x35\x38\x33",
        "\x62\x70": "\x2d",
        "\x64\x65\x73\x63": "\x3c\x73\x74\x72\x6f\x6e\x67\x3e\u78f7\u9178\u9209\x3c\x2f\x73\x74\x72\x6f\x6e\x67\x3e\x3c\x62\x72\x3e\u5f37\u9e7c\u6027\u9e7d\u985e\u3002",
        "\x61\x74\x6f\x6d\x73": [
          { "\x65\x6c\x65\x6d": "\x50", "\x78": 0x0, "\x79": 0x0, "\x7a": 0x0, "\x6c\x70\x43\x6f\x75\x6e\x74": 0x0 },
          { "\x65\x6c\x65\x6d": "\x4f", "\x78": 0x0, "\x79": 0x44, "\x7a": 0x0 },
          { "\x65\x6c\x65\x6d": "\x4f", "\x78": 0x37, "\x79": -0x1e, "\x7a": 0x23 },
          { "\x65\x6c\x65\x6d": "\x4f", "\x78": -0x37, "\x79": -0x1e, "\x7a": 0x23 },
          { "\x65\x6c\x65\x6d": "\x4f", "\x78": 0x0, "\x79": -0x1e, "\x7a": -0x3c },
          { "\x65\x6c\x65\x6d": "\x4e\x61", "\x78": 0x5a, "\x79": 0x1e, "\x7a": 0x0, "\x72": 0xf },
          { "\x65\x6c\x65\x6d": "\x4e\x61", "\x78": -0x5a, "\x79": 0x1e, "\x7a": 0x0, "\x72": 0xf },
          { "\x65\x6c\x65\x6d": "\x4e\x61", "\x78": 0x0, "\x79": -0x5a, "\x7a": 0x0, "\x72": 0xf },
        ],
        "\x62\x6f\x6e\x64\x73": [
          [0x0, 0x1, "\x64\x6f\x75\x62\x6c\x65"],
          [0x0, 0x2],
          [0x0, 0x3],
          [0x0, 0x4],
        ],
      },
      "\x43\x61\x28\x48\x32\x50\x4f\x34\x29\x32\x7c\u78f7\u9178\u4e8c\u6c2b\u9223": {
        "\x70\x67": "\x43\x32\x76",
        "\x6d\x70": "\x31\x30\x39\x20\x28\u5206\u89e3\x29",
        "\x62\x70": "\x2d",
        "\x64\x65\x73\x63": "\x3c\x73\x74\x72\x6f\x6e\x67\x3e\u78f7\u9178\u4e8c\u6c2b\u9223\x3c\x2f\x73\x74\x72\x6f\x6e\x67\x3e\x3c\x62\x72\x3e\u80a5\u6599\u6210\u5206\u3002",
        "\x61\x74\x6f\x6d\x73": [
          { "\x65\x6c\x65\x6d": "\x43\x61", "\x78": 0x0, "\x79": 0x0, "\x7a": 0x0, "\x72": 0x14 },
          { "\x65\x6c\x65\x6d": "\x50", "\x78": -0x64, "\x79": 0x0, "\x7a": 0x0 },
          { "\x65\x6c\x65\x6d": "\x4f", "\x78": -0x64, "\x79": 0x41, "\x7a": 0x0 },
          { "\x65\x6c\x65\x6d": "\x4f", "\x78": -0x64, "\x79": -0x1e, "\x7a": 0x37 },
          { "\x65\x6c\x65\x6d": "\x4f", "\x78": -0x91, "\x79": -0x1e, "\x7a": -0x1e },
          { "\x65\x6c\x65\x6d": "\x4f", "\x78": -0x37, "\x79": -0x1e, "\x7a": -0x1e },
          { "\x65\x6c\x65\x6d": "\x48", "\x78": -0x91, "\x79": -0x3c, "\x7a": 0x37 },
          { "\x65\x6c\x65\x6d": "\x48", "\x78": -0xaf, "\x79": -0xa, "\x7a": -0x1e },
          { "\x65\x6c\x65\x6d": "\x50", "\x78": 0x64, "\x79": 0x0, "\x7a": 0x0 },
          { "\x65\x6c\x65\x6d": "\x4f", "\x78": 0x64, "\x79": 0x41, "\x7a": 0x0 },
          { "\x65\x6c\x65\x6d": "\x4f", "\x78": 0x64, "\x79": -0x1e, "\x7a": 0x37 },
          { "\x65\x6c\x65\x6d": "\x4f", "\x78": 0x91, "\x79": -0x1e, "\x7a": -0x1e },
          { "\x65\x6c\x65\x6d": "\x4f", "\x78": 0x37, "\x79": -0x1e, "\x7a": -0x1e },
          { "\x65\x6c\x65\x6d": "\x48", "\x78": 0x91, "\x79": -0x3c, "\x7a": 0x37 },
          { "\x65\x6c\x65\x6d": "\x48", "\x78": 0xaf, "\x79": -0xa, "\x7a": -0x1e },
        ],
        "\x62\x6f\x6e\x64\x73": [
          [0x1, 0x2, "\x64\x6f\x75\x62\x6c\x65"],
          [0x1, 0x3],
          [0x1, 0x4],
          [0x1, 0x5],
          [0x3, 0x6],
          [0x4, 0x7],
          [0x8, 0x9, "\x64\x6f\x75\x62\x6c\x65"],
          [0x8, 0xa],
          [0x8, 0xb],
          [0x8, 0xc],
          [0xa, 0xd],
          [0xb, 0xe],
        ],
      },
    },
    null,
    "\x2d",
    "\x61\x63\x69\x64",
  ),
  addMol(
    "\x48\x33\x50\x4f\x33\x7c\u4e9e\u78f7\u9178\u7cfb\u5217",
    "\x50",
    "\x73\x70\u00b3",
    ["\u56db\u9762\u9ad4", "\x54\x65\x74\x72\x61\x68\x65\x64\x72\x61\x6c"],
    "\x31\x30\x39\x2e\x35\u00b0",
    "\x37\x33\x2e\x36",
    "\x32\x30\x30\x20\x28\u5206\u89e3\x29",
    [],
    [],
    {
      "\x48\x33\x50\x4f\x33\x7c\u4e9e\u78f7\u9178": {
        "\x70\x67": "\x43\x73",
        "\x6d\x70": "\x37\x33\x2e\x36",
        "\x62\x70": "\x32\x30\x30\x20\x28\u5206\u89e3\x29",
        "\x64\x65\x73\x63": "\x3c\x73\x74\x72\x6f\x6e\x67\x3e\u4e9e\u78f7\u9178\x3c\x2f\x73\x74\x72\x6f\x6e\x67\x3e\x3c\x62\x72\x3e\u4e8c\u8cea\u5b50\u9178\uff0c\u542b\u4e00\u500b\x20\x50\x2d\x48\x20\u9375\x20\x28\u4e0d\u89e3\u96e2\x29\x20\u8207\u5169\u500b\x20\x50\x2d\x4f\x48\u3002",
        "\x61\x74\x6f\x6d\x73": [
          { "\x65\x6c\x65\x6d": "\x50", "\x78": 0x0, "\x79": 0x0, "\x7a": 0x0, "\x6c\x70\x43\x6f\x75\x6e\x74": 0x0 },
          { "\x65\x6c\x65\x6d": "\x4f", "\x78": 0x0, "\x79": 0x44, "\x7a": 0x0 },
          { "\x65\x6c\x65\x6d": "\x4f", "\x78": 0x37, "\x79": -0x1e, "\x7a": 0x23, "\x6c\x70\x43\x6f\x75\x6e\x74": 0x2 },
          { "\x65\x6c\x65\x6d": "\x4f", "\x78": -0x37, "\x79": -0x1e, "\x7a": 0x23, "\x6c\x70\x43\x6f\x75\x6e\x74": 0x2 },
          { "\x65\x6c\x65\x6d": "\x48", "\x78": 0x0, "\x79": -0x28, "\x7a": -0x3c },
          { "\x65\x6c\x65\x6d": "\x48", "\x78": 0x5a, "\x79": -0xa, "\x7a": 0x3c },
          { "\x65\x6c\x65\x6d": "\x48", "\x78": -0x5a, "\x79": -0xa, "\x7a": 0x3c },
        ],
        "\x62\x6f\x6e\x64\x73": [
          [0x0, 0x1, "\x64\x6f\x75\x62\x6c\x65"],
          [0x0, 0x2],
          [0x0, 0x3],
          [0x0, 0x4],
          [0x2, 0x5],
          [0x3, 0x6],
        ],
      },
      "\x48\x32\x50\x4f\x33\x20\x2d\x7c\u4e9e\u78f7\u9178\u6c2b\u6839": {
        "\x70\x67": "\x43\x73",
        "\x6d\x70": "\x2d",
        "\x62\x70": "\x2d",
        "\x64\x65\x73\x63": "\x3c\x73\x74\x72\x6f\x6e\x67\x3e\u4e9e\u78f7\u9178\u4e8c\u6c2b\u6839\x3c\x2f\x73\x74\x72\x6f\x6e\x67\x3e\x3c\x62\x72\x3e\u5e36\x20\x2d\x31\x20\u50f9\u96fb\u8377\uff0c\x50\x2d\x48\x20\u9375\u4fdd\u7559\u3002",
        "\x61\x74\x6f\x6d\x73": [
          { "\x65\x6c\x65\x6d": "\x50", "\x78": 0x0, "\x79": 0x0, "\x7a": 0x0, "\x6c\x70\x43\x6f\x75\x6e\x74": 0x0 },
          { "\x65\x6c\x65\x6d": "\x4f", "\x78": 0x0, "\x79": 0x44, "\x7a": 0x0 },
          { "\x65\x6c\x65\x6d": "\x4f", "\x78": 0x37, "\x79": -0x1e, "\x7a": 0x23, "\x6c\x70\x43\x6f\x75\x6e\x74": 0x2 },
          { "\x65\x6c\x65\x6d": "\x4f", "\x78": -0x37, "\x79": -0x1e, "\x7a": 0x23, "\x6c\x70\x43\x6f\x75\x6e\x74": 0x2 },
          { "\x65\x6c\x65\x6d": "\x48", "\x78": 0x0, "\x79": -0x28, "\x7a": -0x3c },
          { "\x65\x6c\x65\x6d": "\x48", "\x78": 0x5a, "\x79": -0xa, "\x7a": 0x3c },
        ],
        "\x62\x6f\x6e\x64\x73": [
          [0x0, 0x1, "\x64\x6f\x75\x62\x6c\x65"],
          [0x0, 0x2],
          [0x0, 0x3],
          [0x0, 0x4],
          [0x2, 0x5],
        ],
      },
      "\x48\x50\x4f\x33\x20\x32\x2d\x7c\u4e9e\u78f7\u9178\u6839": {
        "\x70\x67": "\x43\x33\x76",
        "\x6d\x70": "\x2d",
        "\x62\x70": "\x2d",
        "\x64\x65\x73\x63": "\x3c\x73\x74\x72\x6f\x6e\x67\x3e\u4e9e\u78f7\u9178\u6c2b\u6839\x20\x28\u4e9e\u78f7\u9178\u6839\x29\x3c\x2f\x73\x74\x72\x6f\x6e\x67\x3e\x3c\x62\x72\x3e\u5e36\x20\x2d\x32\x20\u50f9\u96fb\u8377\uff0c\x50\x2d\x48\x20\u9375\u901a\u5e38\u4e0d\u89e3\u96e2\u3002",
        "\x61\x74\x6f\x6d\x73": [
          { "\x65\x6c\x65\x6d": "\x50", "\x78": 0x0, "\x79": 0x0, "\x7a": 0x0, "\x6c\x70\x43\x6f\x75\x6e\x74": 0x0 },
          { "\x65\x6c\x65\x6d": "\x4f", "\x78": 0x0, "\x79": 0x44, "\x7a": 0x0 },
          { "\x65\x6c\x65\x6d": "\x4f", "\x78": 0x37, "\x79": -0x1e, "\x7a": 0x23 },
          { "\x65\x6c\x65\x6d": "\x4f", "\x78": -0x37, "\x79": -0x1e, "\x7a": 0x23 },
          { "\x65\x6c\x65\x6d": "\x48", "\x78": 0x0, "\x79": -0x28, "\x7a": -0x3c },
        ],
        "\x62\x6f\x6e\x64\x73": [
          [0x0, 0x1, "\x64\x6f\x75\x62\x6c\x65"],
          [0x0, 0x2],
          [0x0, 0x3],
          [0x0, 0x4],
        ],
      },
      "\x4e\x61\x32\x48\x50\x4f\x33\x7c\u4e9e\u78f7\u9178\u9209": {
        "\x70\x67": "\x43\x33\x76",
        "\x6d\x70": "\x2d",
        "\x62\x70": "\x2d",
        "\x64\x65\x73\x63": "\x3c\x73\x74\x72\x6f\x6e\x67\x3e\u4e9e\u78f7\u9178\u9209\x3c\x2f\x73\x74\x72\x6f\x6e\x67\x3e\x3c\x62\x72\x3e\u6b63\u9e7d\uff0c\x50\x20\u76f4\u63a5\u9023\u6709\u4e00\u500b\x20\x48\u3002",
        "\x61\x74\x6f\x6d\x73": [
          { "\x65\x6c\x65\x6d": "\x50", "\x78": 0x0, "\x79": 0x0, "\x7a": 0x0, "\x6c\x70\x43\x6f\x75\x6e\x74": 0x0 },
          { "\x65\x6c\x65\x6d": "\x4f", "\x78": 0x0, "\x79": 0x44, "\x7a": 0x0 },
          { "\x65\x6c\x65\x6d": "\x4f", "\x78": 0x37, "\x79": -0x1e, "\x7a": 0x23 },
          { "\x65\x6c\x65\x6d": "\x4f", "\x78": -0x37, "\x79": -0x1e, "\x7a": 0x23 },
          { "\x65\x6c\x65\x6d": "\x48", "\x78": 0x0, "\x79": -0x28, "\x7a": -0x3c },
          { "\x65\x6c\x65\x6d": "\x4e\x61", "\x78": 0x5a, "\x79": 0x14, "\x7a": 0x0, "\x72": 0xf },
          { "\x65\x6c\x65\x6d": "\x4e\x61", "\x78": -0x5a, "\x79": 0x14, "\x7a": 0x0, "\x72": 0xf },
        ],
        "\x62\x6f\x6e\x64\x73": [
          [0x0, 0x1, "\x64\x6f\x75\x62\x6c\x65"],
          [0x0, 0x2],
          [0x0, 0x3],
          [0x0, 0x4],
        ],
      },
    },
    null,
    "\x2d",
    "\x61\x63\x69\x64",
  ),
  addMol(
    "\x48\x33\x50\x4f\x32\x7c\u6b21\u78f7\u9178\u7cfb\u5217",
    "\x50",
    "\x73\x70\u00b3",
    ["\u56db\u9762\u9ad4", "\x54\x65\x74\x72\x61\x68\x65\x64\x72\x61\x6c"],
    "\x31\x30\x39\x2e\x35\u00b0",
    "\x32\x36\x2e\x35",
    "\x31\x33\x30\x20\x28\u5206\u89e3\x29",
    [],
    [],
    {
      "\x48\x33\x50\x4f\x32\x7c\u6b21\u78f7\u9178": {
        "\x70\x67": "\x43\x73",
        "\x6d\x70": "\x32\x36\x2e\x35",
        "\x62\x70": "\x31\x33\x30\x20\x28\u5206\u89e3\x29",
        "\x64\x65\x73\x63": "\x3c\x73\x74\x72\x6f\x6e\x67\x3e\u6b21\u78f7\u9178\x3c\x2f\x73\x74\x72\x6f\x6e\x67\x3e\x3c\x62\x72\x3e\u55ae\u8cea\u5b50\u9178\uff0c\u542b\u5169\u500b\x20\x50\x2d\x48\x20\u9375\u8207\u4e00\u500b\x20\x50\x2d\x4f\x48\u3002",
        "\x61\x74\x6f\x6d\x73": [
          { "\x65\x6c\x65\x6d": "\x50", "\x78": 0x0, "\x79": 0x0, "\x7a": 0x0, "\x6c\x70\x43\x6f\x75\x6e\x74": 0x0 },
          { "\x65\x6c\x65\x6d": "\x4f", "\x78": 0x0, "\x79": 0x44, "\x7a": 0x0 },
          { "\x65\x6c\x65\x6d": "\x4f", "\x78": 0x0, "\x79": -0x1e, "\x7a": -0x3c, "\x6c\x70\x43\x6f\x75\x6e\x74": 0x2 },
          { "\x65\x6c\x65\x6d": "\x48", "\x78": 0x37, "\x79": -0x23, "\x7a": 0x23 },
          { "\x65\x6c\x65\x6d": "\x48", "\x78": -0x37, "\x79": -0x23, "\x7a": 0x23 },
          { "\x65\x6c\x65\x6d": "\x48", "\x78": 0x0, "\x79": -0xa, "\x7a": -0x64 },
        ],
        "\x62\x6f\x6e\x64\x73": [
          [0x0, 0x1, "\x64\x6f\x75\x62\x6c\x65"],
          [0x0, 0x2],
          [0x0, 0x3],
          [0x0, 0x4],
          [0x2, 0x5],
        ],
      },
      "\x48\x32\x50\x4f\x32\x20\x2d\x7c\u6b21\u78f7\u9178\u6839": {
        "\x70\x67": "\x43\x32\x76",
        "\x6d\x70": "\x2d",
        "\x62\x70": "\x2d",
        "\x64\x65\x73\x63": "\x3c\x73\x74\x72\x6f\x6e\x67\x3e\u6b21\u78f7\u9178\u6839\x3c\x2f\x73\x74\x72\x6f\x6e\x67\x3e\x3c\x62\x72\x3e\u5e36\x20\x2d\x31\x20\u50f9\u96fb\u8377\u3002",
        "\x61\x74\x6f\x6d\x73": [
          { "\x65\x6c\x65\x6d": "\x50", "\x78": 0x0, "\x79": 0x0, "\x7a": 0x0, "\x6c\x70\x43\x6f\x75\x6e\x74": 0x0 },
          { "\x65\x6c\x65\x6d": "\x4f", "\x78": 0x0, "\x79": 0x44, "\x7a": 0x0 },
          { "\x65\x6c\x65\x6d": "\x4f", "\x78": 0x0, "\x79": -0x1e, "\x7a": -0x3c },
          { "\x65\x6c\x65\x6d": "\x48", "\x78": 0x37, "\x79": -0x23, "\x7a": 0x23 },
          { "\x65\x6c\x65\x6d": "\x48", "\x78": -0x37, "\x79": -0x23, "\x7a": 0x23 },
        ],
        "\x62\x6f\x6e\x64\x73": [
          [0x0, 0x1, "\x64\x6f\x75\x62\x6c\x65"],
          [0x0, 0x2],
          [0x0, 0x3],
          [0x0, 0x4],
        ],
      },
      "\x4e\x61\x48\x32\x50\x4f\x32\x7c\u6b21\u78f7\u9178\u9209": {
        "\x70\x67": "\x43\x32\x76",
        "\x6d\x70": "\x39\x30\x20\x28\u4e00\u6c34\u5408\x29",
        "\x62\x70": "\x2d",
        "\x64\x65\x73\x63": "\x3c\x73\x74\x72\x6f\x6e\x67\x3e\u6b21\u78f7\u9178\u9209\x3c\x2f\x73\x74\x72\x6f\x6e\x67\x3e\x3c\x62\x72\x3e\u5f37\u9084\u539f\u5291\u3002",
        "\x61\x74\x6f\x6d\x73": [
          { "\x65\x6c\x65\x6d": "\x50", "\x78": 0x0, "\x79": 0x0, "\x7a": 0x0, "\x6c\x70\x43\x6f\x75\x6e\x74": 0x0 },
          { "\x65\x6c\x65\x6d": "\x4f", "\x78": 0x0, "\x79": 0x44, "\x7a": 0x0 },
          { "\x65\x6c\x65\x6d": "\x4f", "\x78": 0x0, "\x79": -0x1e, "\x7a": -0x3c },
          { "\x65\x6c\x65\x6d": "\x48", "\x78": 0x37, "\x79": -0x23, "\x7a": 0x23 },
          { "\x65\x6c\x65\x6d": "\x48", "\x78": -0x37, "\x79": -0x23, "\x7a": 0x23 },
          { "\x65\x6c\x65\x6d": "\x4e\x61", "\x78": -0x55, "\x79": 0x0, "\x7a": 0x0, "\x72": 0xf },
        ],
        "\x62\x6f\x6e\x64\x73": [
          [0x0, 0x1, "\x64\x6f\x75\x62\x6c\x65"],
          [0x0, 0x2],
          [0x0, 0x3],
          [0x0, 0x4],
        ],
      },
    },
    null,
    "\x2d",
    "\x61\x63\x69\x64",
  ),
  addMol(
    "\x48\x43\x6c\x4f\x34\x7c\u904e\u6c2f\u9178\u7cfb\u5217",
    "\x43\x6c",
    "\x73\x70\u00b3",
    ["\u56db\u9762\u9ad4", "\x54\x65\x74\x72\x61\x68\x65\x64\x72\x61\x6c"],
    "\x31\x30\x39\x2e\x35\u00b0",
    "\x2d\x31\x31\x32",
    "\x31\x39\x20\x28\u5206\u89e3\x29",
    [],
    [],
    {
      "\x48\x43\x6c\x4f\x34\x7c\u904e\u6c2f\u9178": {
        "\x70\x67": "\x43\x73",
        "\x6d\x70": "\x2d\x31\x31\x32",
        "\x62\x70": "\x31\x39\x20\x28\u5206\u89e3\x29",
        "\x64\x65\x73\x63": "\x3c\x73\x74\x72\x6f\x6e\x67\x3e\u904e\u6c2f\u9178\x3c\x2f\x73\x74\x72\x6f\x6e\x67\x3e\x3c\x62\x72\x3e\u6700\u5f37\u7121\u6a5f\u9178\u4e4b\u4e00\uff0c\u6b63\u56db\u9762\u9ad4\u7d50\u69cb\u3002\u6c2f\u539f\u5b50\u8207\u4e09\u500b\u6c27\u5f62\u6210\u96d9\u9375\uff0c\u8207\u4e00\u500b\u7fa5\u57fa\u5f62\u6210\u55ae\u9375\u3002",
        "\x61\x74\x6f\x6d\x73": [
          { "\x65\x6c\x65\x6d": "\x43\x6c", "\x78": 0x0, "\x79": 0x0, "\x7a": 0x0, "\x6c\x70\x43\x6f\x75\x6e\x74": 0x0 },
          { "\x65\x6c\x65\x6d": "\x4f", "\x78": 0x0, "\x79": 0x44, "\x7a": 0x0 },
          { "\x65\x6c\x65\x6d": "\x4f", "\x78": 0x3a, "\x79": -0x19, "\x7a": 0x23, "\x6c\x70\x43\x6f\x75\x6e\x74": 0x2 },
          { "\x65\x6c\x65\x6d": "\x4f", "\x78": -0x3a, "\x79": -0x19, "\x7a": 0x23, "\x6c\x70\x43\x6f\x75\x6e\x74": 0x2 },
          { "\x65\x6c\x65\x6d": "\x4f", "\x78": 0x0, "\x79": -0x19, "\x7a": -0x41, "\x6c\x70\x43\x6f\x75\x6e\x74": 0x2 },
          { "\x65\x6c\x65\x6d": "\x48", "\x78": 0x0, "\x79": -0x5, "\x7a": -0x69 },
        ],
        "\x62\x6f\x6e\x64\x73": [
          [0x0, 0x1, "\x64\x6f\x75\x62\x6c\x65"],
          [0x0, 0x2, "\x64\x6f\x75\x62\x6c\x65"],
          [0x0, 0x3, "\x64\x6f\x75\x62\x6c\x65"],
          [0x0, 0x4, "\x73\x69\x6e\x67\x6c\x65"],
          [0x4, 0x5],
        ],
      },
      "\x43\x6c\x4f\x34\x20\x2d\x7c\u904e\u6c2f\u9178\u6839": {
        "\x70\x67": "\x54\x64",
        "\x6d\x70": "\x2d",
        "\x62\x70": "\x2d",
        "\x64\x65\x73\x63": "\x3c\x73\x74\x72\x6f\x6e\x67\x3e\u904e\u6c2f\u9178\u6839\x3c\x2f\x73\x74\x72\x6f\x6e\x67\x3e\x3c\x62\x72\x3e\u5316\u5b78\u6027\u8cea\u7a69\u5b9a\uff0c\u56db\u500b\x20\x43\x6c\x2d\x4f\x20\u9375\u9577\u56e0\u5171\u632f\u800c\u5747\u7b49\x20\x28\x2d\x31\u50f9\x29\u3002",
        "\x61\x74\x6f\x6d\x73": [
          { "\x65\x6c\x65\x6d": "\x43\x6c", "\x78": 0x0, "\x79": 0x0, "\x7a": 0x0, "\x6c\x70\x43\x6f\x75\x6e\x74": 0x0 },
          { "\x65\x6c\x65\x6d": "\x4f", "\x78": 0x0, "\x79": 0x44, "\x7a": 0x0 },
          { "\x65\x6c\x65\x6d": "\x4f", "\x78": 0x3a, "\x79": -0x19, "\x7a": 0x23 },
          { "\x65\x6c\x65\x6d": "\x4f", "\x78": -0x3a, "\x79": -0x19, "\x7a": 0x23 },
          { "\x65\x6c\x65\x6d": "\x4f", "\x78": 0x0, "\x79": -0x19, "\x7a": -0x41 },
        ],
        "\x62\x6f\x6e\x64\x73": [
          [0x0, 0x1, "\x64\x6f\x75\x62\x6c\x65"],
          [0x0, 0x2, "\x64\x6f\x75\x62\x6c\x65"],
          [0x0, 0x3, "\x64\x6f\x75\x62\x6c\x65"],
          [0x0, 0x4, "\x73\x69\x6e\x67\x6c\x65"],
        ],
      },
      "\x4d\x67\x28\x43\x6c\x4f\x34\x29\x32\x7c\u904e\u6c2f\u9178\u9382": {
        "\x70\x67": "\x54\x64",
        "\x6d\x70": "\x32\x35\x31",
        "\x62\x70": "\x2d",
        "\x64\x65\x73\x63": "\x3c\x73\x74\x72\x6f\x6e\x67\x3e\u904e\u6c2f\u9178\u9382\x3c\x2f\x73\x74\x72\x6f\x6e\x67\x3e\x3c\x62\x72\x3e\u6975\u5f37\u7684\u812b\u6c34\u5291\uff08\u4e7e\u71e5\u5291\uff09\u3002",
        "\x61\x74\x6f\x6d\x73": [
          { "\x65\x6c\x65\x6d": "\x4d\x67", "\x78": 0x0, "\x79": 0x0, "\x7a": 0x0, "\x72": 0x14, "\x6c\x70\x43\x6f\x75\x6e\x74": 0x0 },
          { "\x65\x6c\x65\x6d": "\x43\x6c", "\x78": -0x82, "\x79": 0x0, "\x7a": 0x0, "\x6c\x70\x43\x6f\x75\x6e\x74": 0x0 },
          { "\x65\x6c\x65\x6d": "\x4f", "\x78": -0x82, "\x79": 0x44, "\x7a": 0x0 },
          { "\x65\x6c\x65\x6d": "\x4f", "\x78": -0x48, "\x79": -0x19, "\x7a": 0x23 },
          { "\x65\x6c\x65\x6d": "\x4f", "\x78": -0xbc, "\x79": -0x19, "\x7a": 0x23 },
          { "\x65\x6c\x65\x6d": "\x4f", "\x78": -0x82, "\x79": -0x19, "\x7a": -0x41 },
          { "\x65\x6c\x65\x6d": "\x43\x6c", "\x78": 0x82, "\x79": 0x0, "\x7a": 0x0, "\x6c\x70\x43\x6f\x75\x6e\x74": 0x0 },
          { "\x65\x6c\x65\x6d": "\x4f", "\x78": 0x82, "\x79": 0x44, "\x7a": 0x0 },
          { "\x65\x6c\x65\x6d": "\x4f", "\x78": 0x48, "\x79": -0x19, "\x7a": 0x23 },
          { "\x65\x6c\x65\x6d": "\x4f", "\x78": 0xbc, "\x79": -0x19, "\x7a": 0x23 },
          { "\x65\x6c\x65\x6d": "\x4f", "\x78": 0x82, "\x79": -0x19, "\x7a": -0x41 },
        ],
        "\x62\x6f\x6e\x64\x73": [
          [0x1, 0x2, "\x64\x6f\x75\x62\x6c\x65"],
          [0x1, 0x3, "\x64\x6f\x75\x62\x6c\x65"],
          [0x1, 0x4, "\x64\x6f\x75\x62\x6c\x65"],
          [0x1, 0x5, "\x73\x69\x6e\x67\x6c\x65"],
          [0x6, 0x7, "\x64\x6f\x75\x62\x6c\x65"],
          [0x6, 0x8, "\x64\x6f\x75\x62\x6c\x65"],
          [0x6, 0x9, "\x64\x6f\x75\x62\x6c\x65"],
          [0x6, 0xa, "\x73\x69\x6e\x67\x6c\x65"],
        ],
      },
      "\x4b\x43\x6c\x4f\x34\x7c\u904e\u6c2f\u9178\u9240": {
        "\x70\x67": "\x54\x64",
        "\x6d\x70": "\x36\x31\x30\x20\x28\u5206\u89e3\x29",
        "\x62\x70": "\x2d",
        "\x64\x65\x73\x63": "\x3c\x73\x74\x72\x6f\x6e\x67\x3e\u904e\u6c2f\u9178\u9240\x3c\x2f\x73\x74\x72\x6f\x6e\x67\x3e\x3c\x62\x72\x3e\u5f37\u6c27\u5316\u5291\uff0c\u7528\u65bc\u7159\u706b\uff08\u7d2b\u8272\u706b\u7130\uff09\u3002",
        "\x61\x74\x6f\x6d\x73": [
          { "\x65\x6c\x65\x6d": "\x43\x6c", "\x78": 0x0, "\x79": 0x0, "\x7a": 0x0, "\x6c\x70\x43\x6f\x75\x6e\x74": 0x0 },
          { "\x65\x6c\x65\x6d": "\x4f", "\x78": 0x0, "\x79": 0x44, "\x7a": 0x0 },
          { "\x65\x6c\x65\x6d": "\x4f", "\x78": 0x3a, "\x79": -0x19, "\x7a": 0x23 },
          { "\x65\x6c\x65\x6d": "\x4f", "\x78": -0x3a, "\x79": -0x19, "\x7a": 0x23 },
          { "\x65\x6c\x65\x6d": "\x4f", "\x78": 0x0, "\x79": -0x19, "\x7a": -0x41 },
          { "\x65\x6c\x65\x6d": "\x4b", "\x78": 0x0, "\x79": 0x0, "\x7a": 0x5f, "\x72": 0x16 },
        ],
        "\x62\x6f\x6e\x64\x73": [
          [0x0, 0x1, "\x64\x6f\x75\x62\x6c\x65"],
          [0x0, 0x2, "\x64\x6f\x75\x62\x6c\x65"],
          [0x0, 0x3, "\x64\x6f\x75\x62\x6c\x65"],
          [0x0, 0x4, "\x73\x69\x6e\x67\x6c\x65"],
        ],
      },
      "\x4e\x48\x34\x43\x6c\x4f\x34\x7c\u904e\u6c2f\u9178\u92a8": {
        "\x70\x67": "\x54\x64",
        "\x6d\x70": "\x32\x34\x30\x20\x28\u5206\u89e3\x29",
        "\x62\x70": "\x2d",
        "\x64\x65\x73\x63": "\x3c\x73\x74\x72\x6f\x6e\x67\x3e\u904e\u6c2f\u9178\u92a8\x20\x28\x41\x50\x29\x3c\x2f\x73\x74\x72\x6f\x6e\x67\x3e\x3c\x62\x72\x3e\u56fa\u9ad4\u706b\u7bad\u71c3\u6599\u6c27\u5316\u5291\u3002",
        "\x61\x74\x6f\x6d\x73": [
          { "\x65\x6c\x65\x6d": "\x43\x6c", "\x78": 0x0, "\x79": 0x0, "\x7a": 0x0, "\x6c\x70\x43\x6f\x75\x6e\x74": 0x0 },
          { "\x65\x6c\x65\x6d": "\x4f", "\x78": 0x0, "\x79": 0x44, "\x7a": 0x0 },
          { "\x65\x6c\x65\x6d": "\x4f", "\x78": 0x3a, "\x79": -0x19, "\x7a": 0x23 },
          { "\x65\x6c\x65\x6d": "\x4f", "\x78": -0x3a, "\x79": -0x19, "\x7a": 0x23 },
          { "\x65\x6c\x65\x6d": "\x4f", "\x78": 0x0, "\x79": -0x19, "\x7a": -0x41 },
          { "\x65\x6c\x65\x6d": "\x4e", "\x78": 0x6e, "\x79": 0x0, "\x7a": 0x0, "\x72": 0x12 },
          { "\x65\x6c\x65\x6d": "\x48", "\x78": 0x6e, "\x79": 0x28, "\x7a": 0x0 },
          { "\x65\x6c\x65\x6d": "\x48", "\x78": 0x6e, "\x79": -0x14, "\x7a": 0x23 },
          { "\x65\x6c\x65\x6d": "\x48", "\x78": 0x6e, "\x79": -0x14, "\x7a": -0x23 },
          { "\x65\x6c\x65\x6d": "\x48", "\x78": 0x91, "\x79": 0x0, "\x7a": 0x0 },
        ],
        "\x62\x6f\x6e\x64\x73": [
          [0x0, 0x1, "\x64\x6f\x75\x62\x6c\x65"],
          [0x0, 0x2, "\x64\x6f\x75\x62\x6c\x65"],
          [0x0, 0x3, "\x64\x6f\x75\x62\x6c\x65"],
          [0x0, 0x4, "\x73\x69\x6e\x67\x6c\x65"],
          [0x5, 0x6],
          [0x5, 0x7],
          [0x5, 0x8],
          [0x5, 0x9],
        ],
      },
    },
    null,
    "\x2d",
    "\x61\x63\x69\x64",
  ),
  addMol(
    "\x48\x43\x6c\x4f\x33\x7c\u6c2f\u9178\u7cfb\u5217",
    "\x43\x6c",
    "\x73\x70\u00b3",
    ["\u89d2\u9310\u5f62", "\x50\x79\x72\x61\x6d\x69\x64\x61\x6c"],
    "\x31\x30\x37\u00b0",
    "\x2d\x32\x30",
    "\u5206\u89e3",
    [],
    [],
    {
      "\x48\x43\x6c\x4f\x33\x7c\u6c2f\u9178": {
        "\x70\x67": "\x43\x73",
        "\x6d\x70": "\x2d\x32\x30",
        "\x62\x70": "\u5206\u89e3",
        "\x64\x65\x73\x63": "\x3c\x73\x74\x72\x6f\x6e\x67\x3e\u6c2f\u9178\x3c\x2f\x73\x74\x72\x6f\x6e\x67\x3e\x3c\x62\x72\x3e\u5f37\u9178\uff0c\u5177\u6709\u5f37\u6c27\u5316\u6027\uff0c\u4e2d\u5fc3\u6709\u4e00\u5c0d\u5b64\u5c0d\u96fb\u5b50\u3002",
        "\x61\x74\x6f\x6d\x73": [
          { "\x65\x6c\x65\x6d": "\x43\x6c", "\x78": 0x0, "\x79": 0xf, "\x7a": 0x0, "\x6c\x70\x43\x6f\x75\x6e\x74": 0x1 },
          { "\x65\x6c\x65\x6d": "\x4f", "\x78": 0x0, "\x79": -0x28, "\x7a": 0x32 },
          { "\x65\x6c\x65\x6d": "\x4f", "\x78": 0x30, "\x79": -0x28, "\x7a": -0x1c },
          { "\x65\x6c\x65\x6d": "\x4f", "\x78": -0x30, "\x79": -0x28, "\x7a": -0x1c, "\x6c\x70\x43\x6f\x75\x6e\x74": 0x2 },
          { "\x65\x6c\x65\x6d": "\x48", "\x78": -0x5a, "\x79": -0x14, "\x7a": -0x37 },
        ],
        "\x62\x6f\x6e\x64\x73": [
          [0x0, 0x1, "\x64\x6f\x75\x62\x6c\x65"],
          [0x0, 0x2, "\x64\x6f\x75\x62\x6c\x65"],
          [0x0, 0x3, "\x73\x69\x6e\x67\x6c\x65"],
          [0x3, 0x4],
        ],
      },
      "\x43\x6c\x4f\x33\x20\x2d\x7c\u6c2f\u9178\u6839": {
        "\x70\x67": "\x43\x33\x76",
        "\x6d\x70": "\x2d",
        "\x62\x70": "\x2d",
        "\x64\x65\x73\x63": "\x3c\x73\x74\x72\x6f\x6e\x67\x3e\u6c2f\u9178\u6839\x3c\x2f\x73\x74\x72\x6f\x6e\x67\x3e\x3c\x62\x72\x3e\u4e09\u89d2\u9310\u5f62\u7d50\u69cb\uff0c\u5e38\u7528\u65bc\u706b\u85e5\u8207\u70b8\u85e5\u3002",
        "\x61\x74\x6f\x6d\x73": [
          { "\x65\x6c\x65\x6d": "\x43\x6c", "\x78": 0x0, "\x79": 0xf, "\x7a": 0x0, "\x6c\x70\x43\x6f\x75\x6e\x74": 0x1 },
          { "\x65\x6c\x65\x6d": "\x4f", "\x78": 0x0, "\x79": -0x28, "\x7a": 0x32 },
          { "\x65\x6c\x65\x6d": "\x4f", "\x78": 0x30, "\x79": -0x28, "\x7a": -0x1c },
          { "\x65\x6c\x65\x6d": "\x4f", "\x78": -0x30, "\x79": -0x28, "\x7a": -0x1c },
        ],
        "\x62\x6f\x6e\x64\x73": [
          [0x0, 0x1, "\x64\x6f\x75\x62\x6c\x65"],
          [0x0, 0x2, "\x64\x6f\x75\x62\x6c\x65"],
          [0x0, 0x3, "\x73\x69\x6e\x67\x6c\x65"],
        ],
      },
      "\x4b\x43\x6c\x4f\x33\x7c\u6c2f\u9178\u9240": {
        "\x70\x67": "\x43\x33\x76",
        "\x6d\x70": "\x33\x35\x36",
        "\x62\x70": "\x34\x30\x30\x20\x28\u5206\u89e3\x29",
        "\x64\x65\x73\x63": "\x3c\x73\x74\x72\x6f\x6e\x67\x3e\u6c2f\u9178\u9240\x3c\x2f\x73\x74\x72\x6f\x6e\x67\x3e\x3c\x62\x72\x3e\u5f37\u6c27\u5316\u5291\uff0c\u53d7\u71b1\u5206\u89e3\u7522\u751f\u6c27\u6c23\u3002",
        "\x61\x74\x6f\x6d\x73": [
          { "\x65\x6c\x65\x6d": "\x43\x6c", "\x78": 0x0, "\x79": 0xf, "\x7a": 0x0, "\x6c\x70\x43\x6f\x75\x6e\x74": 0x1 },
          { "\x65\x6c\x65\x6d": "\x4f", "\x78": 0x0, "\x79": -0x28, "\x7a": 0x32 },
          { "\x65\x6c\x65\x6d": "\x4f", "\x78": 0x30, "\x79": -0x28, "\x7a": -0x1c },
          { "\x65\x6c\x65\x6d": "\x4f", "\x78": -0x30, "\x79": -0x28, "\x7a": -0x1c },
          { "\x65\x6c\x65\x6d": "\x4b", "\x78": 0x0, "\x79": 0x0, "\x7a": 0x55, "\x72": 0x16 },
        ],
        "\x62\x6f\x6e\x64\x73": [
          [0x0, 0x1, "\x64\x6f\x75\x62\x6c\x65"],
          [0x0, 0x2, "\x64\x6f\x75\x62\x6c\x65"],
          [0x0, 0x3, "\x73\x69\x6e\x67\x6c\x65"],
        ],
      },
      "\x4e\x61\x43\x6c\x4f\x33\x7c\u6c2f\u9178\u9209": {
        "\x70\x67": "\x43\x33\x76",
        "\x6d\x70": "\x32\x34\x38",
        "\x62\x70": "\x33\x30\x30\x20\x28\u5206\u89e3\x29",
        "\x64\x65\x73\x63": "\x3c\x73\x74\x72\x6f\x6e\x67\x3e\u6c2f\u9178\u9209\x3c\x2f\x73\x74\x72\x6f\x6e\x67\x3e\x3c\x62\x72\x3e\u5de5\u696d\u6f02\u767d\u8207\u9664\u8349\u5291\u539f\u6599\u3002",
        "\x61\x74\x6f\x6d\x73": [
          { "\x65\x6c\x65\x6d": "\x43\x6c", "\x78": 0x0, "\x79": 0xf, "\x7a": 0x0, "\x6c\x70\x43\x6f\x75\x6e\x74": 0x1 },
          { "\x65\x6c\x65\x6d": "\x4f", "\x78": 0x0, "\x79": -0x28, "\x7a": 0x32 },
          { "\x65\x6c\x65\x6d": "\x4f", "\x78": 0x30, "\x79": -0x28, "\x7a": -0x1c },
          { "\x65\x6c\x65\x6d": "\x4f", "\x78": -0x30, "\x79": -0x28, "\x7a": -0x1c },
          { "\x65\x6c\x65\x6d": "\x4e\x61", "\x78": 0x0, "\x79": 0x0, "\x7a": 0x50, "\x72": 0xf },
        ],
        "\x62\x6f\x6e\x64\x73": [
          [0x0, 0x1, "\x64\x6f\x75\x62\x6c\x65"],
          [0x0, 0x2, "\x64\x6f\x75\x62\x6c\x65"],
          [0x0, 0x3, "\x73\x69\x6e\x67\x6c\x65"],
        ],
      },
    },
    null,
    "\x2d",
    "\x61\x63\x69\x64",
  ),
  addMol(
    "\x48\x43\x6c\x4f\x32\x7c\u4e9e\u6c2f\u9178\u7cfb\u5217",
    "\x43\x6c",
    "\x73\x70\u00b3",
    ["\u89d2\u5f62", "\x42\x65\x6e\x74"],
    "\x31\x31\x31\u00b0",
    "\x2d",
    "\u4e0d\u7a69\u5b9a",
    [],
    [],
    {
      "\x48\x43\x6c\x4f\x32\x7c\u4e9e\u6c2f\u9178": {
        "\x70\x67": "\x43\x73",
        "\x6d\x70": "\x2d",
        "\x62\x70": "\u4e0d\u7a69\u5b9a",
        "\x64\x65\x73\x63": "\x3c\x73\x74\x72\x6f\x6e\x67\x3e\u4e9e\u6c2f\u9178\x3c\x2f\x73\x74\x72\x6f\x6e\x67\x3e\x3c\x62\x72\x3e\u5f31\u9178\uff0c\u7d50\u69cb\u5448\x56\u578b\uff0c\u4e2d\u5fc3\u6709\u5169\u5c0d\u5b64\u5c0d\u96fb\u5b50\u3002",
        "\x61\x74\x6f\x6d\x73": [
          { "\x65\x6c\x65\x6d": "\x43\x6c", "\x78": 0x0, "\x79": 0x5, "\x7a": 0x0, "\x6c\x70\x43\x6f\x75\x6e\x74": 0x2 },
          { "\x65\x6c\x65\x6d": "\x4f", "\x78": 0x37, "\x79": -0x23, "\x7a": 0x0 },
          { "\x65\x6c\x65\x6d": "\x4f", "\x78": -0x37, "\x79": -0x23, "\x7a": 0x0, "\x6c\x70\x43\x6f\x75\x6e\x74": 0x2 },
          { "\x65\x6c\x65\x6d": "\x48", "\x78": -0x5a, "\x79": -0x14, "\x7a": 0x0 },
        ],
        "\x62\x6f\x6e\x64\x73": [
          [0x0, 0x1, "\x64\x6f\x75\x62\x6c\x65"],
          [0x0, 0x2, "\x73\x69\x6e\x67\x6c\x65"],
          [0x2, 0x3],
        ],
      },
      "\x43\x6c\x4f\x32\x20\x2d\x7c\u4e9e\u6c2f\u9178\u6839": {
        "\x70\x67": "\x43\x32\x76",
        "\x6d\x70": "\x2d",
        "\x62\x70": "\x2d",
        "\x64\x65\x73\x63": "\x3c\x73\x74\x72\x6f\x6e\x67\x3e\u4e9e\u6c2f\u9178\u6839\x3c\x2f\x73\x74\x72\x6f\x6e\x67\x3e\x3c\x62\x72\x3e\x56\u578b\u7d50\u69cb\uff0c\u5e38\u7528\u65bc\u6f02\u767d\u5291\u3002",
        "\x61\x74\x6f\x6d\x73": [
          { "\x65\x6c\x65\x6d": "\x43\x6c", "\x78": 0x0, "\x79": 0x5, "\x7a": 0x0, "\x6c\x70\x43\x6f\x75\x6e\x74": 0x2 },
          { "\x65\x6c\x65\x6d": "\x4f", "\x78": 0x37, "\x79": -0x23, "\x7a": 0x0 },
          { "\x65\x6c\x65\x6d": "\x4f", "\x78": -0x37, "\x79": -0x23, "\x7a": 0x0 },
        ],
        "\x62\x6f\x6e\x64\x73": [
          [0x0, 0x1, "\x64\x6f\x75\x62\x6c\x65"],
          [0x0, 0x2, "\x73\x69\x6e\x67\x6c\x65"],
        ],
      },
      "\x4e\x61\x43\x6c\x4f\x32\x7c\u4e9e\u6c2f\u9178\u9209": {
        "\x70\x67": "\x43\x32\x76",
        "\x6d\x70": "\x31\x37\x30\x20\x28\u5206\u89e3\x29",
        "\x62\x70": "\x2d",
        "\x64\x65\x73\x63": "\x3c\x73\x74\x72\x6f\x6e\x67\x3e\u4e9e\u6c2f\u9178\u9209\x3c\x2f\x73\x74\x72\x6f\x6e\x67\x3e\x3c\x62\x72\x3e\u9ad8\u6548\u6f02\u767d\u5291\uff0c\u53cd\u61c9\u53ef\u751f\u6210\u4e8c\u6c27\u5316\u6c2f\x20\x28\x43\x6c\x4f\u2082\x29\u3002",
        "\x61\x74\x6f\x6d\x73": [
          { "\x65\x6c\x65\x6d": "\x43\x6c", "\x78": 0x0, "\x79": 0x5, "\x7a": 0x0, "\x6c\x70\x43\x6f\x75\x6e\x74": 0x2 },
          { "\x65\x6c\x65\x6d": "\x4f", "\x78": 0x37, "\x79": -0x23, "\x7a": 0x0 },
          { "\x65\x6c\x65\x6d": "\x4f", "\x78": -0x37, "\x79": -0x23, "\x7a": 0x0 },
          { "\x65\x6c\x65\x6d": "\x4e\x61", "\x78": -0x5a, "\x79": 0x0, "\x7a": 0x0, "\x72": 0xf },
        ],
        "\x62\x6f\x6e\x64\x73": [
          [0x0, 0x1, "\x64\x6f\x75\x62\x6c\x65"],
          [0x0, 0x2, "\x73\x69\x6e\x67\x6c\x65"],
        ],
      },
    },
    null,
    "\x2d",
    "\x61\x63\x69\x64",
  ),
  addMol(
    "\x48\x43\x6c\x4f\x7c\u6b21\u6c2f\u9178\u7cfb\u5217",
    "\x4f",
    "\x73\x70\u00b3",
    ["\u89d2\u5f62", "\x42\x65\x6e\x74"],
    "\x31\x30\x34\x2e\x35\u00b0",
    "\x2d",
    "\u4e0d\u7a69\u5b9a",
    [],
    [],
    {
      "\x48\x43\x6c\x4f\x7c\u6b21\u6c2f\u9178": {
        "\x70\x67": "\x43\x73",
        "\x6d\x70": "\x2d",
        "\x62\x70": "\u4e0d\u7a69\u5b9a",
        "\x64\x65\x73\x63": "\x3c\x73\x74\x72\x6f\x6e\x67\x3e\u6b21\u6c2f\u9178\x3c\x2f\x73\x74\x72\x6f\x6e\x67\x3e\x3c\x62\x72\x3e\u5f31\u9178\uff0c\u6bba\u83cc\u529b\u5f37\uff0c\u7d50\u69cb\x20\x48\x2d\x4f\x2d\x43\x6c\u3002",
        "\x61\x74\x6f\x6d\x73": [
          { "\x65\x6c\x65\x6d": "\x4f", "\x78": 0x0, "\x79": 0xa, "\x7a": 0x0, "\x6c\x70\x43\x6f\x75\x6e\x74": 0x2 },
          { "\x65\x6c\x65\x6d": "\x43\x6c", "\x78": 0x41, "\x79": -0x19, "\x7a": 0x0 },
          { "\x65\x6c\x65\x6d": "\x48", "\x78": -0x23, "\x79": -0x14, "\x7a": 0x0 },
        ],
        "\x62\x6f\x6e\x64\x73": [
          [0x0, 0x1],
          [0x0, 0x2],
        ],
      },
      "\x43\x6c\x4f\x20\x2d\x7c\u6b21\u6c2f\u9178\u6839": {
        "\x70\x67": "\x43\x69\x6e\x66\x76",
        "\x6d\x70": "\x2d",
        "\x62\x70": "\x2d",
        "\x64\x65\x73\x63": "\x3c\x73\x74\x72\x6f\x6e\x67\x3e\u6b21\u6c2f\u9178\u6839\x3c\x2f\x73\x74\x72\x6f\x6e\x67\x3e\x3c\x62\x72\x3e\u6f02\u767d\u6c34\u6709\u6548\u6210\u5206\u3002",
        "\x61\x74\x6f\x6d\x73": [
          { "\x65\x6c\x65\x6d": "\x43\x6c", "\x78": -0x23, "\x79": 0x0, "\x7a": 0x0, "\x6c\x70\x43\x6f\x75\x6e\x74": 0x3 },
          { "\x65\x6c\x65\x6d": "\x4f", "\x78": 0x23, "\x79": 0x0, "\x7a": 0x0, "\x6c\x70\x43\x6f\x75\x6e\x74": 0x3 },
        ],
        "\x62\x6f\x6e\x64\x73": [[0x0, 0x1]],
      },
      "\x4e\x61\x43\x6c\x4f\x7c\u6b21\u6c2f\u9178\u9209\x7c\u6f02\u767d\u6c34": {
        "\x70\x67": "\x43\x69\x6e\x66\x76",
        "\x6d\x70": "\x31\x38\x20\x28\u4e94\u6c34\u5408\x29",
        "\x62\x70": "\u5206\u89e3",
        "\x64\x65\x73\x63": "\x3c\x73\x74\x72\x6f\x6e\x67\x3e\u6b21\u6c2f\u9178\u9209\x20\x28\u6f02\u767d\u6c34\x29\x3c\x2f\x73\x74\x72\x6f\x6e\x67\x3e\x3c\x62\x72\x3e\u5bb6\u7528\u6f02\u767d\u5291\u3002\x4e\x61\u207a\x20\u8207\x20\x43\x6c\x4f\u207b\x20\u4e4b\u9593\u70ba\u96e2\u5b50\u9375\u3002",
        "\x61\x74\x6f\x6d\x73": [
          { "\x65\x6c\x65\x6d": "\x43\x6c", "\x78": -0x23, "\x79": 0x0, "\x7a": 0x0, "\x6c\x70\x43\x6f\x75\x6e\x74": 0x3 },
          { "\x65\x6c\x65\x6d": "\x4f", "\x78": 0x23, "\x79": 0x0, "\x7a": 0x0, "\x6c\x70\x43\x6f\x75\x6e\x74": 0x3 },
          { "\x65\x6c\x65\x6d": "\x4e\x61", "\x78": 0x55, "\x79": 0x0, "\x7a": 0x0, "\x72": 0xf },
        ],
        "\x62\x6f\x6e\x64\x73": [[0x0, 0x1]],
      },
      "\x43\x61\x28\x43\x6c\x4f\x29\x32\x7c\u6b21\u6c2f\u9178\u9223\x7c\u6f02\u767d\u7c89": {
        "\x70\x67": "\x43\x69\x6e\x66\x76",
        "\x6d\x70": "\x31\x30\x30\x20\x28\u5206\u89e3\x29",
        "\x62\x70": "\x2d",
        "\x64\x65\x73\x63": "\x3c\x73\x74\x72\x6f\x6e\x67\x3e\u6b21\u6c2f\u9178\u9223\x3c\x2f\x73\x74\x72\x6f\x6e\x67\x3e\x3c\x62\x72\x3e\u6f02\u767d\u7c89\u4e3b\u8981\u6210\u5206\u3002",
        "\x61\x74\x6f\x6d\x73": [
          { "\x65\x6c\x65\x6d": "\x43\x6c", "\x78": -0x37, "\x79": 0x0, "\x7a": 0x0, "\x6c\x70\x43\x6f\x75\x6e\x74": 0x3 },
          { "\x65\x6c\x65\x6d": "\x4f", "\x78": 0xf, "\x79": 0x0, "\x7a": 0x0, "\x6c\x70\x43\x6f\x75\x6e\x74": 0x3 },
          { "\x65\x6c\x65\x6d": "\x43\x61", "\x78": 0x3c, "\x79": 0x0, "\x7a": 0x0, "\x72": 0x14 },
          { "\x65\x6c\x65\x6d": "\x4f", "\x78": 0x69, "\x79": 0x0, "\x7a": 0x0, "\x6c\x70\x43\x6f\x75\x6e\x74": 0x3 },
          { "\x65\x6c\x65\x6d": "\x43\x6c", "\x78": 0xaf, "\x79": 0x0, "\x7a": 0x0, "\x6c\x70\x43\x6f\x75\x6e\x74": 0x3 },
        ],
        "\x62\x6f\x6e\x64\x73": [
          [0x0, 0x1],
          [0x3, 0x4],
        ],
      },
    },
    null,
    "\x2d",
    "\x61\x63\x69\x64",
  ),
  addMol(
    "\x48\x42\x72\x4f\x33\x7c\u6eb4\u9178\u7cfb\u5217",
    "\x42\x72",
    "\x73\x70\u00b3",
    ["\u89d2\u9310\u5f62", "\x50\x79\x72\x61\x6d\x69\x64\x61\x6c"],
    "\x31\x30\x37\u00b0",
    "\x2d",
    "\u4e0d\u7a69\u5b9a",
    [],
    [],
    {
      "\x48\x42\x72\x4f\x33\x7c\u6eb4\u9178": {
        "\x70\x67": "\x43\x73",
        "\x6d\x70": "\x2d",
        "\x62\x70": "\u4e0d\u7a69\u5b9a",
        "\x64\x65\x73\x63": "\x3c\x73\x74\x72\x6f\x6e\x67\x3e\u6eb4\u9178\x3c\x2f\x73\x74\x72\x6f\x6e\x67\x3e\x3c\x62\x72\x3e\u5f37\u9178\uff0c\u4e2d\u5fc3\u6709\u4e00\u5c0d\u5b64\u5c0d\u96fb\u5b50\u3002",
        "\x61\x74\x6f\x6d\x73": [
          { "\x65\x6c\x65\x6d": "\x42\x72", "\x78": 0x0, "\x79": 0xf, "\x7a": 0x0, "\x6c\x70\x43\x6f\x75\x6e\x74": 0x1 },
          { "\x65\x6c\x65\x6d": "\x4f", "\x78": 0x0, "\x79": -0x28, "\x7a": 0x32 },
          { "\x65\x6c\x65\x6d": "\x4f", "\x78": 0x30, "\x79": -0x28, "\x7a": -0x1c },
          { "\x65\x6c\x65\x6d": "\x4f", "\x78": -0x30, "\x79": -0x28, "\x7a": -0x1c, "\x6c\x70\x43\x6f\x75\x6e\x74": 0x2 },
          { "\x65\x6c\x65\x6d": "\x48", "\x78": -0x5a, "\x79": -0x14, "\x7a": -0x37 },
        ],
        "\x62\x6f\x6e\x64\x73": [
          [0x0, 0x1, "\x64\x6f\x75\x62\x6c\x65"],
          [0x0, 0x2, "\x64\x6f\x75\x62\x6c\x65"],
          [0x0, 0x3, "\x73\x69\x6e\x67\x6c\x65"],
          [0x3, 0x4],
        ],
      },
      "\x42\x72\x4f\x33\x20\x2d\x7c\u6eb4\u9178\u6839": {
        "\x70\x67": "\x43\x33\x76",
        "\x6d\x70": "\x2d",
        "\x62\x70": "\x2d",
        "\x64\x65\x73\x63": "\x3c\x73\x74\x72\x6f\x6e\x67\x3e\u6eb4\u9178\u6839\x3c\x2f\x73\x74\x72\x6f\x6e\x67\x3e\x3c\x62\x72\x3e\u4e09\u89d2\u9310\u5f62\u7d50\u69cb\u3002",
        "\x61\x74\x6f\x6d\x73": [
          { "\x65\x6c\x65\x6d": "\x42\x72", "\x78": 0x0, "\x79": 0xf, "\x7a": 0x0, "\x6c\x70\x43\x6f\x75\x6e\x74": 0x1 },
          { "\x65\x6c\x65\x6d": "\x4f", "\x78": 0x0, "\x79": -0x28, "\x7a": 0x32 },
          { "\x65\x6c\x65\x6d": "\x4f", "\x78": 0x30, "\x79": -0x28, "\x7a": -0x1c },
          { "\x65\x6c\x65\x6d": "\x4f", "\x78": -0x30, "\x79": -0x28, "\x7a": -0x1c },
        ],
        "\x62\x6f\x6e\x64\x73": [
          [0x0, 0x1, "\x64\x6f\x75\x62\x6c\x65"],
          [0x0, 0x2, "\x64\x6f\x75\x62\x6c\x65"],
          [0x0, 0x3, "\x73\x69\x6e\x67\x6c\x65"],
        ],
      },
      "\x4b\x42\x72\x4f\x33\x7c\u6eb4\u9178\u9240": {
        "\x70\x67": "\x43\x33\x76",
        "\x6d\x70": "\x33\x35\x30\x20\x28\u5206\u89e3\x29",
        "\x62\x70": "\x2d",
        "\x64\x65\x73\x63": "\x3c\x73\x74\x72\x6f\x6e\x67\x3e\u6eb4\u9178\u9240\x3c\x2f\x73\x74\x72\x6f\x6e\x67\x3e\x3c\x62\x72\x3e\u5f37\u6c27\u5316\u5291\uff0c\x4b\u207a\x20\u4f4d\u65bc\u5916\u5074\u3002",
        "\x61\x74\x6f\x6d\x73": [
          { "\x65\x6c\x65\x6d": "\x42\x72", "\x78": 0x0, "\x79": 0xf, "\x7a": 0x0, "\x6c\x70\x43\x6f\x75\x6e\x74": 0x1 },
          { "\x65\x6c\x65\x6d": "\x4f", "\x78": 0x0, "\x79": -0x28, "\x7a": 0x32 },
          { "\x65\x6c\x65\x6d": "\x4f", "\x78": 0x30, "\x79": -0x28, "\x7a": -0x1c },
          { "\x65\x6c\x65\x6d": "\x4f", "\x78": -0x30, "\x79": -0x28, "\x7a": -0x1c },
          { "\x65\x6c\x65\x6d": "\x4b", "\x78": 0x0, "\x79": 0x3c, "\x7a": 0x0, "\x72": 0x16 },
        ],
        "\x62\x6f\x6e\x64\x73": [
          [0x0, 0x1, "\x64\x6f\x75\x62\x6c\x65"],
          [0x0, 0x2, "\x64\x6f\x75\x62\x6c\x65"],
          [0x0, 0x3, "\x73\x69\x6e\x67\x6c\x65"],
        ],
      },
      "\x41\x67\x42\x72\x4f\x33\x7c\u6eb4\u9178\u9280": {
        "\x70\x67": "\x43\x33\x76",
        "\x6d\x70": "\x2d",
        "\x62\x70": "\x2d",
        "\x64\x65\x73\x63": "\x3c\x73\x74\x72\x6f\x6e\x67\x3e\u6eb4\u9178\u9280\x3c\x2f\x73\x74\x72\x6f\x6e\x67\x3e\x3c\x62\x72\x3e\u96e3\u6eb6\u65bc\u6c34\u7684\u767d\u8272\u56fa\u9ad4\u3002",
        "\x61\x74\x6f\x6d\x73": [
          { "\x65\x6c\x65\x6d": "\x42\x72", "\x78": 0x0, "\x79": 0xf, "\x7a": 0x0, "\x6c\x70\x43\x6f\x75\x6e\x74": 0x1 },
          { "\x65\x6c\x65\x6d": "\x4f", "\x78": 0x0, "\x79": -0x28, "\x7a": 0x32 },
          { "\x65\x6c\x65\x6d": "\x4f", "\x78": 0x30, "\x79": -0x28, "\x7a": -0x1c },
          { "\x65\x6c\x65\x6d": "\x4f", "\x78": -0x30, "\x79": -0x28, "\x7a": -0x1c },
          { "\x65\x6c\x65\x6d": "\x41\x67", "\x78": 0x0, "\x79": 0x3c, "\x7a": 0x0, "\x72": 0x12 },
        ],
        "\x62\x6f\x6e\x64\x73": [
          [0x0, 0x1, "\x64\x6f\x75\x62\x6c\x65"],
          [0x0, 0x2, "\x64\x6f\x75\x62\x6c\x65"],
          [0x0, 0x3, "\x73\x69\x6e\x67\x6c\x65"],
        ],
      },
    },
    null,
    "\x2d",
    "\x61\x63\x69\x64",
  ),
  addMol(
    "\x48\x49\x4f\x33\x7c\u7898\u9178\u7cfb\u5217",
    "\x49",
    "\x73\x70\u00b3",
    ["\u89d2\u9310\u5f62", "\x50\x79\x72\x61\x6d\x69\x64\x61\x6c"],
    "\x31\x30\x37\u00b0",
    "\x31\x31\x30",
    "\u5206\u89e3",
    [],
    [],
    {
      "\x48\x49\x4f\x33\x7c\u7898\u9178": {
        "\x70\x67": "\x43\x73",
        "\x6d\x70": "\x31\x31\x30",
        "\x62\x70": "\u5206\u89e3",
        "\x64\x65\x73\x63": "\x3c\x73\x74\x72\x6f\x6e\x67\x3e\u7898\u9178\x3c\x2f\x73\x74\x72\x6f\x6e\x67\x3e\x3c\x62\x72\x3e\u7a69\u5b9a\u7684\u767d\u8272\u56fa\u9ad4\uff0c\u5f37\u9178\u3002",
        "\x61\x74\x6f\x6d\x73": [
          { "\x65\x6c\x65\x6d": "\x49", "\x78": 0x0, "\x79": 0xf, "\x7a": 0x0, "\x6c\x70\x43\x6f\x75\x6e\x74": 0x1 },
          { "\x65\x6c\x65\x6d": "\x4f", "\x78": 0x0, "\x79": -0x28, "\x7a": 0x32 },
          { "\x65\x6c\x65\x6d": "\x4f", "\x78": 0x30, "\x79": -0x28, "\x7a": -0x1c },
          { "\x65\x6c\x65\x6d": "\x4f", "\x78": -0x30, "\x79": -0x28, "\x7a": -0x1c, "\x6c\x70\x43\x6f\x75\x6e\x74": 0x2 },
          { "\x65\x6c\x65\x6d": "\x48", "\x78": -0x5a, "\x79": -0x14, "\x7a": -0x37 },
        ],
        "\x62\x6f\x6e\x64\x73": [
          [0x0, 0x1, "\x64\x6f\x75\x62\x6c\x65"],
          [0x0, 0x2, "\x64\x6f\x75\x62\x6c\x65"],
          [0x0, 0x3, "\x73\x69\x6e\x67\x6c\x65"],
          [0x3, 0x4],
        ],
      },
      "\x49\x4f\x33\x20\x2d\x7c\u7898\u9178\u6839": {
        "\x70\x67": "\x43\x33\x76",
        "\x6d\x70": "\x2d",
        "\x62\x70": "\x2d",
        "\x64\x65\x73\x63": "\x3c\x73\x74\x72\x6f\x6e\x67\x3e\u7898\u9178\u6839\x3c\x2f\x73\x74\x72\x6f\x6e\x67\x3e\x3c\x62\x72\x3e\u4e09\u89d2\u9310\u5f62\u7d50\u69cb\u3002",
        "\x61\x74\x6f\x6d\x73": [
          { "\x65\x6c\x65\x6d": "\x49", "\x78": 0x0, "\x79": 0xf, "\x7a": 0x0, "\x6c\x70\x43\x6f\x75\x6e\x74": 0x1 },
          { "\x65\x6c\x65\x6d": "\x4f", "\x78": 0x0, "\x79": -0x28, "\x7a": 0x32 },
          { "\x65\x6c\x65\x6d": "\x4f", "\x78": 0x30, "\x79": -0x28, "\x7a": -0x1c },
          { "\x65\x6c\x65\x6d": "\x4f", "\x78": -0x30, "\x79": -0x28, "\x7a": -0x1c },
        ],
        "\x62\x6f\x6e\x64\x73": [
          [0x0, 0x1, "\x64\x6f\x75\x62\x6c\x65"],
          [0x0, 0x2, "\x64\x6f\x75\x62\x6c\x65"],
          [0x0, 0x3, "\x73\x69\x6e\x67\x6c\x65"],
        ],
      },
      "\x4b\x49\x4f\x33\x7c\u7898\u9178\u9240": {
        "\x70\x67": "\x43\x33\x76",
        "\x6d\x70": "\x35\x36\x30\x20\x28\u5206\u89e3\x29",
        "\x62\x70": "\x2d",
        "\x64\x65\x73\x63": "\x3c\x73\x74\x72\x6f\x6e\x67\x3e\u7898\u9178\u9240\x3c\x2f\x73\x74\x72\x6f\x6e\x67\x3e\x3c\x62\x72\x3e\u98df\u9e7d\u52a0\u7898\u6210\u5206\uff0c\x4b\u207a\x20\u4f4d\u65bc\u5916\u5074\u3002",
        "\x61\x74\x6f\x6d\x73": [
          { "\x65\x6c\x65\x6d": "\x49", "\x78": 0x0, "\x79": 0xf, "\x7a": 0x0, "\x6c\x70\x43\x6f\x75\x6e\x74": 0x1 },
          { "\x65\x6c\x65\x6d": "\x4f", "\x78": 0x0, "\x79": -0x28, "\x7a": 0x32 },
          { "\x65\x6c\x65\x6d": "\x4f", "\x78": 0x30, "\x79": -0x28, "\x7a": -0x1c },
          { "\x65\x6c\x65\x6d": "\x4f", "\x78": -0x30, "\x79": -0x28, "\x7a": -0x1c },
          { "\x65\x6c\x65\x6d": "\x4b", "\x78": 0x0, "\x79": 0x3c, "\x7a": 0x0, "\x72": 0x16 },
        ],
        "\x62\x6f\x6e\x64\x73": [
          [0x0, 0x1, "\x64\x6f\x75\x62\x6c\x65"],
          [0x0, 0x2, "\x64\x6f\x75\x62\x6c\x65"],
          [0x0, 0x3, "\x73\x69\x6e\x67\x6c\x65"],
        ],
      },
    },
    null,
    "\x2d",
    "\x61\x63\x69\x64",
  ),
  addMol(
    "\x46\x65\x28\x43\x35\x48\x35\x29\x32\x7c\u4e8c\u8302\u9435\x7c\x46\x65\x72\x72\x6f\x63\x65\x6e\x65",
    "\x43",
    "\x73\x70\u00b3",
    ["\u5e7e\u4f55\u5f62\u72c0", "\x53\x68\x61\x70\x65"],
    "\u89d2\u5ea6",
    "\x31\x37\x32\x2d\x31\x37\x34",
    "\x32\x34\x39",
    [
      { "\x65\x6c\x65\x6d": "\x43", "\x78": -0x33, "\x79": -0x23, "\x7a": -0x52 },
      { "\x65\x6c\x65\x6d": "\x46\x65", "\x78": 0x0, "\x79": 0x0, "\x7a": 0x0 },
      { "\x65\x6c\x65\x6d": "\x43", "\x78": -0x30, "\x79": 0x24, "\x7a": -0x53 },
      { "\x65\x6c\x65\x6d": "\x43", "\x78": 0x10, "\x79": -0x3c, "\x7a": -0x52 },
      { "\x65\x6c\x65\x6d": "\x43", "\x78": 0x3c, "\x79": -0x4, "\x7a": -0x53 },
      { "\x65\x6c\x65\x6d": "\x43", "\x78": 0x15, "\x79": 0x37, "\x7a": -0x54 },
      { "\x65\x6c\x65\x6d": "\x43", "\x78": 0x19, "\x79": 0x39, "\x7a": 0x51 },
      { "\x65\x6c\x65\x6d": "\x43", "\x78": -0x2c, "\x79": 0x2b, "\x7a": 0x52 },
      { "\x65\x6c\x65\x6d": "\x43", "\x78": -0x34, "\x79": -0x1c, "\x7a": 0x54 },
      { "\x65\x6c\x65\x6d": "\x43", "\x78": 0xc, "\x79": -0x3a, "\x7a": 0x54 },
      { "\x65\x6c\x65\x6d": "\x43", "\x78": 0x3d, "\x79": -0x5, "\x7a": 0x53 },
      { "\x65\x6c\x65\x6d": "\x48", "\x78": -0x60, "\x79": -0x41, "\x7a": -0x50, "\x72": 0x0 },
      { "\x65\x6c\x65\x6d": "\x48", "\x78": -0x5b, "\x79": 0x46, "\x7a": -0x54, "\x72": 0x0 },
      { "\x65\x6c\x65\x6d": "\x48", "\x78": 0x1e, "\x79": -0x70, "\x7a": -0x50, "\x72": 0x0 },
      { "\x65\x6c\x65\x6d": "\x48", "\x78": 0x72, "\x79": -0x7, "\x7a": -0x52, "\x72": 0x0 },
      { "\x65\x6c\x65\x6d": "\x48", "\x78": 0x28, "\x79": 0x6a, "\x7a": -0x55, "\x72": 0x0 },
      { "\x65\x6c\x65\x6d": "\x48", "\x78": 0x30, "\x79": 0x6a, "\x7a": 0x50, "\x72": 0x0 },
      { "\x65\x6c\x65\x6d": "\x48", "\x78": -0x54, "\x79": 0x4f, "\x7a": 0x51, "\x72": 0x0 },
      { "\x65\x6c\x65\x6d": "\x48", "\x78": -0x63, "\x79": -0x37, "\x7a": 0x54, "\x72": 0x0 },
      { "\x65\x6c\x65\x6d": "\x48", "\x78": 0x17, "\x79": -0x6f, "\x7a": 0x54, "\x72": 0x0 },
      { "\x65\x6c\x65\x6d": "\x48", "\x78": 0x73, "\x79": -0xb, "\x7a": 0x52, "\x72": 0x0 },
      { "\x65\x6c\x65\x6d": "", "\x78": 0x0, "\x79": -0x2, "\x7a": -0x52, "\x72": 0x0 },
      { "\x65\x6c\x65\x6d": "", "\x78": 0x0, "\x79": 0x2, "\x7a": 0x53, "\x72": 0x0 },
    ],
    [
      [0x1, 0x15],
      [0x1, 0x16],
      [0x0, 0x2],
      [0x2, 0x5],
      [0x5, 0x4],
      [0x4, 0x3],
      [0x3, 0x0],
      [0x6, 0x7],
      [0x7, 0x8],
      [0x8, 0x9],
      [0x9, 0xa],
      [0xa, 0x6],
    ],
    null,
    null,
    "\x44\x35\x68",
  ),
  addMol(
    "\x4d\x79\x4d\x6f\x6c\x7c\x43\x6f\x28\x4e\x48\x33\x29\x34\x43\x6c\x32",
    "\x43",
    "\x73\x70\u00b3",
    ["\u5e7e\u4f55\u5f62\u72c0", "\x53\x68\x61\x70\x65"],
    "\u89d2\u5ea6",
    "\x2d",
    "\x2d",
    [
      { "\x65\x6c\x65\x6d": "\x4e", "\x78": -0x64, "\x79": 0x0, "\x7a": 0x0 },
      { "\x65\x6c\x65\x6d": "\x43\x6c", "\x78": 0x0, "\x79": 0x64, "\x7a": 0x0 },
      { "\x65\x6c\x65\x6d": "\x48", "\x78": -0x75, "\x79": -0x27, "\x7a": 0x12 },
      { "\x65\x6c\x65\x6d": "\x4e", "\x78": 0x64, "\x79": 0x0, "\x7a": 0x0 },
      { "\x65\x6c\x65\x6d": "\x48", "\x78": 0x74, "\x79": -0x28, "\x7a": 0x11 },
      { "\x65\x6c\x65\x6d": "\x48", "\x78": 0x7a, "\x79": 0x23, "\x7a": 0x16 },
      { "\x65\x6c\x65\x6d": "\x4e", "\x78": 0x0, "\x79": -0x64, "\x7a": 0x0 },
      { "\x65\x6c\x65\x6d": "\x48", "\x78": -0x78, "\x79": 0x24, "\x7a": 0x17 },
      { "\x65\x6c\x65\x6d": "\x48", "\x78": -0x73, "\x79": 0x2, "\x7a": -0x2c },
      { "\x65\x6c\x65\x6d": "\x48", "\x78": -0x28, "\x79": -0x75, "\x7a": 0x8 },
      { "\x65\x6c\x65\x6d": "\x43\x6f", "\x78": 0x0, "\x79": 0x0, "\x7a": 0x0 },
      { "\x65\x6c\x65\x6d": "\x48", "\x78": 0x23, "\x79": -0x77, "\x7a": 0x7 },
      { "\x65\x6c\x65\x6d": "\x48", "\x78": -0x3, "\x79": -0x70, "\x7a": -0x2d },
      { "\x65\x6c\x65\x6d": "\x48", "\x78": 0x73, "\x79": 0x2, "\x7a": -0x2d },
      { "\x65\x6c\x65\x6d": "\x4e", "\x78": 0x0, "\x79": 0x0, "\x7a": -0x64 },
      { "\x65\x6c\x65\x6d": "\x43\x6c", "\x78": 0x0, "\x79": 0x0, "\x7a": 0x64 },
      { "\x65\x6c\x65\x6d": "\x48", "\x78": 0x24, "\x79": 0x17, "\x7a": -0x75 },
      { "\x65\x6c\x65\x6d": "\x48", "\x78": -0x27, "\x79": 0x14, "\x7a": -0x74 },
      { "\x65\x6c\x65\x6d": "\x48", "\x78": 0x2, "\x79": -0x2b, "\x7a": -0x76 },
    ],
    [
      [0x0, 0x2],
      [0x0, 0x7],
      [0x0, 0x8],
      [0x0, 0xa],
      [0x1, 0xa],
      [0x3, 0x4],
      [0x3, 0x5],
      [0x3, 0xd],
      [0x3, 0xa],
      [0x6, 0x9],
      [0x6, 0xa],
      [0x6, 0xb],
      [0x6, 0xc],
      [0xe, 0xa],
      [0xe, 0x10],
      [0xe, 0x11],
      [0xe, 0x12],
      [0xf, 0xa],
    ],
    null,
    null,
    "",
  ),
  addMol(
    "\x53\x69\x7c\u77fd\x7c\u77fd\u6676\u9ad4",
    "\x53\x69",
    "\x73\x70\u00b3",
    ["\u6b63\u56db\u9762\u9ad4\u7db2\u72c0", "\x54\x65\x74\x72\x61\x68\x65\x64\x72\x61\x6c\x20\x4e\x65\x74\x77\x6f\x72\x6b"],
    "\x31\x30\x39\x2e\x35\u00b0",
    "\x31\x34\x31\x34",
    "\x33\x32\x36\x35",
    [
      { "\x65\x6c\x65\x6d": "\x53\x69", "\x78": -92.4, "\x79": 92.4, "\x7a": -92.4, "\x6c\x70\x43\x6f\x75\x6e\x74": 0x0 },
      { "\x65\x6c\x65\x6d": "\x53\x69", "\x78": -92.4, "\x79": 92.4, "\x7a": 92.4, "\x6c\x70\x43\x6f\x75\x6e\x74": 0x0 },
      { "\x65\x6c\x65\x6d": "\x53\x69", "\x78": -92.4, "\x79": -92.4, "\x7a": -92.4, "\x6c\x70\x43\x6f\x75\x6e\x74": 0x0 },
      { "\x65\x6c\x65\x6d": "\x53\x69", "\x78": -92.4, "\x79": -92.4, "\x7a": 92.4, "\x6c\x70\x43\x6f\x75\x6e\x74": 0x0 },
      { "\x65\x6c\x65\x6d": "\x53\x69", "\x78": 92.4, "\x79": 92.4, "\x7a": -92.4, "\x6c\x70\x43\x6f\x75\x6e\x74": 0x0 },
      { "\x65\x6c\x65\x6d": "\x53\x69", "\x78": 92.4, "\x79": 92.4, "\x7a": 92.4, "\x6c\x70\x43\x6f\x75\x6e\x74": 0x0 },
      { "\x65\x6c\x65\x6d": "\x53\x69", "\x78": 92.4, "\x79": -92.4, "\x7a": -92.4, "\x6c\x70\x43\x6f\x75\x6e\x74": 0x0 },
      { "\x65\x6c\x65\x6d": "\x53\x69", "\x78": 92.4, "\x79": -92.4, "\x7a": 92.4, "\x6c\x70\x43\x6f\x75\x6e\x74": 0x0 },
      { "\x65\x6c\x65\x6d": "\x53\x69", "\x78": -92.4, "\x79": 0x0, "\x7a": 0x0, "\x6c\x70\x43\x6f\x75\x6e\x74": 0x0 },
      { "\x65\x6c\x65\x6d": "\x53\x69", "\x78": 92.4, "\x79": 0x0, "\x7a": 0x0, "\x6c\x70\x43\x6f\x75\x6e\x74": 0x0 },
      { "\x65\x6c\x65\x6d": "\x53\x69", "\x78": 0x0, "\x79": 0x0, "\x7a": -92.4, "\x6c\x70\x43\x6f\x75\x6e\x74": 0x0 },
      { "\x65\x6c\x65\x6d": "\x53\x69", "\x78": 0x0, "\x79": 0x0, "\x7a": 92.4, "\x6c\x70\x43\x6f\x75\x6e\x74": 0x0 },
      { "\x65\x6c\x65\x6d": "\x53\x69", "\x78": 0x0, "\x79": 92.4, "\x7a": 0x0, "\x6c\x70\x43\x6f\x75\x6e\x74": 0x0 },
      { "\x65\x6c\x65\x6d": "\x53\x69", "\x78": 0x0, "\x79": -92.4, "\x7a": 0x0, "\x6c\x70\x43\x6f\x75\x6e\x74": 0x0 },
      { "\x65\x6c\x65\x6d": "\x53\x69", "\x78": 46.2, "\x79": 46.2, "\x7a": 46.2, "\x6c\x70\x43\x6f\x75\x6e\x74": 0x0 },
      { "\x65\x6c\x65\x6d": "\x53\x69", "\x78": -46.2, "\x79": 46.2, "\x7a": -46.2, "\x6c\x70\x43\x6f\x75\x6e\x74": 0x0 },
      { "\x65\x6c\x65\x6d": "\x53\x69", "\x78": -46.2, "\x79": -46.2, "\x7a": 46.2, "\x6c\x70\x43\x6f\x75\x6e\x74": 0x0 },
      { "\x65\x6c\x65\x6d": "\x53\x69", "\x78": 46.2, "\x79": -46.2, "\x7a": -46.2, "\x6c\x70\x43\x6f\x75\x6e\x74": 0x0 },
      { "\x65\x6c\x65\x6d": "\x53\x69", "\x78": -138.6, "\x79": 138.6, "\x7a": -46.2, "\x6c\x70\x43\x6f\x75\x6e\x74": 0x0 },
      { "\x65\x6c\x65\x6d": "\x53\x69", "\x78": -138.6, "\x79": 46.2, "\x7a": -138.6, "\x6c\x70\x43\x6f\x75\x6e\x74": 0x0 },
      { "\x65\x6c\x65\x6d": "\x53\x69", "\x78": -46.2, "\x79": 138.6, "\x7a": -138.6, "\x6c\x70\x43\x6f\x75\x6e\x74": 0x0 },
      { "\x65\x6c\x65\x6d": "\x53\x69", "\x78": -138.6, "\x79": 138.6, "\x7a": 138.6, "\x6c\x70\x43\x6f\x75\x6e\x74": 0x0 },
      { "\x65\x6c\x65\x6d": "\x53\x69", "\x78": -138.6, "\x79": 46.2, "\x7a": 46.2, "\x6c\x70\x43\x6f\x75\x6e\x74": 0x0 },
      { "\x65\x6c\x65\x6d": "\x53\x69", "\x78": -46.2, "\x79": 138.6, "\x7a": 46.2, "\x6c\x70\x43\x6f\x75\x6e\x74": 0x0 },
      { "\x65\x6c\x65\x6d": "\x53\x69", "\x78": -46.2, "\x79": 46.2, "\x7a": 138.6, "\x6c\x70\x43\x6f\x75\x6e\x74": 0x0 },
      { "\x65\x6c\x65\x6d": "\x53\x69", "\x78": -138.6, "\x79": -46.2, "\x7a": -46.2, "\x6c\x70\x43\x6f\x75\x6e\x74": 0x0 },
      { "\x65\x6c\x65\x6d": "\x53\x69", "\x78": -138.6, "\x79": -138.6, "\x7a": -138.6, "\x6c\x70\x43\x6f\x75\x6e\x74": 0x0 },
      { "\x65\x6c\x65\x6d": "\x53\x69", "\x78": -46.2, "\x79": -46.2, "\x7a": -138.6, "\x6c\x70\x43\x6f\x75\x6e\x74": 0x0 },
      { "\x65\x6c\x65\x6d": "\x53\x69", "\x78": -46.2, "\x79": -138.6, "\x7a": -46.2, "\x6c\x70\x43\x6f\x75\x6e\x74": 0x0 },
      { "\x65\x6c\x65\x6d": "\x53\x69", "\x78": -138.6, "\x79": -46.2, "\x7a": 138.6, "\x6c\x70\x43\x6f\x75\x6e\x74": 0x0 },
      { "\x65\x6c\x65\x6d": "\x53\x69", "\x78": -138.6, "\x79": -138.6, "\x7a": 46.2, "\x6c\x70\x43\x6f\x75\x6e\x74": 0x0 },
      { "\x65\x6c\x65\x6d": "\x53\x69", "\x78": -46.2, "\x79": -138.6, "\x7a": 138.6, "\x6c\x70\x43\x6f\x75\x6e\x74": 0x0 },
      { "\x65\x6c\x65\x6d": "\x53\x69", "\x78": 46.2, "\x79": 138.6, "\x7a": -46.2, "\x6c\x70\x43\x6f\x75\x6e\x74": 0x0 },
      { "\x65\x6c\x65\x6d": "\x53\x69", "\x78": 46.2, "\x79": 46.2, "\x7a": -138.6, "\x6c\x70\x43\x6f\x75\x6e\x74": 0x0 },
      { "\x65\x6c\x65\x6d": "\x53\x69", "\x78": 138.6, "\x79": 138.6, "\x7a": -138.6, "\x6c\x70\x43\x6f\x75\x6e\x74": 0x0 },
      { "\x65\x6c\x65\x6d": "\x53\x69", "\x78": 138.6, "\x79": 46.2, "\x7a": -46.2, "\x6c\x70\x43\x6f\x75\x6e\x74": 0x0 },
      { "\x65\x6c\x65\x6d": "\x53\x69", "\x78": 46.2, "\x79": 138.6, "\x7a": 138.6, "\x6c\x70\x43\x6f\x75\x6e\x74": 0x0 },
      { "\x65\x6c\x65\x6d": "\x53\x69", "\x78": 138.6, "\x79": 138.6, "\x7a": 46.2, "\x6c\x70\x43\x6f\x75\x6e\x74": 0x0 },
      { "\x65\x6c\x65\x6d": "\x53\x69", "\x78": 138.6, "\x79": 46.2, "\x7a": 138.6, "\x6c\x70\x43\x6f\x75\x6e\x74": 0x0 },
      { "\x65\x6c\x65\x6d": "\x53\x69", "\x78": 46.2, "\x79": -138.6, "\x7a": -138.6, "\x6c\x70\x43\x6f\x75\x6e\x74": 0x0 },
      { "\x65\x6c\x65\x6d": "\x53\x69", "\x78": 138.6, "\x79": -46.2, "\x7a": -138.6, "\x6c\x70\x43\x6f\x75\x6e\x74": 0x0 },
      { "\x65\x6c\x65\x6d": "\x53\x69", "\x78": 138.6, "\x79": -138.6, "\x7a": -46.2, "\x6c\x70\x43\x6f\x75\x6e\x74": 0x0 },
      { "\x65\x6c\x65\x6d": "\x53\x69", "\x78": 46.2, "\x79": -46.2, "\x7a": 138.6, "\x6c\x70\x43\x6f\x75\x6e\x74": 0x0 },
      { "\x65\x6c\x65\x6d": "\x53\x69", "\x78": 46.2, "\x79": -138.6, "\x7a": 46.2, "\x6c\x70\x43\x6f\x75\x6e\x74": 0x0 },
      { "\x65\x6c\x65\x6d": "\x53\x69", "\x78": 138.6, "\x79": -46.2, "\x7a": 46.2, "\x6c\x70\x43\x6f\x75\x6e\x74": 0x0 },
      { "\x65\x6c\x65\x6d": "\x53\x69", "\x78": 138.6, "\x79": -138.6, "\x7a": 138.6, "\x6c\x70\x43\x6f\x75\x6e\x74": 0x0 },
    ],
    [
      [0x0, 0x12],
      [0x0, 0x13],
      [0x0, 0x14],
      [0x1, 0x16],
      [0x1, 0x17],
      [0x1, 0x18],
      [0x1, 0x15],
      [0x2, 0x1b],
      [0x2, 0x1c],
      [0x2, 0x1a],
      [0x2, 0x19],
      [0x3, 0x1f],
      [0x3, 0x1d],
      [0x3, 0x1e],
      [0x4, 0x21],
      [0x4, 0x20],
      [0x4, 0x22],
      [0x4, 0x23],
      [0x5, 0x26],
      [0x5, 0x25],
      [0x5, 0x24],
      [0x6, 0x27],
      [0x6, 0x28],
      [0x6, 0x29],
      [0x7, 0x2a],
      [0x7, 0x2b],
      [0x7, 0x2d],
      [0x7, 0x2c],
      [0x8, 0x16],
      [0x8, 0xf],
      [0x8, 0x10],
      [0x8, 0x19],
      [0x9, 0xe],
      [0x9, 0x23],
      [0x9, 0x11],
      [0x9, 0x2c],
      [0xa, 0x1b],
      [0xa, 0xf],
      [0xa, 0x11],
      [0xa, 0x21],
      [0xb, 0x2a],
      [0xb, 0x18],
      [0xb, 0x10],
      [0xb, 0xe],
      [0xc, 0xf],
      [0xc, 0xe],
      [0xc, 0x17],
      [0xc, 0x20],
      [0xd, 0x10],
      [0xd, 0x1c],
      [0xd, 0x11],
      [0xd, 0x2b],
      [0xe, 0x5],
      [0xf, 0x0],
      [0x10, 0x3],
      [0x11, 0x6],
    ],
    null,
    "\x3c\x64\x69\x76\x20\x63\x6c\x61\x73\x73\x3d\x22\x69\x6e\x66\x6f\x2d\x73\x65\x63\x74\x69\x6f\x6e\x22\x3e\x3c\x64\x69\x76\x20\x63\x6c\x61\x73\x73\x3d\x22\x69\x6e\x66\x6f\x2d\x74\x69\x74\x6c\x65\x22\x3e\u2697\ufe0f\x20\u7269\u8cea\u6027\u8cea\x3c\x2f\x64\x69\x76\x3e\x3c\x64\x69\x76\x20\x63\x6c\x61\x73\x73\x3d\x22\x69\x6e\x66\x6f\x2d\x62\x6f\x64\x79\x22\x3e\x3c\x73\x70\x61\x6e\x20\x63\x6c\x61\x73\x73\x3d\x22\x68\x69\x67\x68\x6c\x69\x67\x68\x74\x2d\x74\x69\x74\x6c\x65\x22\x3e\x31\x2e\x20\u7acb\u9ad4\u7d50\u69cb\uff1a\x3c\x2f\x73\x70\x61\x6e\x3e\u5c6c\u65bc\x3c\x73\x74\x72\x6f\x6e\x67\x3e\u5171\u50f9\u7db2\u72c0\u56fa\u9ad4\x3c\x2f\x73\x74\x72\x6f\x6e\x67\x3e\u3002\u6bcf\u500b\u77fd\u539f\u5b50\u63a1\u53d6\x20\x3c\x73\x74\x72\x6f\x6e\x67\x3e\x73\x70\u00b3\x20\u6df7\u6210\u8ecc\u57df\x3c\x2f\x73\x74\x72\x6f\x6e\x67\x3e\uff0c\u8207\u9130\u8fd1\u7684\u56db\u500b\u77fd\u539f\u5b50\u5f62\u6210\u5f37\u5927\u7684\u5171\u50f9\u9375\uff0c\u4e26\u5411\u4e09\u7dad\u7a7a\u9593\u7121\u9650\u5ef6\u4f38\uff0c\u5f62\u6210\u9023\u7e8c\u7684\x3c\x73\x74\x72\x6f\x6e\x67\x3e\u6b63\u56db\u9762\u9ad4\u7db2\u72c0\u7d50\u69cb\x3c\x2f\x73\x74\x72\x6f\x6e\x67\x3e\uff0c\u9375\u89d2\u7d04\u70ba\x20\x31\x30\x39\x2e\x35\u00b0\u3002\x3c\x62\x72\x3e\x3c\x73\x70\x61\x6e\x20\x63\x6c\x61\x73\x73\x3d\x22\x68\x69\x67\x68\x6c\x69\x67\x68\x74\x2d\x74\x69\x74\x6c\x65\x22\x3e\x32\x2e\x20\u7269\u7406\u6027\u8cea\uff1a\x3c\x2f\x73\x70\x61\x6e\x3e\u7531\u65bc\u539f\u5b50\u9593\u5b8c\u5168\u4ee5\u6975\u5f37\u7684\x3c\x73\x74\x72\x6f\x6e\x67\x3e\u5171\u50f9\u9375\x3c\x2f\x73\x74\x72\x6f\x6e\x67\x3e\u9375\u7d50\uff0c\u5177\u6709\u6975\u9ad8\u7684\u7194\u9ede\x20\x28\x31\x34\x31\x34\u00b0\x43\x29\x20\u8207\u786c\u5ea6\u3002\u4e0d\u540c\u65bc\u7d55\u7de3\u7684\u91d1\u525b\u77f3\uff0c\u77fd\u5177\u6709\u7279\u6b8a\u7684\u96fb\u5b50\u80fd\u9699\u7d50\u69cb\uff0c\u5c6c\u65bc\u91cd\u8981\u7684\x3c\x73\x74\x72\x6f\x6e\x67\x3e\u534a\u5c0e\u9ad4\x3c\x2f\x73\x74\x72\x6f\x6e\x67\x3e\u6750\u6599\u3002\x3c\x62\x72\x3e\x3c\x73\x70\x61\x6e\x20\x63\x6c\x61\x73\x73\x3d\x22\x68\x69\x67\x68\x6c\x69\x67\x68\x74\x2d\x74\x69\x74\x6c\x65\x22\x3e\x33\x2e\x20\u5316\u5b78\u6027\u8cea\uff1a\x3c\x2f\x73\x70\x61\x6e\x3e\u5316\u5b78\u6027\u8cea\u7a69\u5b9a\u3002\u5728\u5e38\u6eab\u4e0b\u4e0d\u8207\u5927\u90e8\u5206\u9178\u9e7c\u53cd\u61c9\uff08\u6975\u5c11\u6578\u5982\x20\x48\x46\x20\u9664\u5916\uff09\uff0c\u4f46\u5728\u9ad8\u6eab\u4e0b\u6d3b\u6027\u589e\u52a0\uff0c\u53ef\u8207\u6c27\u6c23\u7d50\u5408\u5f62\u6210\u4e8c\u6c27\u5316\u77fd\x20\x28\x53\x69\x4f\u2082\x29\u3002\x3c\x2f\x64\x69\x76\x3e\x3c\x2f\x64\x69\x76\x3e\x3c\x64\x69\x76\x20\x63\x6c\x61\x73\x73\x3d\x22\x69\x6e\x66\x6f\x2d\x73\x65\x63\x74\x69\x6f\x6e\x22\x20\x73\x74\x79\x6c\x65\x3d\x22\x6d\x61\x72\x67\x69\x6e\x2d\x74\x6f\x70\x3a\x20\x31\x32\x70\x78\x3b\x20\x62\x6f\x72\x64\x65\x72\x2d\x74\x6f\x70\x3a\x20\x31\x70\x78\x20\x64\x61\x73\x68\x65\x64\x20\x72\x67\x62\x61\x28\x32\x35\x35\x2c\x32\x35\x35\x2c\x32\x35\x35\x2c\x30\x2e\x32\x29\x3b\x20\x70\x61\x64\x64\x69\x6e\x67\x2d\x74\x6f\x70\x3a\x20\x31\x30\x70\x78\x3b\x22\x3e\x3c\x64\x69\x76\x20\x63\x6c\x61\x73\x73\x3d\x22\x69\x6e\x66\x6f\x2d\x74\x69\x74\x6c\x65\x22\x3e\ud83c\udfed\x20\u751f\u6d3b\u61c9\u7528\x3c\x2f\x64\x69\x76\x3e\x3c\x64\x69\x76\x20\x63\x6c\x61\x73\x73\x3d\x22\x69\x6e\x66\x6f\x2d\x62\x6f\x64\x79\x22\x3e\x3c\x73\x70\x61\x6e\x20\x63\x6c\x61\x73\x73\x3d\x22\x68\x69\x67\x68\x6c\x69\x67\x68\x74\x2d\x74\x69\x74\x6c\x65\x22\x3e\x31\x2e\x20\u8cc7\u8a0a\u7522\u696d\u7684\u6838\u5fc3\uff1a\x3c\x2f\x73\x70\x61\x6e\x3e\u77fd\u662f\u88fd\u9020\u5fae\u8655\u7406\u5668\u8207\u5404\u985e\u534a\u5c0e\u9ad4\u5143\u4ef6\u7684\u57fa\u790e\u3002\u900f\u904e\u5728\u7db2\u72c0\u7d50\u69cb\u4e2d\u52a0\u5165\u5fae\u91cf\u7684\u78f7\x20\x28\x50\x29\x20\u6216\u787c\x20\x28\x42\x29\uff0c\u53ef\u8abf\u6574\u5176\u5c0e\u96fb\u6027\uff0c\u88fd\u6210\x20\x4e\x20\u578b\u6216\x20\x50\x20\u578b\u534a\u5c0e\u9ad4\u3002\x3c\x62\x72\x3e\x3c\x73\x70\x61\x6e\x20\x63\x6c\x61\x73\x73\x3d\x22\x68\x69\x67\x68\x6c\x69\x67\x68\x74\x2d\x74\x69\x74\x6c\x65\x22\x3e\x32\x2e\x20\u80fd\u6e90\u8f49\u578b\x20\x28\u592a\u967d\u80fd\x29\uff1a\x3c\x2f\x73\x70\x61\x6e\x3e\u5229\u7528\u77fd\u7684\x3c\x73\x74\x72\x6f\x6e\x67\x3e\u5149\u96fb\u6548\u61c9\x3c\x2f\x73\x74\x72\x6f\x6e\x67\x3e\uff0c\u53ef\u5c07\u5149\u80fd\u8f49\u5316\u70ba\u96fb\u80fd\u3002\u7d14\u5ea6\u9054\x20\x39\x39\x2e\x39\x39\x39\x39\x25\x20\u7684\u591a\u6676\u77fd\u6216\u55ae\u6676\u77fd\u662f\u88fd\u9020\u592a\u967d\u80fd\u96fb\u6c60\u677f\u7684\u6838\u5fc3\u6750\u6599\u3002\x3c\x62\x72\x3e\x3c\x73\x70\x61\x6e\x20\x63\x6c\x61\x73\x73\x3d\x22\x68\x69\x67\x68\x6c\x69\x67\x68\x74\x2d\x74\x69\x74\x6c\x65\x22\x3e\x33\x2e\x20\u5730\u6bbc\u4e2d\u7684\u5206\u4f48\uff1a\x3c\x2f\x73\x70\x61\x6e\x3e\u96d6\u7136\u77fd\u5728\u81ea\u7136\u754c\u4e2d\u4e0d\u4ee5\u55ae\u8cea\u5f62\u5f0f\u5b58\u5728\uff0c\u4f46\u5176\u5316\u5408\u7269\uff08\u5982\u77fd\u9178\u9e7d\u3001\u77f3\u82f1\uff09\u662f\u5730\u6bbc\u4e2d\u542b\u91cf\u7b2c\u4e8c\u8c50\u5bcc\u7684\u5143\u7d20\uff0c\u662f\u69cb\u6210\u5730\u7403\u5ca9\u77f3\u5708\u7684\u91cd\u8981\u57fa\u77f3\u3002\x3c\x2f\x64\x69\x76\x3e\x3c\x2f\x64\x69\x76\x3e",
    "\x46\x64\x33\x6d",
  ),
  addMol(
    "\x43",
    "\x43",
    "\x73\x70\u00b3",
    ["\u540c\u7d20\u7570\u5f62\u9ad4", "\x41\x6c\x6c\x6f\x74\x72\x6f\x70\x65"],
    "\x2d",
    "\x2d",
    "\x2d",
    [],
    [],
    {
      "\x43\x7c\u91d1\u525b\u77f3\x7c\u947d\u77f3": {
        "\x70\x67": "\x46\x64\x33\x6d",
        "\x68\x79\x62\x72\x69\x64": "\x73\x70\u00b3",
        "\x73\x68\x61\x70\x65": "\u6b63\u56db\u9762\u9ad4\u7db2\u72c0",
        "\x61\x6e\x67\x6c\x65": "\x31\x30\x39\x2e\x35\u00b0",
        "\x6d\x70": "\x33\x35\x35\x30",
        "\x62\x70": "\x34\x38\x32\x37",
        "\x61\x74\x6f\x6d\x73": [
          { "\x65\x6c\x65\x6d": "\x43", "\x78": -0x52, "\x79": 0x52, "\x7a": 0x0, "\x6c\x70\x43\x6f\x75\x6e\x74": 0x0 },
          { "\x65\x6c\x65\x6d": "\x43", "\x78": -0x52, "\x79": -0x52, "\x7a": 0x0, "\x6c\x70\x43\x6f\x75\x6e\x74": 0x0 },
          { "\x65\x6c\x65\x6d": "\x43", "\x78": 0x52, "\x79": 0x52, "\x7a": 0x0, "\x6c\x70\x43\x6f\x75\x6e\x74": 0x0 },
          { "\x65\x6c\x65\x6d": "\x43", "\x78": 0x52, "\x79": -0x52, "\x7a": 0x0, "\x6c\x70\x43\x6f\x75\x6e\x74": 0x0 },
          { "\x65\x6c\x65\x6d": "\x43", "\x78": -0x52, "\x79": 0x0, "\x7a": -0x52, "\x6c\x70\x43\x6f\x75\x6e\x74": 0x0 },
          { "\x65\x6c\x65\x6d": "\x43", "\x78": -0x52, "\x79": 0x0, "\x7a": 0x52, "\x6c\x70\x43\x6f\x75\x6e\x74": 0x0 },
          { "\x65\x6c\x65\x6d": "\x43", "\x78": 0x52, "\x79": 0x0, "\x7a": -0x52, "\x6c\x70\x43\x6f\x75\x6e\x74": 0x0 },
          { "\x65\x6c\x65\x6d": "\x43", "\x78": 0x52, "\x79": 0x0, "\x7a": 0x52, "\x6c\x70\x43\x6f\x75\x6e\x74": 0x0 },
          { "\x65\x6c\x65\x6d": "\x43", "\x78": 0x0, "\x79": 0x0, "\x7a": 0x0, "\x6c\x70\x43\x6f\x75\x6e\x74": 0x0 },
          { "\x65\x6c\x65\x6d": "\x43", "\x78": 0x0, "\x79": 0x52, "\x7a": -0x52, "\x6c\x70\x43\x6f\x75\x6e\x74": 0x0 },
          { "\x65\x6c\x65\x6d": "\x43", "\x78": 0x0, "\x79": 0x52, "\x7a": 0x52, "\x6c\x70\x43\x6f\x75\x6e\x74": 0x0 },
          { "\x65\x6c\x65\x6d": "\x43", "\x78": 0x0, "\x79": -0x52, "\x7a": -0x52, "\x6c\x70\x43\x6f\x75\x6e\x74": 0x0 },
          { "\x65\x6c\x65\x6d": "\x43", "\x78": 0x0, "\x79": -0x52, "\x7a": 0x52, "\x6c\x70\x43\x6f\x75\x6e\x74": 0x0 },
          { "\x65\x6c\x65\x6d": "\x43", "\x78": 0x29, "\x79": 0x29, "\x7a": -0x29, "\x6c\x70\x43\x6f\x75\x6e\x74": 0x0 },
          { "\x65\x6c\x65\x6d": "\x43", "\x78": -0x29, "\x79": 0x29, "\x7a": 0x29, "\x6c\x70\x43\x6f\x75\x6e\x74": 0x0 },
          { "\x65\x6c\x65\x6d": "\x43", "\x78": -0x29, "\x79": -0x29, "\x7a": -0x29, "\x6c\x70\x43\x6f\x75\x6e\x74": 0x0 },
          { "\x65\x6c\x65\x6d": "\x43", "\x78": 0x29, "\x79": -0x29, "\x7a": 0x29, "\x6c\x70\x43\x6f\x75\x6e\x74": 0x0 },
          { "\x65\x6c\x65\x6d": "\x43", "\x78": -0x7a, "\x79": 0x7a, "\x7a": 0x29, "\x6c\x70\x43\x6f\x75\x6e\x74": 0x0 },
          { "\x65\x6c\x65\x6d": "\x43", "\x78": -0x7a, "\x79": 0x29, "\x7a": -0x29, "\x6c\x70\x43\x6f\x75\x6e\x74": 0x0 },
          { "\x65\x6c\x65\x6d": "\x43", "\x78": -0x29, "\x79": 0x7a, "\x7a": -0x29, "\x6c\x70\x43\x6f\x75\x6e\x74": 0x0 },
          { "\x65\x6c\x65\x6d": "\x43", "\x78": -0x7a, "\x79": -0x29, "\x7a": 0x29, "\x6c\x70\x43\x6f\x75\x6e\x74": 0x0 },
          { "\x65\x6c\x65\x6d": "\x43", "\x78": -0x7a, "\x79": -0x7a, "\x7a": -0x29, "\x6c\x70\x43\x6f\x75\x6e\x74": 0x0 },
          { "\x65\x6c\x65\x6d": "\x43", "\x78": -0x29, "\x79": -0x7a, "\x7a": 0x29, "\x6c\x70\x43\x6f\x75\x6e\x74": 0x0 },
          { "\x65\x6c\x65\x6d": "\x43", "\x78": 0x29, "\x79": 0x7a, "\x7a": 0x29, "\x6c\x70\x43\x6f\x75\x6e\x74": 0x0 },
          { "\x65\x6c\x65\x6d": "\x43", "\x78": 0x7a, "\x79": 0x7a, "\x7a": -0x29, "\x6c\x70\x43\x6f\x75\x6e\x74": 0x0 },
          { "\x65\x6c\x65\x6d": "\x43", "\x78": 0x7a, "\x79": 0x29, "\x7a": 0x29, "\x6c\x70\x43\x6f\x75\x6e\x74": 0x0 },
          { "\x65\x6c\x65\x6d": "\x43", "\x78": 0x29, "\x79": -0x7a, "\x7a": -0x29, "\x6c\x70\x43\x6f\x75\x6e\x74": 0x0 },
          { "\x65\x6c\x65\x6d": "\x43", "\x78": 0x7a, "\x79": -0x29, "\x7a": -0x29, "\x6c\x70\x43\x6f\x75\x6e\x74": 0x0 },
          { "\x65\x6c\x65\x6d": "\x43", "\x78": 0x7a, "\x79": -0x7a, "\x7a": 0x29, "\x6c\x70\x43\x6f\x75\x6e\x74": 0x0 },
          { "\x65\x6c\x65\x6d": "\x43", "\x78": -0x7a, "\x79": -0x29, "\x7a": -0x7a, "\x6c\x70\x43\x6f\x75\x6e\x74": 0x0 },
          { "\x65\x6c\x65\x6d": "\x43", "\x78": -0x29, "\x79": 0x29, "\x7a": -0x7a, "\x6c\x70\x43\x6f\x75\x6e\x74": 0x0 },
          { "\x65\x6c\x65\x6d": "\x43", "\x78": -0x7a, "\x79": 0x29, "\x7a": 0x7a, "\x6c\x70\x43\x6f\x75\x6e\x74": 0x0 },
          { "\x65\x6c\x65\x6d": "\x43", "\x78": -0x29, "\x79": -0x29, "\x7a": 0x7a, "\x6c\x70\x43\x6f\x75\x6e\x74": 0x0 },
          { "\x65\x6c\x65\x6d": "\x43", "\x78": 0x29, "\x79": -0x29, "\x7a": -0x7a, "\x6c\x70\x43\x6f\x75\x6e\x74": 0x0 },
          { "\x65\x6c\x65\x6d": "\x43", "\x78": 0x7a, "\x79": 0x29, "\x7a": -0x7a, "\x6c\x70\x43\x6f\x75\x6e\x74": 0x0 },
          { "\x65\x6c\x65\x6d": "\x43", "\x78": 0x29, "\x79": 0x29, "\x7a": 0x7a, "\x6c\x70\x43\x6f\x75\x6e\x74": 0x0 },
          { "\x65\x6c\x65\x6d": "\x43", "\x78": 0x7a, "\x79": -0x29, "\x7a": 0x7a, "\x6c\x70\x43\x6f\x75\x6e\x74": 0x0 },
          { "\x65\x6c\x65\x6d": "\x43", "\x78": 0x29, "\x79": 0x7a, "\x7a": -0x7a, "\x6c\x70\x43\x6f\x75\x6e\x74": 0x0 },
          { "\x65\x6c\x65\x6d": "\x43", "\x78": -0x29, "\x79": 0x7a, "\x7a": 0x7a, "\x6c\x70\x43\x6f\x75\x6e\x74": 0x0 },
          { "\x65\x6c\x65\x6d": "\x43", "\x78": -0x29, "\x79": -0x7a, "\x7a": -0x7a, "\x6c\x70\x43\x6f\x75\x6e\x74": 0x0 },
          { "\x65\x6c\x65\x6d": "\x43", "\x78": 0x29, "\x79": -0x7a, "\x7a": 0x7a, "\x6c\x70\x43\x6f\x75\x6e\x74": 0x0 },
        ],
        "\x62\x6f\x6e\x64\x73": [
          [0x0, 0x12],
          [0x0, 0x13],
          [0x0, 0xe],
          [0x0, 0x11],
          [0x1, 0xf],
          [0x1, 0x16],
          [0x1, 0x15],
          [0x1, 0x14],
          [0x2, 0x17],
          [0x2, 0xd],
          [0x2, 0x19],
          [0x2, 0x18],
          [0x3, 0x10],
          [0x3, 0x1a],
          [0x3, 0x1b],
          [0x3, 0x1c],
          [0x4, 0x12],
          [0x4, 0xf],
          [0x4, 0x1e],
          [0x4, 0x1d],
          [0x5, 0x20],
          [0x5, 0x14],
          [0x5, 0xe],
          [0x5, 0x1f],
          [0x6, 0xd],
          [0x6, 0x21],
          [0x6, 0x22],
          [0x6, 0x1b],
          [0x7, 0x10],
          [0x7, 0x24],
          [0x7, 0x23],
          [0x7, 0x19],
          [0x8, 0xe],
          [0x8, 0x10],
          [0x8, 0xd],
          [0x8, 0xf],
          [0x9, 0x25],
          [0x9, 0x13],
          [0x9, 0x1e],
          [0x9, 0xd],
          [0xa, 0x23],
          [0xa, 0xe],
          [0xa, 0x17],
          [0xa, 0x26],
          [0xb, 0x21],
          [0xb, 0x1a],
          [0xb, 0xf],
          [0xb, 0x27],
          [0xc, 0x10],
          [0xc, 0x20],
          [0xc, 0x28],
          [0xc, 0x16],
        ],
        "\x64\x65\x73\x63":
          "\x3c\x64\x69\x76\x20\x63\x6c\x61\x73\x73\x3d\x22\x69\x6e\x66\x6f\x2d\x73\x65\x63\x74\x69\x6f\x6e\x22\x3e\x3c\x64\x69\x76\x20\x63\x6c\x61\x73\x73\x3d\x22\x69\x6e\x66\x6f\x2d\x74\x69\x74\x6c\x65\x22\x3e\u2697\ufe0f\x20\u7269\u8cea\u6027\u8cea\x3c\x2f\x64\x69\x76\x3e\x3c\x64\x69\x76\x20\x63\x6c\x61\x73\x73\x3d\x22\x69\x6e\x66\x6f\x2d\x62\x6f\x64\x79\x22\x3e\x3c\x73\x70\x61\x6e\x20\x63\x6c\x61\x73\x73\x3d\x22\x68\x69\x67\x68\x6c\x69\x67\x68\x74\x2d\x74\x69\x74\x6c\x65\x22\x3e\x31\x2e\x20\u7acb\u9ad4\u7d50\u69cb\uff1a\x3c\x2f\x73\x70\x61\x6e\x3e\u91d1\u525b\u77f3\u662f\u8457\u540d\u7684\x3c\x73\x74\x72\x6f\x6e\x67\x3e\u5171\u50f9\u7db2\u72c0\u56fa\u9ad4\x3c\x2f\x73\x74\x72\x6f\x6e\x67\x3e\u3002\u6bcf\u500b\u78b3\u539f\u5b50\u63a1\u53d6\x20\x3c\x73\x74\x72\x6f\x6e\x67\x3e\x73\x70\u00b3\x20\u6df7\u6210\u8ecc\u57df\x3c\x2f\x73\x74\x72\x6f\x6e\x67\x3e\uff0c\u8207\u9130\u8fd1\u7684\u56db\u500b\u78b3\u539f\u5b50\u4ee5\u5f37\u5927\u7684\u5171\u50f9\u9375\u7d50\u5408\uff0c\u5f62\u6210\u7121\u9650\u5ef6\u4f38\u7684\u6b63\u56db\u9762\u9ad4\u7db2\u72c0\u7d50\u69cb\u3002\x3c\x62\x72\x3e\x3c\x73\x70\x61\x6e\x20\x63\x6c\x61\x73\x73\x3d\x22\x68\x69\x67\x68\x6c\x69\x67\x68\x74\x2d\x74\x69\x74\x6c\x65\x22\x3e\x32\x2e\x20\u7269\u7406\u6027\u8cea\uff1a\x3c\x2f\x73\x70\x61\x6e\x3e\u7531\u65bc\u539f\u5b50\u9593\u5b8c\u5168\u4ee5\u6975\u5f37\u7684\u5171\u50f9\u9375\u9023\u7d50\uff0c\u91d1\u525b\u77f3\u64c1\u6709\u81ea\u7136\u754c\u7269\u8cea\u4e2d\u6700\u9ad8\u7684\u786c\u5ea6\u8207\u6975\u9ad8\u7684\u7194\u9ede\x20\x28\u7d04\x20\x33\x35\x35\x30\u00b0\x43\x29\u3002\u6b64\u5916\uff0c\u5b83\u4e0d\u5177\u5099\u81ea\u7531\u96fb\u5b50\uff0c\u56e0\u6b64\u662f\u826f\u597d\u7684\x3c\x73\x74\x72\x6f\x6e\x67\x3e\u7d55\u7de3\u9ad4\x3c\x2f\x73\x74\x72\x6f\x6e\x67\x3e\u3002\x3c\x62\x72\x3e\x3c\x73\x70\x61\x6e\x20\x63\x6c\x61\x73\x73\x3d\x22\x68\x69\x67\x68\x6c\x69\x67\x68\x74\x2d\x74\x69\x74\x6c\x65\x22\x3e\x33\x2e\x20\u5c0e\u71b1\u7279\u6027\uff1a\x3c\x2f\x73\x70\x61\x6e\x3e\u5118\u7ba1\u4e0d\u5c0e\u96fb\uff0c\u4f46\u91d1\u525b\u77f3\u5177\u5099\u6975\u4f73\u7684\u8072\u5b50\u50b3\u5c0e\u80fd\u529b\uff0c\u4f7f\u5176\u5c0e\u71b1\u7387\u9060\u9ad8\u65bc\u4e00\u822c\u91d1\u5c6c\u3002\x3c\x2f\x64\x69\x76\x3e\x3c\x2f\x64\x69\x76\x3e\x3c\x64\x69\x76\x20\x63\x6c\x61\x73\x73\x3d\x22\x69\x6e\x66\x6f\x2d\x73\x65\x63\x74\x69\x6f\x6e\x22\x20\x73\x74\x79\x6c\x65\x3d\x22\x6d\x61\x72\x67\x69\x6e\x2d\x74\x6f\x70\x3a\x20\x31\x32\x70\x78\x3b\x20\x62\x6f\x72\x64\x65\x72\x2d\x74\x6f\x70\x3a\x20\x31\x70\x78\x20\x64\x61\x73\x68\x65\x64\x20\x72\x67\x62\x61\x28\x32\x35\x35\x2c\x32\x35\x35\x2c\x32\x35\x35\x2c\x30\x2e\x32\x29\x3b\x20\x70\x61\x64\x64\x69\x6e\x67\x2d\x74\x6f\x70\x3a\x20\x31\x30\x70\x78\x3b\x22\x3e\x3c\x64\x69\x76\x20\x63\x6c\x61\x73\x73\x3d\x22\x69\x6e\x66\x6f\x2d\x74\x69\x74\x6c\x65\x22\x3e\ud83d\udc8e\x20\u751f\u6d3b\u61c9\u7528\x3c\x2f\x64\x69\x76\x3e\x3c\x64\x69\x76\x20\x63\x6c\x61\x73\x73\x3d\x22\x69\x6e\x66\x6f\x2d\x62\x6f\x64\x79\x22\x3e\x3c\x73\x70\x61\x6e\x20\x63\x6c\x61\x73\x73\x3d\x22\x68\x69\x67\x68\x6c\x69\x67\x68\x74\x2d\x74\x69\x74\x6c\x65\x22\x3e\x31\x2e\x20\u5de5\u696d\u5207\u5272\uff1a\x3c\x2f\x73\x70\x61\x6e\x3e\u5229\u7528\u5176\u6975\u81f4\u786c\u5ea6\uff0c\u5ee3\u6cdb\u7528\u65bc\u947d\u982d\u3001\u92f8\u7247\u53ca\u73bb\u7483\u5207\u5272\u5de5\u5177\u3002\x3c\x62\x72\x3e\x3c\x73\x70\x61\x6e\x20\x63\x6c\x61\x73\x73\x3d\x22\x68\x69\x67\x68\x6c\x69\x67\x68\x74\x2d\x74\x69\x74\x6c\x65\x22\x3e\x32\x2e\x20\u73e0\u5bf6\u98fe\u54c1\uff1a\x3c\x2f\x73\x70\x61\x6e\x3e\u5177\u5099\u9ad8\u6298\u5c04\u7387\u8207\u8272\u6563\u7387\uff0c\u7d93\u5207\u5272\u5f8c\u80fd\u5c55\u73fe\u7480\u74a8\u5149\u6fa4\u3002\x3c\x62\x72\x3e\x3c\x73\x70\x61\x6e\x20\x63\x6c\x61\x73\x73\x3d\x22\x68\x69\x67\x68\x6c\x69\x67\x68\x74\x2d\x74\x69\x74\x6c\x65\x22\x3e\x33\x2e\x20\u79d1\u5b78\u7814\u7a76\uff1a\x3c\x2f\x73\x70\x61\x6e\x3e\u7528\u65bc\u88fd\u9020\u300c\u91d1\u525b\u77f3\u58d3\u7827\u300d\uff0c\u5728\u6975\u9ad8\u58d3\u74b0\u5883\u4e0b\u7814\u7a76\u7269\u8cea\u7279\u6027\u3002\x3c\x2f\x64\x69\x76\x3e\x3c\x2f\x64\x69\x76\x3e",
      },
      "\x43\x7c\u77f3\u58a8\x7c\u9ed1\u925b": {
        "\x70\x67": "\x4c\x61\x79\x65\x72\x65\x64",
        "\x68\x79\x62\x72\x69\x64": "\x73\x70\u00b2",
        "\x73\x68\x61\x70\x65": "\u5c64\u72c0\u7db2\u72c0\u7d50\u69cb",
        "\x61\x6e\x67\x6c\x65": "\x31\x32\x30\u00b0",
        "\x6d\x70": "\x33\x35\x35\x30",
        "\x62\x70": "\x34\x38\x32\x37",
        "\x61\x74\x6f\x6d\x73": [
          { "\x65\x6c\x65\x6d": "\x43", "\x78": -0x36, "\x79": 0x63, "\x7a": -0x9c, "\x6c\x70\x43\x6f\x75\x6e\x74": 0x0 },
          { "\x65\x6c\x65\x6d": "\x43", "\x78": -0x36, "\x79": 0x63, "\x7a": 0x9b, "\x6c\x70\x43\x6f\x75\x6e\x74": 0x0 },
          { "\x65\x6c\x65\x6d": "\x43", "\x78": -0x6f, "\x79": 0x1, "\x7a": -0x9c, "\x6c\x70\x43\x6f\x75\x6e\x74": 0x0 },
          { "\x65\x6c\x65\x6d": "\x43", "\x78": -0x6f, "\x79": 0x1, "\x7a": 0x9b, "\x6c\x70\x43\x6f\x75\x6e\x74": 0x0 },
          { "\x65\x6c\x65\x6d": "\x43", "\x78": -0xa7, "\x79": -0x61, "\x7a": -0x9c, "\x6c\x70\x43\x6f\x75\x6e\x74": 0x0 },
          { "\x65\x6c\x65\x6d": "\x43", "\x78": -0xa7, "\x79": -0x61, "\x7a": 0x9b, "\x6c\x70\x43\x6f\x75\x6e\x74": 0x0 },
          { "\x65\x6c\x65\x6d": "\x43", "\x78": 0x3b, "\x79": 0x63, "\x7a": -0x9c, "\x6c\x70\x43\x6f\x75\x6e\x74": 0x0 },
          { "\x65\x6c\x65\x6d": "\x43", "\x78": 0x3b, "\x79": 0x63, "\x7a": 0x9b, "\x6c\x70\x43\x6f\x75\x6e\x74": 0x0 },
          { "\x65\x6c\x65\x6d": "\x43", "\x78": 0x2, "\x79": 0x1, "\x7a": -0x9c, "\x6c\x70\x43\x6f\x75\x6e\x74": 0x0 },
          { "\x65\x6c\x65\x6d": "\x43", "\x78": 0x2, "\x79": 0x1, "\x7a": 0x9b, "\x6c\x70\x43\x6f\x75\x6e\x74": 0x0 },
          { "\x65\x6c\x65\x6d": "\x43", "\x78": -0x36, "\x79": -0x61, "\x7a": -0x9c, "\x6c\x70\x43\x6f\x75\x6e\x74": 0x0 },
          { "\x65\x6c\x65\x6d": "\x43", "\x78": -0x36, "\x79": -0x61, "\x7a": 0x9b, "\x6c\x70\x43\x6f\x75\x6e\x74": 0x0 },
          { "\x65\x6c\x65\x6d": "\x43", "\x78": 0xac, "\x79": 0x63, "\x7a": -0x9c, "\x6c\x70\x43\x6f\x75\x6e\x74": 0x0 },
          { "\x65\x6c\x65\x6d": "\x43", "\x78": 0xac, "\x79": 0x63, "\x7a": 0x9b, "\x6c\x70\x43\x6f\x75\x6e\x74": 0x0 },
          { "\x65\x6c\x65\x6d": "\x43", "\x78": 0x73, "\x79": 0x1, "\x7a": -0x9c, "\x6c\x70\x43\x6f\x75\x6e\x74": 0x0 },
          { "\x65\x6c\x65\x6d": "\x43", "\x78": 0x73, "\x79": 0x1, "\x7a": 0x9b, "\x6c\x70\x43\x6f\x75\x6e\x74": 0x0 },
          { "\x65\x6c\x65\x6d": "\x43", "\x78": 0x3b, "\x79": -0x61, "\x7a": -0x9c, "\x6c\x70\x43\x6f\x75\x6e\x74": 0x0 },
          { "\x65\x6c\x65\x6d": "\x43", "\x78": 0x3b, "\x79": -0x61, "\x7a": 0x9b, "\x6c\x70\x43\x6f\x75\x6e\x74": 0x0 },
          { "\x65\x6c\x65\x6d": "\x43", "\x78": -0x36, "\x79": 0x63, "\x7a": -0x1, "\x6c\x70\x43\x6f\x75\x6e\x74": 0x0 },
          { "\x65\x6c\x65\x6d": "\x43", "\x78": -0x6f, "\x79": 0x1, "\x7a": -0x1, "\x6c\x70\x43\x6f\x75\x6e\x74": 0x0 },
          { "\x65\x6c\x65\x6d": "\x43", "\x78": -0xa7, "\x79": -0x61, "\x7a": -0x1, "\x6c\x70\x43\x6f\x75\x6e\x74": 0x0 },
          { "\x65\x6c\x65\x6d": "\x43", "\x78": 0x3b, "\x79": 0x63, "\x7a": -0x1, "\x6c\x70\x43\x6f\x75\x6e\x74": 0x0 },
          { "\x65\x6c\x65\x6d": "\x43", "\x78": 0x2, "\x79": 0x1, "\x7a": -0x1, "\x6c\x70\x43\x6f\x75\x6e\x74": 0x0 },
          { "\x65\x6c\x65\x6d": "\x43", "\x78": -0x36, "\x79": -0x61, "\x7a": -0x1, "\x6c\x70\x43\x6f\x75\x6e\x74": 0x0 },
          { "\x65\x6c\x65\x6d": "\x43", "\x78": 0xac, "\x79": 0x63, "\x7a": -0x1, "\x6c\x70\x43\x6f\x75\x6e\x74": 0x0 },
          { "\x65\x6c\x65\x6d": "\x43", "\x78": 0x73, "\x79": 0x1, "\x7a": -0x1, "\x6c\x70\x43\x6f\x75\x6e\x74": 0x0 },
          { "\x65\x6c\x65\x6d": "\x43", "\x78": 0x3b, "\x79": -0x61, "\x7a": -0x1, "\x6c\x70\x43\x6f\x75\x6e\x74": 0x0 },
          { "\x65\x6c\x65\x6d": "\x43", "\x78": -0x36, "\x79": 0x22, "\x7a": -0x9b, "\x6c\x70\x43\x6f\x75\x6e\x74": 0x0 },
          { "\x65\x6c\x65\x6d": "\x43", "\x78": -0x6f, "\x79": -0x40, "\x7a": -0x9b, "\x6c\x70\x43\x6f\x75\x6e\x74": 0x0 },
          { "\x65\x6c\x65\x6d": "\x43", "\x78": 0x3b, "\x79": 0x22, "\x7a": -0x9b, "\x6c\x70\x43\x6f\x75\x6e\x74": 0x0 },
          { "\x65\x6c\x65\x6d": "\x43", "\x78": 0x2, "\x79": -0x40, "\x7a": -0x9b, "\x6c\x70\x43\x6f\x75\x6e\x74": 0x0 },
          { "\x65\x6c\x65\x6d": "\x43", "\x78": 0x2, "\x79": 0x43, "\x7a": 0x1, "\x6c\x70\x43\x6f\x75\x6e\x74": 0x0 },
          { "\x65\x6c\x65\x6d": "\x43", "\x78": -0x36, "\x79": -0x1f, "\x7a": 0x1, "\x6c\x70\x43\x6f\x75\x6e\x74": 0x0 },
          { "\x65\x6c\x65\x6d": "\x43", "\x78": 0x73, "\x79": 0x43, "\x7a": 0x1, "\x6c\x70\x43\x6f\x75\x6e\x74": 0x0 },
          { "\x65\x6c\x65\x6d": "\x43", "\x78": 0x3b, "\x79": -0x1f, "\x7a": 0x1, "\x6c\x70\x43\x6f\x75\x6e\x74": 0x0 },
          { "\x65\x6c\x65\x6d": "\x43", "\x78": -0x6f, "\x79": 0x84, "\x7a": -0x9b, "\x6c\x70\x43\x6f\x75\x6e\x74": 0x0 },
          { "\x65\x6c\x65\x6d": "\x43", "\x78": 0x2, "\x79": 0x84, "\x7a": -0x9b, "\x6c\x70\x43\x6f\x75\x6e\x74": 0x0 },
          { "\x65\x6c\x65\x6d": "\x43", "\x78": -0x6f, "\x79": 0x84, "\x7a": 0x9c, "\x6c\x70\x43\x6f\x75\x6e\x74": 0x0 },
          { "\x65\x6c\x65\x6d": "\x43", "\x78": 0x2, "\x79": 0x84, "\x7a": 0x9c, "\x6c\x70\x43\x6f\x75\x6e\x74": 0x0 },
          { "\x65\x6c\x65\x6d": "\x43", "\x78": -0x36, "\x79": 0x22, "\x7a": 0x9c, "\x6c\x70\x43\x6f\x75\x6e\x74": 0x0 },
          { "\x65\x6c\x65\x6d": "\x43", "\x78": -0xa7, "\x79": 0x22, "\x7a": -0x9b, "\x6c\x70\x43\x6f\x75\x6e\x74": 0x0 },
          { "\x65\x6c\x65\x6d": "\x43", "\x78": -0xa7, "\x79": 0x22, "\x7a": 0x9c, "\x6c\x70\x43\x6f\x75\x6e\x74": 0x0 },
          { "\x65\x6c\x65\x6d": "\x43", "\x78": -0x6f, "\x79": -0x40, "\x7a": 0x9c, "\x6c\x70\x43\x6f\x75\x6e\x74": 0x0 },
          { "\x65\x6c\x65\x6d": "\x43", "\x78": -0xe0, "\x79": -0x40, "\x7a": -0x9b, "\x6c\x70\x43\x6f\x75\x6e\x74": 0x0 },
          { "\x65\x6c\x65\x6d": "\x43", "\x78": -0xa7, "\x79": -0xa2, "\x7a": -0x9b, "\x6c\x70\x43\x6f\x75\x6e\x74": 0x0 },
          { "\x65\x6c\x65\x6d": "\x43", "\x78": -0xe0, "\x79": -0x40, "\x7a": 0x9c, "\x6c\x70\x43\x6f\x75\x6e\x74": 0x0 },
          { "\x65\x6c\x65\x6d": "\x43", "\x78": -0xa7, "\x79": -0xa2, "\x7a": 0x9c, "\x6c\x70\x43\x6f\x75\x6e\x74": 0x0 },
          { "\x65\x6c\x65\x6d": "\x43", "\x78": 0x73, "\x79": 0x84, "\x7a": -0x9b, "\x6c\x70\x43\x6f\x75\x6e\x74": 0x0 },
          { "\x65\x6c\x65\x6d": "\x43", "\x78": 0x73, "\x79": 0x84, "\x7a": 0x9c, "\x6c\x70\x43\x6f\x75\x6e\x74": 0x0 },
          { "\x65\x6c\x65\x6d": "\x43", "\x78": 0x3b, "\x79": 0x22, "\x7a": 0x9c, "\x6c\x70\x43\x6f\x75\x6e\x74": 0x0 },
          { "\x65\x6c\x65\x6d": "\x43", "\x78": 0x2, "\x79": -0x40, "\x7a": 0x9c, "\x6c\x70\x43\x6f\x75\x6e\x74": 0x0 },
          { "\x65\x6c\x65\x6d": "\x43", "\x78": -0x36, "\x79": -0xa2, "\x7a": -0x9b, "\x6c\x70\x43\x6f\x75\x6e\x74": 0x0 },
          { "\x65\x6c\x65\x6d": "\x43", "\x78": -0x36, "\x79": -0xa2, "\x7a": 0x9c, "\x6c\x70\x43\x6f\x75\x6e\x74": 0x0 },
          { "\x65\x6c\x65\x6d": "\x43", "\x78": 0xe5, "\x79": 0x84, "\x7a": -0x9b, "\x6c\x70\x43\x6f\x75\x6e\x74": 0x0 },
          { "\x65\x6c\x65\x6d": "\x43", "\x78": 0xac, "\x79": 0x22, "\x7a": -0x9b, "\x6c\x70\x43\x6f\x75\x6e\x74": 0x0 },
          { "\x65\x6c\x65\x6d": "\x43", "\x78": 0xe5, "\x79": 0x84, "\x7a": 0x9c, "\x6c\x70\x43\x6f\x75\x6e\x74": 0x0 },
          { "\x65\x6c\x65\x6d": "\x43", "\x78": 0xac, "\x79": 0x22, "\x7a": 0x9c, "\x6c\x70\x43\x6f\x75\x6e\x74": 0x0 },
          { "\x65\x6c\x65\x6d": "\x43", "\x78": 0x73, "\x79": -0x40, "\x7a": -0x9b, "\x6c\x70\x43\x6f\x75\x6e\x74": 0x0 },
          { "\x65\x6c\x65\x6d": "\x43", "\x78": 0x73, "\x79": -0x40, "\x7a": 0x9c, "\x6c\x70\x43\x6f\x75\x6e\x74": 0x0 },
          { "\x65\x6c\x65\x6d": "\x43", "\x78": 0x3b, "\x79": -0xa2, "\x7a": -0x9b, "\x6c\x70\x43\x6f\x75\x6e\x74": 0x0 },
          { "\x65\x6c\x65\x6d": "\x43", "\x78": 0x3b, "\x79": -0xa2, "\x7a": 0x9c, "\x6c\x70\x43\x6f\x75\x6e\x74": 0x0 },
          { "\x65\x6c\x65\x6d": "\x43", "\x78": -0x36, "\x79": 0xa5, "\x7a": 0x1, "\x6c\x70\x43\x6f\x75\x6e\x74": 0x0 },
          { "\x65\x6c\x65\x6d": "\x43", "\x78": -0x6f, "\x79": 0x43, "\x7a": 0x1, "\x6c\x70\x43\x6f\x75\x6e\x74": 0x0 },
          { "\x65\x6c\x65\x6d": "\x43", "\x78": -0xa7, "\x79": -0x1f, "\x7a": 0x1, "\x6c\x70\x43\x6f\x75\x6e\x74": 0x0 },
          { "\x65\x6c\x65\x6d": "\x43", "\x78": -0xe0, "\x79": -0x81, "\x7a": 0x1, "\x6c\x70\x43\x6f\x75\x6e\x74": 0x0 },
          { "\x65\x6c\x65\x6d": "\x43", "\x78": -0x6f, "\x79": -0x81, "\x7a": 0x1, "\x6c\x70\x43\x6f\x75\x6e\x74": 0x0 },
          { "\x65\x6c\x65\x6d": "\x43", "\x78": 0x3b, "\x79": 0xa5, "\x7a": 0x1, "\x6c\x70\x43\x6f\x75\x6e\x74": 0x0 },
          { "\x65\x6c\x65\x6d": "\x43", "\x78": 0x2, "\x79": -0x81, "\x7a": 0x1, "\x6c\x70\x43\x6f\x75\x6e\x74": 0x0 },
          { "\x65\x6c\x65\x6d": "\x43", "\x78": 0xac, "\x79": 0xa5, "\x7a": 0x1, "\x6c\x70\x43\x6f\x75\x6e\x74": 0x0 },
          { "\x65\x6c\x65\x6d": "\x43", "\x78": 0xe5, "\x79": 0x43, "\x7a": 0x1, "\x6c\x70\x43\x6f\x75\x6e\x74": 0x0 },
          { "\x65\x6c\x65\x6d": "\x43", "\x78": 0xac, "\x79": -0x1f, "\x7a": 0x1, "\x6c\x70\x43\x6f\x75\x6e\x74": 0x0 },
          { "\x65\x6c\x65\x6d": "\x43", "\x78": 0x73, "\x79": -0x81, "\x7a": 0x1, "\x6c\x70\x43\x6f\x75\x6e\x74": 0x0 },
        ],
        "\x62\x6f\x6e\x64\x73": [
          [0x0, 0x24, "\x64\x6f\x75\x62\x6c\x65"],
          [0x0, 0x23],
          [0x0, 0x1b],
          [0x1, 0x26, "\x64\x6f\x75\x62\x6c\x65"],
          [0x1, 0x25],
          [0x1, 0x27],
          [0x2, 0x1b, "\x64\x6f\x75\x62\x6c\x65"],
          [0x2, 0x28],
          [0x2, 0x1c],
          [0x3, 0x29],
          [0x3, 0x27, "\x64\x6f\x75\x62\x6c\x65"],
          [0x3, 0x2a],
          [0x4, 0x1c],
          [0x4, 0x2b],
          [0x4, 0x2c],
          [0x5, 0x2a],
          [0x5, 0x2d],
          [0x5, 0x2e],
          [0x6, 0x24],
          [0x6, 0x2f, "\x64\x6f\x75\x62\x6c\x65"],
          [0x6, 0x1d],
          [0x7, 0x30, "\x64\x6f\x75\x62\x6c\x65"],
          [0x7, 0x26],
          [0x7, 0x31],
          [0x8, 0x1b],
          [0x8, 0x1d, "\x64\x6f\x75\x62\x6c\x65"],
          [0x8, 0x1e],
          [0x9, 0x31, "\x64\x6f\x75\x62\x6c\x65"],
          [0x9, 0x27],
          [0x9, 0x32],
          [0xa, 0x1e],
          [0xa, 0x1c, "\x64\x6f\x75\x62\x6c\x65"],
          [0xa, 0x33],
          [0xb, 0x32],
          [0xb, 0x2a, "\x64\x6f\x75\x62\x6c\x65"],
          [0xb, 0x34],
          [0xc, 0x2f],
          [0xc, 0x35],
          [0xc, 0x36, "\x64\x6f\x75\x62\x6c\x65"],
          [0xd, 0x30],
          [0xd, 0x37],
          [0xd, 0x38, "\x64\x6f\x75\x62\x6c\x65"],
          [0xe, 0x36],
          [0xe, 0x1d],
          [0xe, 0x39, "\x64\x6f\x75\x62\x6c\x65"],
          [0xf, 0x38],
          [0xf, 0x31],
          [0xf, 0x3a, "\x64\x6f\x75\x62\x6c\x65"],
          [0x10, 0x1e, "\x64\x6f\x75\x62\x6c\x65"],
          [0x10, 0x39],
          [0x10, 0x3b],
          [0x11, 0x32, "\x64\x6f\x75\x62\x6c\x65"],
          [0x11, 0x3a],
          [0x11, 0x3c],
          [0x12, 0x3e, "\x64\x6f\x75\x62\x6c\x65"],
          [0x12, 0x1f],
          [0x12, 0x3d],
          [0x13, 0x3f, "\x64\x6f\x75\x62\x6c\x65"],
          [0x13, 0x20],
          [0x13, 0x3e],
          [0x14, 0x40],
          [0x14, 0x41, "\x64\x6f\x75\x62\x6c\x65"],
          [0x14, 0x3f],
          [0x15, 0x1f, "\x64\x6f\x75\x62\x6c\x65"],
          [0x15, 0x21],
          [0x15, 0x42],
          [0x16, 0x20, "\x64\x6f\x75\x62\x6c\x65"],
          [0x16, 0x22],
          [0x16, 0x1f],
          [0x17, 0x41],
          [0x17, 0x43, "\x64\x6f\x75\x62\x6c\x65"],
          [0x17, 0x20],
          [0x18, 0x21],
          [0x18, 0x45],
          [0x18, 0x44],
          [0x19, 0x22],
          [0x19, 0x46],
          [0x19, 0x21, "\x64\x6f\x75\x62\x6c\x65"],
          [0x1a, 0x43],
          [0x1a, 0x47],
          [0x1a, 0x22, "\x64\x6f\x75\x62\x6c\x65"],
        ],
        "\x64\x65\x73\x63":
          "\x3c\x64\x69\x76\x20\x63\x6c\x61\x73\x73\x3d\x22\x69\x6e\x66\x6f\x2d\x73\x65\x63\x74\x69\x6f\x6e\x22\x3e\x3c\x64\x69\x76\x20\x63\x6c\x61\x73\x73\x3d\x22\x69\x6e\x66\x6f\x2d\x74\x69\x74\x6c\x65\x22\x3e\u2697\ufe0f\x20\u7269\u8cea\u6027\u8cea\x3c\x2f\x64\x69\x76\x3e\x3c\x64\x69\x76\x20\x63\x6c\x61\x73\x73\x3d\x22\x69\x6e\x66\x6f\x2d\x62\x6f\x64\x79\x22\x3e\x3c\x73\x70\x61\x6e\x20\x63\x6c\x61\x73\x73\x3d\x22\x68\x69\x67\x68\x6c\x69\x67\x68\x74\x2d\x74\x69\x74\x6c\x65\x22\x3e\x31\x2e\x20\u7acb\u9ad4\u7d50\u69cb\uff1a\x3c\x2f\x73\x70\x61\x6e\x3e\u78b3\u539f\u5b50\u63a1\x20\x3c\x73\x74\x72\x6f\x6e\x67\x3e\x73\x70\u00b2\x20\u6df7\u6210\x3c\x2f\x73\x74\x72\x6f\x6e\x67\x3e\uff0c\u5c64\u5167\u6210\u516d\u89d2\u8702\u5de2\u72c0\uff1b\u5c64\u9593\u9760\u5fae\u5f31\x3c\x73\x74\x72\x6f\x6e\x67\x3e\u51e1\u5f97\u74e6\u529b\x3c\x2f\x73\x74\x72\x6f\x6e\x67\x3e\u7d50\u5408\u3002\x3c\x62\x72\x3e\x3c\x73\x70\x61\x6e\x20\x63\x6c\x61\x73\x73\x3d\x22\x68\x69\x67\x68\x6c\x69\x67\x68\x74\x2d\x74\x69\x74\x6c\x65\x22\x3e\x32\x2e\x20\u5c0e\u96fb\u7279\u6027\uff1a\x3c\x2f\x73\x70\x61\x6e\x3e\u64c1\u6709\u96e2\u57df\x20\u03c0\x20\u96fb\u5b50\uff0c\u662f\u552f\u4e00\u80fd\u5c0e\u96fb\u7684\u975e\u91d1\u5c6c\u7db2\u72c0\u56fa\u9ad4\u3002\x3c\x2f\x64\x69\x76\x3e\x3c\x2f\x64\x69\x76\x3e",
      },
    },
    null,
    "\x2d",
    "\x61\x6c\x6c\x6f\x74\x72\x6f\x70\x65",
  ),
  addMol(
    "\x53\x69\x4f\x32\x7c\u4e8c\u6c27\u5316\u77fd\x7c\u77f3\u82f1",
    "\x53\x69",
    "\x73\x70\u00b3",
    ["\u6b63\u56db\u9762\u9ad4\u7db2\u72c0\u7d50\u69cb", "\x54\x65\x74\x72\x61\x68\x65\x64\x72\x61\x6c\x20\x4e\x65\x74\x77\x6f\x72\x6b"],
    "\x31\x30\x39\x2e\x35\u00b0\x20\x28\x53\x69\x29",
    "\x31\x37\x31\x33",
    "\x32\x32\x33\x30",
    [
      { "\x65\x6c\x65\x6d": "\x53\x69", "\x78": -0x40, "\x79": 0x62, "\x7a": -0x24, "\x6c\x70\x43\x6f\x75\x6e\x74": 0x0 },
      { "\x65\x6c\x65\x6d": "\x53\x69", "\x78": -0xb0, "\x79": -0x61, "\x7a": -0x24, "\x6c\x70\x43\x6f\x75\x6e\x74": 0x0 },
      { "\x65\x6c\x65\x6d": "\x53\x69", "\x78": 0xa1, "\x79": 0x62, "\x7a": -0x24, "\x6c\x70\x43\x6f\x75\x6e\x74": 0x0 },
      { "\x65\x6c\x65\x6d": "\x53\x69", "\x78": 0x31, "\x79": -0x61, "\x7a": -0x24, "\x6c\x70\x43\x6f\x75\x6e\x74": 0x0 },
      { "\x65\x6c\x65\x6d": "\x53\x69", "\x78": -0xdd, "\x79": 0x8, "\x7a": 0x2e, "\x6c\x70\x43\x6f\x75\x6e\x74": 0x0 },
      { "\x65\x6c\x65\x6d": "\x53\x69", "\x78": 0x4, "\x79": 0x8, "\x7a": 0x2e, "\x6c\x70\x43\x6f\x75\x6e\x74": 0x0 },
      { "\x65\x6c\x65\x6d": "\x53\x69", "\x78": 0xe5, "\x79": 0x8, "\x7a": 0x2e, "\x6c\x70\x43\x6f\x75\x6e\x74": 0x0 },
      { "\x65\x6c\x65\x6d": "\x53\x69", "\x78": -0x6c, "\x79": -0x6, "\x7a": -0x77, "\x6c\x70\x43\x6f\x75\x6e\x74": 0x0 },
      { "\x65\x6c\x65\x6d": "\x53\x69", "\x78": -0x6c, "\x79": -0x6, "\x7a": 0x81, "\x6c\x70\x43\x6f\x75\x6e\x74": 0x0 },
      { "\x65\x6c\x65\x6d": "\x53\x69", "\x78": 0x75, "\x79": -0x6, "\x7a": -0x77, "\x6c\x70\x43\x6f\x75\x6e\x74": 0x0 },
      { "\x65\x6c\x65\x6d": "\x53\x69", "\x78": 0x75, "\x79": -0x6, "\x7a": 0x81, "\x6c\x70\x43\x6f\x75\x6e\x74": 0x0 },
      { "\x65\x6c\x65\x6d": "\x4f", "\x78": -0x6a, "\x79": 0x2c, "\x7a": -0x40, "\x6c\x70\x43\x6f\x75\x6e\x74": 0x2 },
      { "\x65\x6c\x65\x6d": "\x4f", "\x78": 0x77, "\x79": 0x2c, "\x7a": -0x40, "\x6c\x70\x43\x6f\x75\x6e\x74": 0x2 },
      { "\x65\x6c\x65\x6d": "\x4f", "\x78": -0x15, "\x79": 0x47, "\x7a": 0x12, "\x6c\x70\x43\x6f\x75\x6e\x74": 0x2 },
      { "\x65\x6c\x65\x6d": "\x4f", "\x78": 0xcc, "\x79": 0x47, "\x7a": 0x12, "\x6c\x70\x43\x6f\x75\x6e\x74": 0x2 },
      { "\x65\x6c\x65\x6d": "\x4f", "\x78": -0x28, "\x79": -0xf, "\x7a": 0x65, "\x6c\x70\x43\x6f\x75\x6e\x74": 0x2 },
      { "\x65\x6c\x65\x6d": "\x4f", "\x78": 0xb9, "\x79": -0xf, "\x7a": 0x65, "\x6c\x70\x43\x6f\x75\x6e\x74": 0x2 },
      { "\x65\x6c\x65\x6d": "\x4f", "\x78": -0x99, "\x79": 0x11, "\x7a": 0x4a, "\x6c\x70\x43\x6f\x75\x6e\x74": 0x2 },
      { "\x65\x6c\x65\x6d": "\x4f", "\x78": 0x48, "\x79": 0x11, "\x7a": 0x4a, "\x6c\x70\x43\x6f\x75\x6e\x74": 0x2 },
      { "\x65\x6c\x65\x6d": "\x4f", "\x78": -0xda, "\x79": -0x2a, "\x7a": -0x9, "\x6c\x70\x43\x6f\x75\x6e\x74": 0x2 },
      { "\x65\x6c\x65\x6d": "\x4f", "\x78": 0x7, "\x79": -0x2a, "\x7a": -0x9, "\x6c\x70\x43\x6f\x75\x6e\x74": 0x2 },
      { "\x65\x6c\x65\x6d": "\x4f", "\x78": -0x86, "\x79": -0x46, "\x7a": -0x5b, "\x6c\x70\x43\x6f\x75\x6e\x74": 0x2 },
      { "\x65\x6c\x65\x6d": "\x4f", "\x78": 0x5b, "\x79": -0x46, "\x7a": -0x5b, "\x6c\x70\x43\x6f\x75\x6e\x74": 0x2 },
      { "\x65\x6c\x65\x6d": "\x4f", "\x78": -0x6a, "\x79": 0x98, "\x7a": -0x9, "\x6c\x70\x43\x6f\x75\x6e\x74": 0x2 },
      { "\x65\x6c\x65\x6d": "\x4f", "\x78": -0x15, "\x79": 0x7d, "\x7a": -0x5b, "\x6c\x70\x43\x6f\x75\x6e\x74": 0x2 },
      { "\x65\x6c\x65\x6d": "\x4f", "\x78": -0xda, "\x79": -0x97, "\x7a": -0x40, "\x6c\x70\x43\x6f\x75\x6e\x74": 0x2 },
      { "\x65\x6c\x65\x6d": "\x4f", "\x78": -0x86, "\x79": -0x7c, "\x7a": 0x12, "\x6c\x70\x43\x6f\x75\x6e\x74": 0x2 },
      { "\x65\x6c\x65\x6d": "\x4f", "\x78": 0x77, "\x79": 0x98, "\x7a": -0x9, "\x6c\x70\x43\x6f\x75\x6e\x74": 0x2 },
      { "\x65\x6c\x65\x6d": "\x4f", "\x78": 0xcc, "\x79": 0x7d, "\x7a": -0x5b, "\x6c\x70\x43\x6f\x75\x6e\x74": 0x2 },
      { "\x65\x6c\x65\x6d": "\x4f", "\x78": 0x7, "\x79": -0x97, "\x7a": -0x40, "\x6c\x70\x43\x6f\x75\x6e\x74": 0x2 },
      { "\x65\x6c\x65\x6d": "\x4f", "\x78": 0x5b, "\x79": -0x7c, "\x7a": 0x12, "\x6c\x70\x43\x6f\x75\x6e\x74": 0x2 },
      { "\x65\x6c\x65\x6d": "\x4f", "\x78": -0xf6, "\x79": 0x47, "\x7a": 0x12, "\x6c\x70\x43\x6f\x75\x6e\x74": 0x2 },
      { "\x65\x6c\x65\x6d": "\x4f", "\x78": -0x109, "\x79": -0xf, "\x7a": 0x65, "\x6c\x70\x43\x6f\x75\x6e\x74": 0x2 },
      { "\x65\x6c\x65\x6d": "\x4f", "\x78": 0x129, "\x79": 0x11, "\x7a": 0x4a, "\x6c\x70\x43\x6f\x75\x6e\x74": 0x2 },
      { "\x65\x6c\x65\x6d": "\x4f", "\x78": 0xe8, "\x79": -0x2a, "\x7a": -0x9, "\x6c\x70\x43\x6f\x75\x6e\x74": 0x2 },
      { "\x65\x6c\x65\x6d": "\x4f", "\x78": -0x99, "\x79": 0x11, "\x7a": -0xae, "\x6c\x70\x43\x6f\x75\x6e\x74": 0x2 },
      { "\x65\x6c\x65\x6d": "\x4f", "\x78": -0x28, "\x79": -0xf, "\x7a": -0x93, "\x6c\x70\x43\x6f\x75\x6e\x74": 0x2 },
      { "\x65\x6c\x65\x6d": "\x4f", "\x78": -0x6a, "\x79": 0x2c, "\x7a": 0xb8, "\x6c\x70\x43\x6f\x75\x6e\x74": 0x2 },
      { "\x65\x6c\x65\x6d": "\x4f", "\x78": -0x86, "\x79": -0x46, "\x7a": 0x9c, "\x6c\x70\x43\x6f\x75\x6e\x74": 0x2 },
      { "\x65\x6c\x65\x6d": "\x4f", "\x78": 0x48, "\x79": 0x11, "\x7a": -0xae, "\x6c\x70\x43\x6f\x75\x6e\x74": 0x2 },
      { "\x65\x6c\x65\x6d": "\x4f", "\x78": 0xb9, "\x79": -0xf, "\x7a": -0x93, "\x6c\x70\x43\x6f\x75\x6e\x74": 0x2 },
      { "\x65\x6c\x65\x6d": "\x4f", "\x78": 0x77, "\x79": 0x2c, "\x7a": 0xb8, "\x6c\x70\x43\x6f\x75\x6e\x74": 0x2 },
      { "\x65\x6c\x65\x6d": "\x4f", "\x78": 0x5b, "\x79": -0x46, "\x7a": 0x9c, "\x6c\x70\x43\x6f\x75\x6e\x74": 0x2 },
    ],
    [
      [0x0, 0x17],
      [0x0, 0xb],
      [0x0, 0xd],
      [0x0, 0x18],
      [0x1, 0x13],
      [0x1, 0x19],
      [0x1, 0x1a],
      [0x1, 0x15],
      [0x2, 0x1b],
      [0x2, 0xc],
      [0x2, 0xe],
      [0x2, 0x1c],
      [0x3, 0x14],
      [0x3, 0x1d],
      [0x3, 0x1e],
      [0x3, 0x16],
      [0x4, 0x11],
      [0x4, 0x1f],
      [0x4, 0x20],
      [0x4, 0x13],
      [0x5, 0x12],
      [0x5, 0xd],
      [0x5, 0xf],
      [0x5, 0x14],
      [0x6, 0x21],
      [0x6, 0xe],
      [0x6, 0x10],
      [0x6, 0x22],
      [0x7, 0x24],
      [0x7, 0x15],
      [0x7, 0x23],
      [0x7, 0xb],
      [0x8, 0xf],
      [0x8, 0x26],
      [0x8, 0x11],
      [0x8, 0x25],
      [0x9, 0x28],
      [0x9, 0x16],
      [0x9, 0x27],
      [0x9, 0xc],
      [0xa, 0x10],
      [0xa, 0x2a],
      [0xa, 0x12],
      [0xa, 0x29],
    ],
    null,
    "\x3c\x64\x69\x76\x20\x63\x6c\x61\x73\x73\x3d\x22\x69\x6e\x66\x6f\x2d\x73\x65\x63\x74\x69\x6f\x6e\x22\x3e\x0a\x20\x20\x20\x20\x20\x20\x20\x20\x3c\x64\x69\x76\x20\x63\x6c\x61\x73\x73\x3d\x22\x69\x6e\x66\x6f\x2d\x74\x69\x74\x6c\x65\x22\x3e\u2697\ufe0f\x20\u7269\u8cea\u6027\u8cea\x3c\x2f\x64\x69\x76\x3e\x0a\x20\x20\x20\x20\x20\x20\x20\x20\x3c\x64\x69\x76\x20\x63\x6c\x61\x73\x73\x3d\x22\x69\x6e\x66\x6f\x2d\x62\x6f\x64\x79\x22\x3e\x0a\x20\x20\x20\x20\x20\x20\x20\x20\x20\x20\x20\x20\x3c\x73\x70\x61\x6e\x20\x63\x6c\x61\x73\x73\x3d\x22\x68\x69\x67\x68\x6c\x69\x67\x68\x74\x2d\x74\x69\x74\x6c\x65\x22\x3e\x31\x2e\x20\u7acb\u9ad4\u7d50\u69cb\uff1a\x3c\x2f\x73\x70\x61\x6e\x3e\u4e8c\u6c27\u5316\u77fd\x20\x28\x53\x69\x4f\u2082\x29\x20\u662f\u5178\u578b\u7684\x3c\x73\x74\x72\x6f\x6e\x67\x3e\u5171\u50f9\u7db2\u72c0\u56fa\u9ad4\x3c\x2f\x73\x74\x72\x6f\x6e\x67\x3e\u3002\u4e2d\u5fc3\u77fd\u539f\u5b50\u63a1\u53d6\x20\x3c\x73\x74\x72\x6f\x6e\x67\x3e\x73\x70\u00b3\x20\u6df7\u6210\u8ecc\u57df\x3c\x2f\x73\x74\x72\x6f\x6e\x67\x3e\uff0c\u6bcf\u500b\u77fd\u539f\u5b50\u8207\x20\x34\x20\u500b\u6c27\u539f\u5b50\u7d50\u5408\uff0c\u800c\u6bcf\u500b\u6c27\u539f\u5b50\u8207\x20\x32\x20\u500b\u77fd\u539f\u5b50\u7d50\u5408\u3002\u9019\u7a2e\x20\x53\x69\x2d\x4f\x2d\x53\x69\x20\u7684\u9023\u7e8c\u6a4b\u63a5\u7d50\u69cb\u5411\u4e09\u7dad\u7a7a\u9593\u7121\u9650\u5ef6\u4f38\uff0c\u5f62\u6210\u4e86\u6975\u5176\u7a69\u56fa\u7684\u7db2\u72c0\u67b6\u69cb\u3002\x3c\x62\x72\x3e\x0a\x20\x20\x20\x20\x20\x20\x20\x20\x20\x20\x20\x20\x3c\x73\x70\x61\x6e\x20\x63\x6c\x61\x73\x73\x3d\x22\x68\x69\x67\x68\x6c\x69\x67\x68\x74\x2d\x74\x69\x74\x6c\x65\x22\x3e\x32\x2e\x20\u7269\u7406\u6027\u8cea\uff1a\x3c\x2f\x73\x70\x61\x6e\x3e\u7531\u65bc\u539f\u5b50\u9593\u5b8c\u5168\u4ee5\u9ad8\u5f37\u5ea6\u7684\u5171\u50f9\u9375\u9023\u7d50\uff0c\u77f3\u82f1\u5177\u6709\u6975\u9ad8\u7684\u7194\u9ede\x20\x28\x31\x37\x31\x33\u00b0\x43\x29\x20\u8207\u6975\u4f73\u7684\u786c\u5ea6\u3002\u7d14\u6de8\u7684\u77f3\u82f1\u6676\u9ad4\u900f\u660e\u4e14\u7121\u8272\uff0c\u5c6c\u65bc\u512a\u826f\u7684\x3c\x73\x74\x72\x6f\x6e\x67\x3e\u96fb\u7d55\u7de3\u9ad4\x3c\x2f\x73\x74\x72\x6f\x6e\x67\x3e\u8207\u5149\u5b78\u6750\u6599\u3002\x3c\x62\x72\x3e\x0a\x20\x20\x20\x20\x20\x20\x20\x20\x20\x20\x20\x20\x3c\x73\x70\x61\x6e\x20\x63\x6c\x61\x73\x73\x3d\x22\x68\x69\x67\x68\x6c\x69\x67\x68\x74\x2d\x74\x69\x74\x6c\x65\x22\x3e\x33\x2e\x20\u5316\u5b78\u7a69\u5b9a\u6027\uff1a\x3c\x2f\x73\x70\x61\x6e\x3e\u5316\u5b78\u6027\u8cea\u6975\u70ba\u7a69\u5b9a\uff0c\u4e0d\u6eb6\u65bc\u6c34\uff0c\u4e5f\u4e0d\u8207\u9664\u6c2b\u6c1f\u9178\x20\x28\x48\x46\x29\x20\u5916\u7684\u5e38\u898b\u9178\u985e\u53cd\u61c9\uff08\x48\x46\x20\u53ef\u8207\u5176\u53cd\u61c9\u751f\u6210\x20\x53\x69\x46\u2084\x20\u6c23\u9ad4\uff0c\u5e38\u7528\u65bc\u8755\u523b\u73bb\u7483\uff09\u3002\x0a\x20\x20\x20\x20\x20\x20\x20\x20\x3c\x2f\x64\x69\x76\x3e\x0a\x20\x20\x20\x20\x3c\x2f\x64\x69\x76\x3e\x0a\x20\x20\x20\x20\x3c\x64\x69\x76\x20\x63\x6c\x61\x73\x73\x3d\x22\x69\x6e\x66\x6f\x2d\x73\x65\x63\x74\x69\x6f\x6e\x22\x20\x73\x74\x79\x6c\x65\x3d\x22\x6d\x61\x72\x67\x69\x6e\x2d\x74\x6f\x70\x3a\x20\x31\x32\x70\x78\x3b\x20\x62\x6f\x72\x64\x65\x72\x2d\x74\x6f\x70\x3a\x20\x31\x70\x78\x20\x64\x61\x73\x68\x65\x64\x20\x72\x67\x62\x61\x28\x32\x35\x35\x2c\x32\x35\x35\x2c\x32\x35\x35\x2c\x30\x2e\x32\x29\x3b\x20\x70\x61\x64\x64\x69\x6e\x67\x2d\x74\x6f\x70\x3a\x20\x31\x30\x70\x78\x3b\x22\x3e\x0a\x20\x20\x20\x20\x20\x20\x20\x20\x3c\x64\x69\x76\x20\x63\x6c\x61\x73\x73\x3d\x22\x69\x6e\x66\x6f\x2d\x74\x69\x74\x6c\x65\x22\x3e\ud83c\udfed\x20\u5de5\u696d\u61c9\u7528\x3c\x2f\x64\x69\x76\x3e\x0a\x20\x20\x20\x20\x20\x20\x20\x20\x3c\x64\x69\x76\x20\x63\x6c\x61\x73\x73\x3d\x22\x69\x6e\x66\x6f\x2d\x62\x6f\x64\x79\x22\x3e\x0a\x20\x20\x20\x20\x20\x20\x20\x20\x20\x20\x20\x20\x3c\x73\x70\x61\x6e\x20\x63\x6c\x61\x73\x73\x3d\x22\x68\x69\x67\x68\x6c\x69\x67\x68\x74\x2d\x74\x69\x74\x6c\x65\x22\x3e\x31\x2e\x20\u73bb\u7483\u8207\u9676\u74f7\u5de5\u696d\uff1a\x3c\x2f\x73\x70\x61\x6e\x3e\u4e8c\u6c27\u5316\u77fd\u662f\u88fd\u9020\u666e\u901a\u73bb\u7483\u3001\u77f3\u82f1\u73bb\u7483\u53ca\u9676\u74f7\u5668\u76bf\u7684\u6700\u4e3b\u8981\u539f\u6599\u3002\u900f\u904e\u52a0\u5165\u4e0d\u540c\u7684\u91d1\u5c6c\u6c27\u5316\u7269\uff0c\u53ef\u88fd\u9020\u51fa\u5404\u7a2e\u529f\u80fd\u6027\u73bb\u7483\u3002\x3c\x62\x72\x3e\x0a\x20\x20\x20\x20\x20\x20\x20\x20\x20\x20\x20\x20\x3c\x73\x70\x61\x6e\x20\x63\x6c\x61\x73\x73\x3d\x22\x68\x69\x67\x68\x6c\x69\x67\x68\x74\x2d\x74\x69\x74\x6c\x65\x22\x3e\x32\x2e\x20\u58d3\u96fb\u6548\u61c9\uff1a\x3c\x2f\x73\x70\x61\x6e\x3e\u77f3\u82f1\u6676\u9ad4\u5177\u6709\u7368\u7279\u7684\x3c\x73\x74\x72\x6f\x6e\x67\x3e\u58d3\u96fb\u6548\u61c9\x3c\x2f\x73\x74\x72\x6f\x6e\x67\x3e\x20\x28\x50\x69\x65\x7a\x6f\x65\x6c\x65\x63\x74\x72\x69\x63\x20\x65\x66\x66\x65\x63\x74\x29\uff0c\u5373\u53d7\u58d3\u6642\u6703\u7522\u751f\u96fb\u8377\uff0c\u901a\u96fb\u6642\u6703\u7522\u751f\u7cbe\u78ba\u7684\u9707\u76ea\u983b\u7387\u3002\u9019\u4f7f\u5176\u6210\u70ba\u96fb\u5b50\u9336\u3001\u96fb\u8166\u4e3b\u6a5f\u677f\u53ca\u5404\u985e\u983b\u7387\u63a7\u5236\u5668\u4ef6\u7684\u6838\u5fc3\u7d44\u4ef6\u3002\x3c\x62\x72\x3e\x0a\x20\x20\x20\x20\x20\x20\x20\x20\x20\x20\x20\x20\x3c\x73\x70\x61\x6e\x20\x63\x6c\x61\x73\x73\x3d\x22\x68\x69\x67\x68\x6c\x69\x67\x68\x74\x2d\x74\x69\x74\x6c\x65\x22\x3e\x33\x2e\x20\u5149\u5b78\u50b3\u8f38\uff1a\x3c\x2f\x73\x70\x61\x6e\x3e\u9ad8\u7d14\u5ea6\u7684\u77f3\u82f1\u73bb\u7483\u5177\u6709\u6975\u4f4e\u7684\u5149\u8870\u6e1b\u7387\uff0c\u662f\u88fd\u9020\x3c\x73\x74\x72\x6f\x6e\x67\x3e\u5149\u7e96\x3c\x2f\x73\x74\x72\x6f\x6e\x67\x3e\u7684\u4e3b\u8981\u6750\u6599\uff0c\u652f\u6490\u8457\u73fe\u4ee3\u5168\u7403\u8cc7\u8a0a\u7db2\u8def\u7684\u6578\u64da\u50b3\u8f38\u3002\x0a\x20\x20\x20\x20\x20\x20\x20\x20\x3c\x2f\x64\x69\x76\x3e\x0a\x20\x20\x20\x20\x3c\x2f\x64\x69\x76\x3e",
    "\x51\x75\x61\x72\x74\x7a",
  ),
  addMol(
    "\x42\x4e",
    "\x42",
    "\x73\x70\u00b2\x20\x2f\x20\x73\x70\u00b3",
    ["\u540c\u8cea\u7570\u5f62\u9ad4", "\x50\x6f\x6c\x79\x6d\x6f\x72\x70\x68"],
    "\x2d",
    "\x32\x39\x37\x33",
    "\x32\x39\x37\x33",
    [],
    [],
    {
      "\x42\x4e\x7c\u6c2e\u5316\u787c\x28\u7acb\u9ad4\x29": {
        "\x70\x67": "\x46\x2d\x34\x33\x6d",
        "\x68\x79\x62\x72\x69\x64": "\x73\x70\u00b3",
        "\x73\x68\x61\x70\x65": "\u6b63\u56db\u9762\u9ad4\u7db2\u72c0\u7d50\u69cb",
        "\x61\x6e\x67\x6c\x65": "\x31\x30\x39\x2e\x35\u00b0",
        "\x6d\x70": "\x32\x39\x37\x33",
        "\x62\x70": "\x32\x39\x37\x33",
        "\x69\x73\x49\x6f\x6e\x69\x63": !![],
        "\x61\x74\x6f\x6d\x73": [
          { "\x65\x6c\x65\x6d": "\x42", "\x78": -0x53, "\x79": 0x53, "\x7a": -0x53, "\x6c\x70\x43\x6f\x75\x6e\x74": 0x0 },
          { "\x65\x6c\x65\x6d": "\x42", "\x78": -0x53, "\x79": 0x53, "\x7a": 0x53, "\x6c\x70\x43\x6f\x75\x6e\x74": 0x0 },
          { "\x65\x6c\x65\x6d": "\x42", "\x78": -0x53, "\x79": -0x53, "\x7a": -0x53, "\x6c\x70\x43\x6f\x75\x6e\x74": 0x0 },
          { "\x65\x6c\x65\x6d": "\x42", "\x78": -0x53, "\x79": -0x53, "\x7a": 0x53, "\x6c\x70\x43\x6f\x75\x6e\x74": 0x0 },
          { "\x65\x6c\x65\x6d": "\x42", "\x78": 0x53, "\x79": 0x53, "\x7a": -0x53, "\x6c\x70\x43\x6f\x75\x6e\x74": 0x0 },
          { "\x65\x6c\x65\x6d": "\x42", "\x78": 0x53, "\x79": 0x53, "\x7a": 0x53, "\x6c\x70\x43\x6f\x75\x6e\x74": 0x0 },
          { "\x65\x6c\x65\x6d": "\x42", "\x78": 0x53, "\x79": -0x53, "\x7a": -0x53, "\x6c\x70\x43\x6f\x75\x6e\x74": 0x0 },
          { "\x65\x6c\x65\x6d": "\x42", "\x78": 0x53, "\x79": -0x53, "\x7a": 0x53, "\x6c\x70\x43\x6f\x75\x6e\x74": 0x0 },
          { "\x65\x6c\x65\x6d": "\x42", "\x78": -0x53, "\x79": 0x0, "\x7a": 0x0, "\x6c\x70\x43\x6f\x75\x6e\x74": 0x0 },
          { "\x65\x6c\x65\x6d": "\x42", "\x78": 0x53, "\x79": 0x0, "\x7a": 0x0, "\x6c\x70\x43\x6f\x75\x6e\x74": 0x0 },
          { "\x65\x6c\x65\x6d": "\x42", "\x78": 0x0, "\x79": 0x53, "\x7a": 0x0, "\x6c\x70\x43\x6f\x75\x6e\x74": 0x0 },
          { "\x65\x6c\x65\x6d": "\x42", "\x78": 0x0, "\x79": -0x53, "\x7a": 0x0, "\x6c\x70\x43\x6f\x75\x6e\x74": 0x0 },
          { "\x65\x6c\x65\x6d": "\x42", "\x78": 0x0, "\x79": 0x0, "\x7a": -0x53, "\x6c\x70\x43\x6f\x75\x6e\x74": 0x0 },
          { "\x65\x6c\x65\x6d": "\x42", "\x78": 0x0, "\x79": 0x0, "\x7a": 0x53, "\x6c\x70\x43\x6f\x75\x6e\x74": 0x0 },
          { "\x65\x6c\x65\x6d": "\x4e", "\x78": -0x2a, "\x79": 0x2a, "\x7a": 0x2a, "\x6c\x70\x43\x6f\x75\x6e\x74": 0x0 },
          { "\x65\x6c\x65\x6d": "\x4e", "\x78": 0x2a, "\x79": -0x2a, "\x7a": 0x2a, "\x6c\x70\x43\x6f\x75\x6e\x74": 0x0 },
          { "\x65\x6c\x65\x6d": "\x4e", "\x78": 0x2a, "\x79": 0x2a, "\x7a": -0x2a, "\x6c\x70\x43\x6f\x75\x6e\x74": 0x0 },
          { "\x65\x6c\x65\x6d": "\x4e", "\x78": -0x2a, "\x79": -0x2a, "\x7a": -0x2a, "\x6c\x70\x43\x6f\x75\x6e\x74": 0x0 },
          { "\x65\x6c\x65\x6d": "\x4e", "\x78": -0x7d, "\x79": 0x7d, "\x7a": -0x7d, "\x6c\x70\x43\x6f\x75\x6e\x74": 0x0 },
          { "\x65\x6c\x65\x6d": "\x4e", "\x78": -0x7d, "\x79": 0x2a, "\x7a": 0x2a, "\x6c\x70\x43\x6f\x75\x6e\x74": 0x0 },
          { "\x65\x6c\x65\x6d": "\x4e", "\x78": -0x2a, "\x79": 0x7d, "\x7a": -0x2a, "\x6c\x70\x43\x6f\x75\x6e\x74": 0x0 },
          { "\x65\x6c\x65\x6d": "\x4e", "\x78": -0x2a, "\x79": 0x2a, "\x7a": -0x7d, "\x6c\x70\x43\x6f\x75\x6e\x74": 0x0 },
          { "\x65\x6c\x65\x6d": "\x4e", "\x78": -0x7d, "\x79": 0x7d, "\x7a": 0x2a, "\x6c\x70\x43\x6f\x75\x6e\x74": 0x0 },
          { "\x65\x6c\x65\x6d": "\x4e", "\x78": -0x7d, "\x79": 0x2a, "\x7a": 0x7d, "\x6c\x70\x43\x6f\x75\x6e\x74": 0x0 },
          { "\x65\x6c\x65\x6d": "\x4e", "\x78": -0x2a, "\x79": 0x7d, "\x7a": 0x7d, "\x6c\x70\x43\x6f\x75\x6e\x74": 0x0 },
          { "\x65\x6c\x65\x6d": "\x4e", "\x78": -0x7d, "\x79": -0x2a, "\x7a": -0x7d, "\x6c\x70\x43\x6f\x75\x6e\x74": 0x0 },
          { "\x65\x6c\x65\x6d": "\x4e", "\x78": -0x7d, "\x79": -0x7d, "\x7a": -0x2a, "\x6c\x70\x43\x6f\x75\x6e\x74": 0x0 },
          { "\x65\x6c\x65\x6d": "\x4e", "\x78": -0x2a, "\x79": -0x7d, "\x7a": -0x7d, "\x6c\x70\x43\x6f\x75\x6e\x74": 0x0 },
          { "\x65\x6c\x65\x6d": "\x4e", "\x78": -0x7d, "\x79": -0x2a, "\x7a": 0x2a, "\x6c\x70\x43\x6f\x75\x6e\x74": 0x0 },
          { "\x65\x6c\x65\x6d": "\x4e", "\x78": -0x7d, "\x79": -0x7d, "\x7a": 0x7d, "\x6c\x70\x43\x6f\x75\x6e\x74": 0x0 },
          { "\x65\x6c\x65\x6d": "\x4e", "\x78": -0x2a, "\x79": -0x2a, "\x7a": 0x7d, "\x6c\x70\x43\x6f\x75\x6e\x74": 0x0 },
          { "\x65\x6c\x65\x6d": "\x4e", "\x78": -0x2a, "\x79": -0x7d, "\x7a": 0x2a, "\x6c\x70\x43\x6f\x75\x6e\x74": 0x0 },
          { "\x65\x6c\x65\x6d": "\x4e", "\x78": 0x2a, "\x79": 0x7d, "\x7a": -0x7d, "\x6c\x70\x43\x6f\x75\x6e\x74": 0x0 },
          { "\x65\x6c\x65\x6d": "\x4e", "\x78": 0x7d, "\x79": 0x7d, "\x7a": -0x2a, "\x6c\x70\x43\x6f\x75\x6e\x74": 0x0 },
          { "\x65\x6c\x65\x6d": "\x4e", "\x78": 0x7d, "\x79": 0x2a, "\x7a": -0x7d, "\x6c\x70\x43\x6f\x75\x6e\x74": 0x0 },
          { "\x65\x6c\x65\x6d": "\x4e", "\x78": 0x2a, "\x79": 0x7d, "\x7a": 0x2a, "\x6c\x70\x43\x6f\x75\x6e\x74": 0x0 },
          { "\x65\x6c\x65\x6d": "\x4e", "\x78": 0x2a, "\x79": 0x2a, "\x7a": 0x7d, "\x6c\x70\x43\x6f\x75\x6e\x74": 0x0 },
          { "\x65\x6c\x65\x6d": "\x4e", "\x78": 0x7d, "\x79": 0x7d, "\x7a": 0x7d, "\x6c\x70\x43\x6f\x75\x6e\x74": 0x0 },
          { "\x65\x6c\x65\x6d": "\x4e", "\x78": 0x7d, "\x79": 0x2a, "\x7a": 0x2a, "\x6c\x70\x43\x6f\x75\x6e\x74": 0x0 },
          { "\x65\x6c\x65\x6d": "\x4e", "\x78": 0x2a, "\x79": -0x2a, "\x7a": -0x7d, "\x6c\x70\x43\x6f\x75\x6e\x74": 0x0 },
          { "\x65\x6c\x65\x6d": "\x4e", "\x78": 0x2a, "\x79": -0x7d, "\x7a": -0x2a, "\x6c\x70\x43\x6f\x75\x6e\x74": 0x0 },
          { "\x65\x6c\x65\x6d": "\x4e", "\x78": 0x7d, "\x79": -0x2a, "\x7a": -0x2a, "\x6c\x70\x43\x6f\x75\x6e\x74": 0x0 },
          { "\x65\x6c\x65\x6d": "\x4e", "\x78": 0x7d, "\x79": -0x7d, "\x7a": -0x7d, "\x6c\x70\x43\x6f\x75\x6e\x74": 0x0 },
          { "\x65\x6c\x65\x6d": "\x4e", "\x78": 0x2a, "\x79": -0x7d, "\x7a": 0x7d, "\x6c\x70\x43\x6f\x75\x6e\x74": 0x0 },
          { "\x65\x6c\x65\x6d": "\x4e", "\x78": 0x7d, "\x79": -0x2a, "\x7a": 0x7d, "\x6c\x70\x43\x6f\x75\x6e\x74": 0x0 },
          { "\x65\x6c\x65\x6d": "\x4e", "\x78": 0x7d, "\x79": -0x7d, "\x7a": 0x2a, "\x6c\x70\x43\x6f\x75\x6e\x74": 0x0 },
        ],
        "\x62\x6f\x6e\x64\x73": [
          [0x12, 0x0, "\x63\x6f\x6f\x72\x64\x69\x6e\x61\x74\x65"],
          [0x0, 0x13],
          [0x0, 0x15],
          [0x0, 0x14],
          [0x18, 0x1, "\x63\x6f\x6f\x72\x64\x69\x6e\x61\x74\x65"],
          [0x1, 0x17],
          [0x1, 0x16],
          [0x1b, 0x2, "\x63\x6f\x6f\x72\x64\x69\x6e\x61\x74\x65"],
          [0x2, 0x1a],
          [0x2, 0x19],
          [0x1e, 0x3, "\x63\x6f\x6f\x72\x64\x69\x6e\x61\x74\x65"],
          [0x3, 0x1f],
          [0x3, 0x1c],
          [0x3, 0x1d],
          [0x21, 0x4, "\x63\x6f\x6f\x72\x64\x69\x6e\x61\x74\x65"],
          [0x4, 0x22],
          [0x4, 0x20],
          [0x24, 0x5, "\x63\x6f\x6f\x72\x64\x69\x6e\x61\x74\x65"],
          [0x5, 0x26],
          [0x5, 0x25],
          [0x5, 0x23],
          [0x27, 0x6, "\x63\x6f\x6f\x72\x64\x69\x6e\x61\x74\x65"],
          [0x6, 0x28],
          [0x6, 0x29],
          [0x6, 0x2a],
          [0x2b, 0x7, "\x63\x6f\x6f\x72\x64\x69\x6e\x61\x74\x65"],
          [0x7, 0x2d],
          [0x7, 0x2c],
          [0xe, 0x8, "\x63\x6f\x6f\x72\x64\x69\x6e\x61\x74\x65"],
          [0x8, 0x11],
          [0x8, 0x13],
          [0x8, 0x1c],
          [0x10, 0x9, "\x63\x6f\x6f\x72\x64\x69\x6e\x61\x74\x65"],
          [0x9, 0x26],
          [0x9, 0xf],
          [0x9, 0x29],
          [0xe, 0xa, "\x63\x6f\x6f\x72\x64\x69\x6e\x61\x74\x65"],
          [0xa, 0x23],
          [0xa, 0x10],
          [0xa, 0x14],
          [0x1f, 0xb, "\x63\x6f\x6f\x72\x64\x69\x6e\x61\x74\x65"],
          [0xb, 0x11],
          [0xb, 0xf],
          [0xb, 0x28],
          [0x11, 0xc, "\x63\x6f\x6f\x72\x64\x69\x6e\x61\x74\x65"],
          [0xc, 0x10],
          [0xc, 0x27],
          [0xc, 0x15],
          [0x1e, 0xd, "\x63\x6f\x6f\x72\x64\x69\x6e\x61\x74\x65"],
          [0xd, 0xf],
          [0xd, 0x24],
          [0xd, 0xe],
          [0xe, 0x1],
          [0xf, 0x7],
          [0x10, 0x4],
          [0x11, 0x2],
        ],
        "\x64\x65\x73\x63":
          "\x3c\x64\x69\x76\x20\x63\x6c\x61\x73\x73\x3d\x22\x69\x6e\x66\x6f\x2d\x73\x65\x63\x74\x69\x6f\x6e\x22\x3e\x3c\x64\x69\x76\x20\x63\x6c\x61\x73\x73\x3d\x22\x69\x6e\x66\x6f\x2d\x74\x69\x74\x6c\x65\x22\x3e\u2697\ufe0f\x20\u7269\u8cea\u6027\u8cea\x3c\x2f\x64\x69\x76\x3e\x3c\x64\x69\x76\x20\x63\x6c\x61\x73\x73\x3d\x22\x69\x6e\x66\x6f\x2d\x62\x6f\x64\x79\x22\x3e\x3c\x73\x70\x61\x6e\x20\x63\x6c\x61\x73\x73\x3d\x22\x68\x69\x67\x68\x6c\x69\x67\x68\x74\x2d\x74\x69\x74\x6c\x65\x22\x3e\x31\x2e\x20\u7acb\u9ad4\u7d50\u69cb\uff1a\x3c\x2f\x73\x70\x61\x6e\x3e\u7acb\u65b9\u6c2e\u5316\u787c\x20\x28\x63\x2d\x42\x4e\x29\x20\u5177\u6709\u8207\u91d1\u525b\u77f3\u985e\u4f3c\u7684\x3c\x73\x74\x72\x6f\x6e\x67\x3e\u9583\u92c5\u7926\u7d50\u69cb\x3c\x2f\x73\x74\x72\x6f\x6e\x67\x3e\uff0c\u539f\u5b50\u63a1\u53d6\x20\x3c\x73\x74\x72\x6f\x6e\x67\x3e\x73\x70\u00b3\x20\u6df7\u6210\u8ecc\u57df\x3c\x2f\x73\x74\x72\x6f\x6e\x67\x3e\u3002\u6bcf\u500b\x20\x42\x20\u539f\u5b50\u8207\x20\x34\x20\u500b\x20\x4e\x20\u539f\u5b50\u4ee5\u5f37\u5171\u50f9\u9375\u7d50\u5408\uff08\u5176\u4e2d\x20\x31\x2f\x34\x20\u70ba\u914d\u4f4d\u9375\uff09\uff0c\u5f62\u6210\u7121\u9650\u5ef6\u4f38\u7684\u7db2\u72c0\u56fa\u9ad4\uff0c\u5176\u786c\u5ea6\u6975\u9ad8\uff0c\u5728\u81ea\u7136\u754c\u4e2d\u50c5\u6b21\u65bc\u91d1\u525b\u77f3\u3002\x3c\x62\x72\x3e\x3c\x73\x70\x61\x6e\x20\x63\x6c\x61\x73\x73\x3d\x22\x68\x69\x67\x68\x6c\x69\x67\x68\x74\x2d\x74\x69\x74\x6c\x65\x22\x3e\x32\x2e\x20\u7269\u7406\u8207\u5316\u5b78\u6027\u8cea\uff1a\x3c\x2f\x73\x70\x61\x6e\x3e\u5177\u6709\u6975\u4f73\u7684\x3c\x73\x74\x72\x6f\x6e\x67\x3e\u71b1\u7a69\u5b9a\u6027\x3c\x2f\x73\x74\x72\x6f\x6e\x67\x3e\uff0c\u5728\x20\x31\x30\x30\x30\u00b0\x43\x20\u4ee5\u4e0a\u7684\u9ad8\u6eab\u7a7a\u6c23\u4e2d\u4ecd\u4e0d\u6613\u88ab\u6c27\u5316\uff0c\u4e14\u5c0d\u9435\u65cf\u91d1\u5c6c\u8868\u73fe\u51fa\u6975\u9ad8\u7684\u5316\u5b78\u60f0\u6027\uff0c\u512a\u65bc\u91d1\u525b\u77f3\u3002\x3c\x2f\x64\x69\x76\x3e\x3c\x2f\x64\x69\x76\x3e\x3c\x64\x69\x76\x20\x63\x6c\x61\x73\x73\x3d\x22\x69\x6e\x66\x6f\x2d\x73\x65\x63\x74\x69\x6f\x6e\x22\x20\x73\x74\x79\x6c\x65\x3d\x22\x6d\x61\x72\x67\x69\x6e\x2d\x74\x6f\x70\x3a\x20\x31\x32\x70\x78\x3b\x20\x62\x6f\x72\x64\x65\x72\x2d\x74\x6f\x70\x3a\x20\x31\x70\x78\x20\x64\x61\x73\x68\x65\x64\x20\x72\x67\x62\x61\x28\x32\x35\x35\x2c\x32\x35\x35\x2c\x32\x35\x35\x2c\x30\x2e\x32\x29\x3b\x20\x70\x61\x64\x64\x69\x6e\x67\x2d\x74\x6f\x70\x3a\x20\x31\x30\x70\x78\x3b\x22\x3e\x3c\x64\x69\x76\x20\x63\x6c\x61\x73\x73\x3d\x22\x69\x6e\x66\x6f\x2d\x74\x69\x74\x6c\x65\x22\x3e\ud83c\udfed\x20\u5de5\u696d\u61c9\u7528\x3c\x2f\x64\x69\x76\x3e\x3c\x64\x69\x76\x20\x63\x6c\x61\x73\x73\x3d\x22\x69\x6e\x66\x6f\x2d\x62\x6f\x64\x79\x22\x3e\x3c\x73\x70\x61\x6e\x20\x63\x6c\x61\x73\x73\x3d\x22\x68\x69\x67\x68\x6c\x69\x67\x68\x74\x2d\x74\x69\x74\x6c\x65\x22\x3e\x31\x2e\x20\u8d85\u786c\u5207\u524a\u5de5\u5177\uff1a\x3c\x2f\x73\x70\x61\x6e\x3e\u7531\u65bc\u5176\u9ad8\u786c\u5ea6\u8207\u8010\u9ad8\u6eab\u6027\uff0c\x63\x2d\x42\x4e\x20\u662f\u52a0\u5de5\u786c\u5316\u92fc\u8207\u9ad8\u6eab\u5408\u91d1\u6700\u7406\u60f3\u7684\u5207\u524a\u5200\u5177\u6750\u6599\u3002\x3c\x62\x72\x3e\x3c\x73\x70\x61\x6e\x20\x63\x6c\x61\x73\x73\x3d\x22\x68\x69\x67\x68\x6c\x69\x67\x68\x74\x2d\x74\x69\x74\x6c\x65\x22\x3e\x32\x2e\x20\u534a\u5c0e\u9ad4\u5c01\u88dd\uff1a\x3c\x2f\x73\x70\x61\x6e\x3e\u5177\u5099\u512a\u7570\u7684\u71b1\u5c0e\u7387\u8207\u7d55\u7de3\u6027\uff0c\u662f\u9ad8\u6027\u80fd\u96fb\u5b50\u7d44\u4ef6\u7406\u60f3\u7684\u57fa\u677f\u6750\u6599\u3002\x3c\x2f\x64\x69\x76\x3e\x3c\x2f\x64\x69\x76\x3e",
      },
      "\x42\x4e\x7c\u6c2e\u5316\u787c\x28\u5e73\u9762\u5c64\u72c0\x29": {
        "\x70\x67": "\x4c\x61\x79\x65\x72\x65\x64",
        "\x68\x79\x62\x72\x69\x64": "\x73\x70\u00b2",
        "\x73\x68\x61\x70\x65": "\u5c64\u72c0\u7db2\u72c0\u7d50\u69cb",
        "\x61\x6e\x67\x6c\x65": "\x31\x32\x30\u00b0",
        "\x6d\x70": "\x32\x39\x37\x33",
        "\x62\x70": "\x32\x39\x37\x33",
        "\x69\x73\x49\x6f\x6e\x69\x63": !![],
        "\x61\x74\x6f\x6d\x73": [
          { "\x65\x6c\x65\x6d": "\x42", "\x78": -0x4a, "\x79": 0x5a, "\x7a": -0xb0, "\x6c\x70\x43\x6f\x75\x6e\x74": 0x0 },
          { "\x65\x6c\x65\x6d": "\x42", "\x78": -0x4a, "\x79": 0x5a, "\x7a": 0xb0, "\x6c\x70\x43\x6f\x75\x6e\x74": 0x0 },
          { "\x65\x6c\x65\x6d": "\x42", "\x78": -0x84, "\x79": -0xa, "\x7a": -0xb0, "\x6c\x70\x43\x6f\x75\x6e\x74": 0x0 },
          { "\x65\x6c\x65\x6d": "\x42", "\x78": -0x84, "\x79": -0xa, "\x7a": 0xb0, "\x6c\x70\x43\x6f\x75\x6e\x74": 0x0 },
          { "\x65\x6c\x65\x6d": "\x42", "\x78": -0xbd, "\x79": -0x6d, "\x7a": -0xb0, "\x6c\x70\x43\x6f\x75\x6e\x74": 0x0 },
          { "\x65\x6c\x65\x6d": "\x42", "\x78": -0xbd, "\x79": -0x6d, "\x7a": 0xb0, "\x6c\x70\x43\x6f\x75\x6e\x74": 0x0 },
          { "\x65\x6c\x65\x6d": "\x42", "\x78": 0x29, "\x79": 0x5a, "\x7a": -0xb0, "\x6c\x70\x43\x6f\x75\x6e\x74": 0x0 },
          { "\x65\x6c\x65\x6d": "\x42", "\x78": 0x29, "\x79": 0x5a, "\x7a": 0xb0, "\x6c\x70\x43\x6f\x75\x6e\x74": 0x0 },
          { "\x65\x6c\x65\x6d": "\x42", "\x78": -0x11, "\x79": -0xa, "\x7a": -0xb0, "\x6c\x70\x43\x6f\x75\x6e\x74": 0x0 },
          { "\x65\x6c\x65\x6d": "\x42", "\x78": -0x11, "\x79": -0xa, "\x7a": 0xb0, "\x6c\x70\x43\x6f\x75\x6e\x74": 0x0 },
          { "\x65\x6c\x65\x6d": "\x42", "\x78": -0x4a, "\x79": -0x6d, "\x7a": -0xb0, "\x6c\x70\x43\x6f\x75\x6e\x74": 0x0 },
          { "\x65\x6c\x65\x6d": "\x42", "\x78": -0x4a, "\x79": -0x6d, "\x7a": 0xb0, "\x6c\x70\x43\x6f\x75\x6e\x74": 0x0 },
          { "\x65\x6c\x65\x6d": "\x42", "\x78": 0x9c, "\x79": 0x5a, "\x7a": -0xb0, "\x6c\x70\x43\x6f\x75\x6e\x74": 0x0 },
          { "\x65\x6c\x65\x6d": "\x42", "\x78": 0x9c, "\x79": 0x5a, "\x7a": 0xb0, "\x6c\x70\x43\x6f\x75\x6e\x74": 0x0 },
          { "\x65\x6c\x65\x6d": "\x42", "\x78": 0x62, "\x79": -0xa, "\x7a": -0xb0, "\x6c\x70\x43\x6f\x75\x6e\x74": 0x0 },
          { "\x65\x6c\x65\x6d": "\x42", "\x78": 0x62, "\x79": -0xa, "\x7a": 0xb0, "\x6c\x70\x43\x6f\x75\x6e\x74": 0x0 },
          { "\x65\x6c\x65\x6d": "\x42", "\x78": 0x29, "\x79": -0x6d, "\x7a": -0xb0, "\x6c\x70\x43\x6f\x75\x6e\x74": 0x0 },
          { "\x65\x6c\x65\x6d": "\x42", "\x78": 0x29, "\x79": -0x6d, "\x7a": 0xb0, "\x6c\x70\x43\x6f\x75\x6e\x74": 0x0 },
          { "\x65\x6c\x65\x6d": "\x42", "\x78": -0x11, "\x79": 0x7b, "\x7a": 0x0, "\x6c\x70\x43\x6f\x75\x6e\x74": 0x0 },
          { "\x65\x6c\x65\x6d": "\x42", "\x78": -0x4a, "\x79": 0x18, "\x7a": 0x0, "\x6c\x70\x43\x6f\x75\x6e\x74": 0x0 },
          { "\x65\x6c\x65\x6d": "\x42", "\x78": -0x84, "\x79": -0x4c, "\x7a": 0x0, "\x6c\x70\x43\x6f\x75\x6e\x74": 0x0 },
          { "\x65\x6c\x65\x6d": "\x42", "\x78": 0x62, "\x79": 0x7b, "\x7a": 0x0, "\x6c\x70\x43\x6f\x75\x6e\x74": 0x0 },
          { "\x65\x6c\x65\x6d": "\x42", "\x78": 0x29, "\x79": 0x18, "\x7a": 0x0, "\x6c\x70\x43\x6f\x75\x6e\x74": 0x0 },
          { "\x65\x6c\x65\x6d": "\x42", "\x78": -0x11, "\x79": -0x4c, "\x7a": 0x0, "\x6c\x70\x43\x6f\x75\x6e\x74": 0x0 },
          { "\x65\x6c\x65\x6d": "\x42", "\x78": 0xd5, "\x79": 0x7b, "\x7a": 0x0, "\x6c\x70\x43\x6f\x75\x6e\x74": 0x0 },
          { "\x65\x6c\x65\x6d": "\x42", "\x78": 0x9c, "\x79": 0x18, "\x7a": 0x0, "\x6c\x70\x43\x6f\x75\x6e\x74": 0x0 },
          { "\x65\x6c\x65\x6d": "\x42", "\x78": 0x62, "\x79": -0x4c, "\x7a": 0x0, "\x6c\x70\x43\x6f\x75\x6e\x74": 0x0 },
          { "\x65\x6c\x65\x6d": "\x4e", "\x78": -0x4a, "\x79": 0x5a, "\x7a": 0x0, "\x6c\x70\x43\x6f\x75\x6e\x74": 0x0 },
          { "\x65\x6c\x65\x6d": "\x4e", "\x78": -0x84, "\x79": -0xa, "\x7a": 0x0, "\x6c\x70\x43\x6f\x75\x6e\x74": 0x0 },
          { "\x65\x6c\x65\x6d": "\x4e", "\x78": -0xbd, "\x79": -0x6d, "\x7a": 0x0, "\x6c\x70\x43\x6f\x75\x6e\x74": 0x0 },
          { "\x65\x6c\x65\x6d": "\x4e", "\x78": 0x29, "\x79": 0x5a, "\x7a": 0x0, "\x6c\x70\x43\x6f\x75\x6e\x74": 0x0 },
          { "\x65\x6c\x65\x6d": "\x4e", "\x78": -0x11, "\x79": -0xa, "\x7a": 0x0, "\x6c\x70\x43\x6f\x75\x6e\x74": 0x0 },
          { "\x65\x6c\x65\x6d": "\x4e", "\x78": -0x4a, "\x79": -0x6d, "\x7a": 0x0, "\x6c\x70\x43\x6f\x75\x6e\x74": 0x0 },
          { "\x65\x6c\x65\x6d": "\x4e", "\x78": 0x9c, "\x79": 0x5a, "\x7a": 0x0, "\x6c\x70\x43\x6f\x75\x6e\x74": 0x0 },
          { "\x65\x6c\x65\x6d": "\x4e", "\x78": 0x62, "\x79": -0xa, "\x7a": 0x0, "\x6c\x70\x43\x6f\x75\x6e\x74": 0x0 },
          { "\x65\x6c\x65\x6d": "\x4e", "\x78": 0x29, "\x79": -0x6d, "\x7a": 0x0, "\x6c\x70\x43\x6f\x75\x6e\x74": 0x0 },
          { "\x65\x6c\x65\x6d": "\x4e", "\x78": -0x11, "\x79": 0x7b, "\x7a": -0xb0, "\x6c\x70\x43\x6f\x75\x6e\x74": 0x0 },
          { "\x65\x6c\x65\x6d": "\x4e", "\x78": -0x11, "\x79": 0x7b, "\x7a": 0xb0, "\x6c\x70\x43\x6f\x75\x6e\x74": 0x0 },
          { "\x65\x6c\x65\x6d": "\x4e", "\x78": -0x4a, "\x79": 0x18, "\x7a": -0xb0, "\x6c\x70\x43\x6f\x75\x6e\x74": 0x0 },
          { "\x65\x6c\x65\x6d": "\x4e", "\x78": -0x4a, "\x79": 0x18, "\x7a": 0xb0, "\x6c\x70\x43\x6f\x75\x6e\x74": 0x0 },
          { "\x65\x6c\x65\x6d": "\x4e", "\x78": -0x84, "\x79": -0x4c, "\x7a": -0xb0, "\x6c\x70\x43\x6f\x75\x6e\x74": 0x0 },
          { "\x65\x6c\x65\x6d": "\x4e", "\x78": -0x84, "\x79": -0x4c, "\x7a": 0xb0, "\x6c\x70\x43\x6f\x75\x6e\x74": 0x0 },
          { "\x65\x6c\x65\x6d": "\x4e", "\x78": 0x62, "\x79": 0x7b, "\x7a": -0xb0, "\x6c\x70\x43\x6f\x75\x6e\x74": 0x0 },
          { "\x65\x6c\x65\x6d": "\x4e", "\x78": 0x62, "\x79": 0x7b, "\x7a": 0xb0, "\x6c\x70\x43\x6f\x75\x6e\x74": 0x0 },
          { "\x65\x6c\x65\x6d": "\x4e", "\x78": 0x29, "\x79": 0x18, "\x7a": -0xb0, "\x6c\x70\x43\x6f\x75\x6e\x74": 0x0 },
          { "\x65\x6c\x65\x6d": "\x4e", "\x78": 0x29, "\x79": 0x18, "\x7a": 0xb0, "\x6c\x70\x43\x6f\x75\x6e\x74": 0x0 },
          { "\x65\x6c\x65\x6d": "\x4e", "\x78": -0x11, "\x79": -0x4c, "\x7a": -0xb0, "\x6c\x70\x43\x6f\x75\x6e\x74": 0x0 },
          { "\x65\x6c\x65\x6d": "\x4e", "\x78": -0x11, "\x79": -0x4c, "\x7a": 0xb0, "\x6c\x70\x43\x6f\x75\x6e\x74": 0x0 },
          { "\x65\x6c\x65\x6d": "\x4e", "\x78": 0xd5, "\x79": 0x7b, "\x7a": -0xb0, "\x6c\x70\x43\x6f\x75\x6e\x74": 0x0 },
          { "\x65\x6c\x65\x6d": "\x4e", "\x78": 0xd5, "\x79": 0x7b, "\x7a": 0xb0, "\x6c\x70\x43\x6f\x75\x6e\x74": 0x0 },
          { "\x65\x6c\x65\x6d": "\x4e", "\x78": 0x9c, "\x79": 0x18, "\x7a": -0xb0, "\x6c\x70\x43\x6f\x75\x6e\x74": 0x0 },
          { "\x65\x6c\x65\x6d": "\x4e", "\x78": 0x9c, "\x79": 0x18, "\x7a": 0xb0, "\x6c\x70\x43\x6f\x75\x6e\x74": 0x0 },
          { "\x65\x6c\x65\x6d": "\x4e", "\x78": 0x62, "\x79": -0x4c, "\x7a": -0xb0, "\x6c\x70\x43\x6f\x75\x6e\x74": 0x0 },
          { "\x65\x6c\x65\x6d": "\x4e", "\x78": 0x62, "\x79": -0x4c, "\x7a": 0xb0, "\x6c\x70\x43\x6f\x75\x6e\x74": 0x0 },
          { "\x65\x6c\x65\x6d": "\x4e", "\x78": -0x84, "\x79": 0x7b, "\x7a": -0xb0, "\x6c\x70\x43\x6f\x75\x6e\x74": 0x0 },
          { "\x65\x6c\x65\x6d": "\x4e", "\x78": -0x84, "\x79": 0x7b, "\x7a": 0xb0, "\x6c\x70\x43\x6f\x75\x6e\x74": 0x0 },
          { "\x65\x6c\x65\x6d": "\x4e", "\x78": -0xbd, "\x79": 0x18, "\x7a": -0xb0, "\x6c\x70\x43\x6f\x75\x6e\x74": 0x0 },
          { "\x65\x6c\x65\x6d": "\x4e", "\x78": -0xbd, "\x79": 0x18, "\x7a": 0xb0, "\x6c\x70\x43\x6f\x75\x6e\x74": 0x0 },
          { "\x65\x6c\x65\x6d": "\x4e", "\x78": -0xf7, "\x79": -0x4c, "\x7a": -0xb0, "\x6c\x70\x43\x6f\x75\x6e\x74": 0x0 },
          { "\x65\x6c\x65\x6d": "\x4e", "\x78": -0xbd, "\x79": -0xb0, "\x7a": -0xb0, "\x6c\x70\x43\x6f\x75\x6e\x74": 0x0 },
          { "\x65\x6c\x65\x6d": "\x4e", "\x78": -0xf7, "\x79": -0x4c, "\x7a": 0xb0, "\x6c\x70\x43\x6f\x75\x6e\x74": 0x0 },
          { "\x65\x6c\x65\x6d": "\x4e", "\x78": -0xbd, "\x79": -0xb0, "\x7a": 0xb0, "\x6c\x70\x43\x6f\x75\x6e\x74": 0x0 },
          { "\x65\x6c\x65\x6d": "\x4e", "\x78": -0x4a, "\x79": -0xb0, "\x7a": -0xb0, "\x6c\x70\x43\x6f\x75\x6e\x74": 0x0 },
          { "\x65\x6c\x65\x6d": "\x4e", "\x78": -0x4a, "\x79": -0xb0, "\x7a": 0xb0, "\x6c\x70\x43\x6f\x75\x6e\x74": 0x0 },
          { "\x65\x6c\x65\x6d": "\x4e", "\x78": 0x29, "\x79": -0xb0, "\x7a": -0xb0, "\x6c\x70\x43\x6f\x75\x6e\x74": 0x0 },
          { "\x65\x6c\x65\x6d": "\x4e", "\x78": 0x29, "\x79": -0xb0, "\x7a": 0xb0, "\x6c\x70\x43\x6f\x75\x6e\x74": 0x0 },
          { "\x65\x6c\x65\x6d": "\x4e", "\x78": -0x11, "\x79": 0xbe, "\x7a": 0x0, "\x6c\x70\x43\x6f\x75\x6e\x74": 0x0 },
          { "\x65\x6c\x65\x6d": "\x4e", "\x78": 0x62, "\x79": 0xbe, "\x7a": 0x0, "\x6c\x70\x43\x6f\x75\x6e\x74": 0x0 },
          { "\x65\x6c\x65\x6d": "\x4e", "\x78": 0xd5, "\x79": 0xbe, "\x7a": 0x0, "\x6c\x70\x43\x6f\x75\x6e\x74": 0x0 },
          { "\x65\x6c\x65\x6d": "\x4e", "\x78": 0x10f, "\x79": 0x5a, "\x7a": 0x0, "\x6c\x70\x43\x6f\x75\x6e\x74": 0x0 },
          { "\x65\x6c\x65\x6d": "\x4e", "\x78": 0xd5, "\x79": -0xa, "\x7a": 0x0, "\x6c\x70\x43\x6f\x75\x6e\x74": 0x0 },
          { "\x65\x6c\x65\x6d": "\x4e", "\x78": 0x9c, "\x79": -0x6d, "\x7a": 0x0, "\x6c\x70\x43\x6f\x75\x6e\x74": 0x0 },
        ],
        "\x62\x6f\x6e\x64\x73": [
          [0x26, 0x0, "\x63\x6f\x6f\x72\x64\x69\x6e\x61\x74\x65"],
          [0x24, 0x0, "\x64\x6f\x75\x62\x6c\x65"],
          [0x0, 0x36, "\x73\x69\x6e\x67\x6c\x65"],
          [0x27, 0x1, "\x63\x6f\x6f\x72\x64\x69\x6e\x61\x74\x65"],
          [0x25, 0x1, "\x64\x6f\x75\x62\x6c\x65"],
          [0x1, 0x37, "\x73\x69\x6e\x67\x6c\x65"],
          [0x28, 0x2, "\x63\x6f\x6f\x72\x64\x69\x6e\x61\x74\x65"],
          [0x26, 0x2, "\x64\x6f\x75\x62\x6c\x65"],
          [0x2, 0x38, "\x73\x69\x6e\x67\x6c\x65"],
          [0x29, 0x3, "\x63\x6f\x6f\x72\x64\x69\x6e\x61\x74\x65"],
          [0x27, 0x3, "\x64\x6f\x75\x62\x6c\x65"],
          [0x3, 0x39, "\x73\x69\x6e\x67\x6c\x65"],
          [0x3b, 0x4, "\x64\x6f\x75\x62\x6c\x65"],
          [0x4, 0x28, "\x63\x6f\x6f\x72\x64\x69\x6e\x61\x74\x65"],
          [0x4, 0x3a, "\x73\x69\x6e\x67\x6c\x65"],
          [0x3d, 0x5, "\x64\x6f\x75\x62\x6c\x65"],
          [0x29, 0x5, "\x63\x6f\x6f\x72\x64\x69\x6e\x61\x74\x65"],
          [0x5, 0x3c, "\x73\x69\x6e\x67\x6c\x65"],
          [0x2c, 0x6, "\x64\x6f\x75\x62\x6c\x65"],
          [0x24, 0x6, "\x63\x6f\x6f\x72\x64\x69\x6e\x61\x74\x65"],
          [0x6, 0x2a, "\x73\x69\x6e\x67\x6c\x65"],
          [0x2d, 0x7, "\x64\x6f\x75\x62\x6c\x65"],
          [0x2b, 0x7, "\x63\x6f\x6f\x72\x64\x69\x6e\x61\x74\x65"],
          [0x7, 0x25, "\x73\x69\x6e\x67\x6c\x65"],
          [0x2e, 0x8, "\x64\x6f\x75\x62\x6c\x65"],
          [0x26, 0x8, "\x63\x6f\x6f\x72\x64\x69\x6e\x61\x74\x65"],
          [0x8, 0x2c, "\x73\x69\x6e\x67\x6c\x65"],
          [0x2f, 0x9, "\x64\x6f\x75\x62\x6c\x65"],
          [0x27, 0x9, "\x63\x6f\x6f\x72\x64\x69\x6e\x61\x74\x65"],
          [0x9, 0x2d, "\x73\x69\x6e\x67\x6c\x65"],
          [0x3e, 0xa, "\x64\x6f\x75\x62\x6c\x65"],
          [0x28, 0xa, "\x63\x6f\x6f\x72\x64\x69\x6e\x61\x74\x65"],
          [0xa, 0x2e, "\x73\x69\x6e\x67\x6c\x65"],
          [0x3f, 0xb, "\x64\x6f\x75\x62\x6c\x65"],
          [0x29, 0xb, "\x63\x6f\x6f\x72\x64\x69\x6e\x61\x74\x65"],
          [0xb, 0x2f, "\x73\x69\x6e\x67\x6c\x65"],
          [0x30, 0xc, "\x64\x6f\x75\x62\x6c\x65"],
          [0x32, 0xc, "\x63\x6f\x6f\x72\x64\x69\x6e\x61\x74\x65"],
          [0xc, 0x2a, "\x73\x69\x6e\x67\x6c\x65"],
          [0x31, 0xd, "\x64\x6f\x75\x62\x6c\x65"],
          [0x33, 0xd, "\x63\x6f\x6f\x72\x64\x69\x6e\x61\x74\x65"],
          [0xd, 0x2b, "\x73\x69\x6e\x67\x6c\x65"],
          [0x32, 0xe, "\x64\x6f\x75\x62\x6c\x65"],
          [0x34, 0xe, "\x63\x6f\x6f\x72\x64\x69\x6e\x61\x74\x65"],
          [0xe, 0x2c, "\x73\x69\x6e\x67\x6c\x65"],
          [0x33, 0xf, "\x64\x6f\x75\x62\x6c\x65"],
          [0x35, 0xf, "\x63\x6f\x6f\x72\x64\x69\x6e\x61\x74\x65"],
          [0xf, 0x2d, "\x73\x69\x6e\x67\x6c\x65"],
          [0x2e, 0x10, "\x64\x6f\x75\x62\x6c\x65"],
          [0x40, 0x10, "\x63\x6f\x6f\x72\x64\x69\x6e\x61\x74\x65"],
          [0x10, 0x34, "\x73\x69\x6e\x67\x6c\x65"],
          [0x2f, 0x11, "\x64\x6f\x75\x62\x6c\x65"],
          [0x41, 0x11, "\x63\x6f\x6f\x72\x64\x69\x6e\x61\x74\x65"],
          [0x11, 0x35, "\x73\x69\x6e\x67\x6c\x65"],
          [0x42, 0x12, "\x63\x6f\x6f\x72\x64\x69\x6e\x61\x74\x65"],
          [0x12, 0x1b, "\x64\x6f\x75\x62\x6c\x65"],
          [0x12, 0x1e, "\x73\x69\x6e\x67\x6c\x65"],
          [0x1b, 0x13, "\x63\x6f\x6f\x72\x64\x69\x6e\x61\x74\x65"],
          [0x13, 0x1c, "\x64\x6f\x75\x62\x6c\x65"],
          [0x13, 0x1f, "\x73\x69\x6e\x67\x6c\x65"],
          [0x1c, 0x14, "\x63\x6f\x6f\x72\x64\x69\x6e\x61\x74\x65"],
          [0x14, 0x1d, "\x64\x6f\x75\x62\x6c\x65"],
          [0x14, 0x20, "\x73\x69\x6e\x67\x6c\x65"],
          [0x43, 0x15, "\x63\x6f\x6f\x72\x64\x69\x6e\x61\x74\x65"],
          [0x15, 0x1e, "\x64\x6f\x75\x62\x6c\x65"],
          [0x15, 0x21, "\x73\x69\x6e\x67\x6c\x65"],
          [0x1e, 0x16, "\x63\x6f\x6f\x72\x64\x69\x6e\x61\x74\x65"],
          [0x16, 0x1f, "\x64\x6f\x75\x62\x6c\x65"],
          [0x16, 0x22, "\x73\x69\x6e\x67\x6c\x65"],
          [0x1f, 0x17, "\x63\x6f\x6f\x72\x64\x69\x6e\x61\x74\x65"],
          [0x17, 0x20, "\x64\x6f\x75\x62\x6c\x65"],
          [0x17, 0x23, "\x73\x69\x6e\x67\x6c\x65"],
          [0x44, 0x18, "\x63\x6f\x6f\x72\x64\x69\x6e\x61\x74\x65"],
          [0x18, 0x21, "\x64\x6f\x75\x62\x6c\x65"],
          [0x18, 0x45, "\x73\x69\x6e\x67\x6c\x65"],
          [0x21, 0x19, "\x63\x6f\x6f\x72\x64\x69\x6e\x61\x74\x65"],
          [0x19, 0x22, "\x64\x6f\x75\x62\x6c\x65"],
          [0x19, 0x46, "\x73\x69\x6e\x67\x6c\x65"],
          [0x22, 0x1a, "\x63\x6f\x6f\x72\x64\x69\x6e\x61\x74\x65"],
          [0x1a, 0x23, "\x64\x6f\x75\x62\x6c\x65"],
          [0x1a, 0x47, "\x73\x69\x6e\x67\x6c\x65"],
        ],
        "\x64\x65\x73\x63":
          "\x3c\x64\x69\x76\x20\x63\x6c\x61\x73\x73\x3d\x22\x69\x6e\x66\x6f\x2d\x73\x65\x63\x74\x69\x6f\x6e\x22\x3e\x3c\x64\x69\x76\x20\x63\x6c\x61\x73\x73\x3d\x22\x69\x6e\x66\x6f\x2d\x74\x69\x74\x6c\x65\x22\x3e\u2697\ufe0f\x20\u7269\u8cea\u6027\u8cea\x3c\x2f\x64\x69\x76\x3e\x3c\x64\x69\x76\x20\x63\x6c\x61\x73\x73\x3d\x22\x69\x6e\x66\x6f\x2d\x62\x6f\x64\x79\x22\x3e\x3c\x73\x70\x61\x6e\x20\x63\x6c\x61\x73\x73\x3d\x22\x68\x69\x67\x68\x6c\x69\x67\x68\x74\x2d\x74\x69\x74\x6c\x65\x22\x3e\x31\x2e\x20\u7acb\u9ad4\u7d50\u69cb\uff1a\x3c\x2f\x73\x70\x61\x6e\x3e\u516d\u65b9\u6c2e\u5316\u787c\x20\x28\x68\x2d\x42\x4e\x29\x20\u88ab\u7a31\u70ba\x3c\x73\x74\x72\x6f\x6e\x67\x3e\u300c\u767d\u77f3\u58a8\u300d\x3c\x2f\x73\x74\x72\x6f\x6e\x67\x3e\u3002\u5c64\u5167\u539f\u5b50\u63a1\x20\x3c\x73\x74\x72\x6f\x6e\x67\x3e\x73\x70\u00b2\x20\u6df7\u6210\x3c\x2f\x73\x74\x72\x6f\x6e\x67\x3e\u6210\u516d\u89d2\u7db2\u72c0\uff0c\u5c64\u9593\u9760\u51e1\u5f97\u74e6\u529b\u7d50\u5408\u3002\u8207\u77f3\u58a8\u4e0d\u540c\uff0c\x42\x20\u8207\x20\x4e\x20\u7684\u96fb\u8ca0\u5ea6\u5dee\u7570\u5c0e\u81f4\u96fb\u5b50\u8f03\u70ba\u5b9a\u57df\u5316\u3002\x3c\x62\x72\x3e\x3c\x73\x70\x61\x6e\x20\x63\x6c\x61\x73\x73\x3d\x22\x68\x69\x67\x68\x6c\x69\x67\x68\x74\x2d\x74\x69\x74\x6c\x65\x22\x3e\x32\x2e\x20\u7269\u7406\u7279\u6027\uff1a\x3c\x2f\x73\x70\x61\x6e\x3e\u8207\u77f3\u58a8\u6700\u5927\u7684\u4e0d\u540c\u5728\u65bc\u5b83\u662f\u512a\u826f\u7684\x3c\x73\x74\x72\x6f\x6e\x67\x3e\u96fb\u7d55\u7de3\u9ad4\x3c\x2f\x73\x74\x72\x6f\x6e\x67\x3e\u3002\u540c\u6642\u5177\u5099\u6975\u4f73\u7684\u8010\u9ad8\u6eab\u6027\u3001\u5316\u5b78\u7a69\u5b9a\u6027\u8207\u6f64\u6ed1\u6027\uff0c\u4e14\u5916\u89c0\u5448\u767d\u8272\u3002\x3c\x2f\x64\x69\x76\x3e\x3c\x2f\x64\x69\x76\x3e\x3c\x64\x69\x76\x20\x63\x6c\x61\x73\x73\x3d\x22\x69\x6e\x66\x6f\x2d\x73\x65\x63\x74\x69\x6f\x6e\x22\x20\x73\x74\x79\x6c\x65\x3d\x22\x6d\x61\x72\x67\x69\x6e\x2d\x74\x6f\x70\x3a\x20\x31\x32\x70\x78\x3b\x20\x62\x6f\x72\x64\x65\x72\x2d\x74\x6f\x70\x3a\x20\x31\x70\x78\x20\x64\x61\x73\x68\x65\x64\x20\x72\x67\x62\x61\x28\x32\x35\x35\x2c\x32\x35\x35\x2c\x32\x35\x35\x2c\x30\x2e\x32\x29\x3b\x20\x70\x61\x64\x64\x69\x6e\x67\x2d\x74\x6f\x70\x3a\x20\x31\x30\x70\x78\x3b\x22\x3e\x3c\x64\x69\x76\x20\x63\x6c\x61\x73\x73\x3d\x22\x69\x6e\x66\x6f\x2d\x74\x69\x74\x6c\x65\x22\x3e\ud83c\udfed\x20\u751f\u6d3b\u61c9\u7528\x3c\x2f\x64\x69\x76\x3e\x3c\x64\x69\x76\x20\x63\x6c\x61\x73\x73\x3d\x22\x69\x6e\x66\x6f\x2d\x62\x6f\x64\x79\x22\x3e\x3c\x73\x70\x61\x6e\x20\x63\x6c\x61\x73\x73\x3d\x22\x68\x69\x67\x68\x6c\x69\x67\x68\x74\x2d\x74\x69\x74\x6c\x65\x22\x3e\x31\x2e\x20\u9ad8\u6eab\u6f64\u6ed1\u5291\uff1a\x3c\x2f\x73\x70\x61\x6e\x3e\u5728\u77f3\u58a8\u5931\u6548\u7684\u9ad8\u6eab\u74b0\u5883\u4e0b\uff0c\x68\x2d\x42\x4e\x20\u4ecd\u80fd\u63d0\u4f9b\u7a69\u5b9a\u7684\u6f64\u6ed1\u6548\u679c\uff0c\u5e38\u7528\u65bc\u822a\u592a\u8207\u9444\u9020\u696d\u3002\x3c\x62\x72\x3e\x3c\x73\x70\x61\x6e\x20\x63\x6c\x61\x73\x73\x3d\x22\x68\x69\x67\x68\x6c\x69\x67\x68\x74\x2d\x74\x69\x74\x6c\x65\x22\x3e\x32\x2e\x20\u5316\u599d\u54c1\u6dfb\u52a0\uff1a\x3c\x2f\x73\x70\x61\x6e\x3e\u7531\u65bc\u5176\u7d30\u81a9\u7684\u7c89\u672b\u611f\u8207\u5b89\u5168\u6027\uff0c\u88ab\u5ee3\u6cdb\u7528\u65bc\u7c89\u9905\u8207\u773c\u5f71\u4e2d\u4ee5\u589e\u52a0\u5ef6\u5c55\u6027\u3002\x3c\x2f\x64\x69\x76\x3e\x3c\x2f\x64\x69\x76\x3e",
      },
    },
    null,
    "\x2d",
    "\x70\x6f\x6c\x79\x6d\x6f\x72\x70\x68",
  ),
  addMol(
    "\x43\x33\x36\x7c\u78b3\x33\x36\x7c\u5bcc\u52d2\u70ef",
    "\x43",
    "\x73\x70\u00b3",
    ["\u7c60\u72c0\u7d50\u69cb\x20\x28\x31\x32\u500b\u4e94\u908a\u5f62\x2c\x20\x38\u500b\u516d\u908a\u5f62\x29", "\x43\x61\x67\x65\x20\x28\x31\x32\x20\x50\x65\x6e\x74\x61\x67\x6f\x6e\x73\x2c\x20\x38\x20\x48\x65\x78\x61\x67\x6f\x6e\x73\x29"],
    "\x31\x32\x30\u00b0\x20\x28\u5f4e\u66f2\x29",
    "\x4e\x2f\x41\x20\x28\u6607\u83ef\x29",
    "\x4e\x2f\x41",
    [
      { "\x65\x6c\x65\x6d": "\x43", "\x78": 0x3f, "\x79": 0x32, "\x7a": -0x57 },
      { "\x65\x6c\x65\x6d": "\x43", "\x78": -0x3f, "\x79": 0x32, "\x7a": -0x57 },
      { "\x65\x6c\x65\x6d": "\x43", "\x78": -0x1f, "\x79": 0x60, "\x7a": -0x38 },
      { "\x65\x6c\x65\x6d": "\x43", "\x78": 0x20, "\x79": 0x60, "\x7a": -0x37 },
      { "\x65\x6c\x65\x6d": "\x43", "\x78": 0x72, "\x79": 0x1f, "\x7a": -0x36 },
      { "\x65\x6c\x65\x6d": "\x43", "\x78": 0x73, "\x79": -0x20, "\x7a": -0x37 },
      { "\x65\x6c\x65\x6d": "\x43", "\x78": 0x72, "\x79": -0x40, "\x7a": 0x0 },
      { "\x65\x6c\x65\x6d": "\x43", "\x78": 0x72, "\x79": 0x3f, "\x7a": 0x0 },
      { "\x65\x6c\x65\x6d": "\x43", "\x78": 0x71, "\x79": 0x1f, "\x7a": 0x36 },
      { "\x65\x6c\x65\x6d": "\x43", "\x78": 0x71, "\x79": -0x20, "\x7a": 0x36 },
      { "\x65\x6c\x65\x6d": "\x43", "\x78": -0x20, "\x79": 0x5f, "\x7a": 0x37 },
      { "\x65\x6c\x65\x6d": "\x43", "\x78": 0x20, "\x79": 0x60, "\x7a": 0x38 },
      { "\x65\x6c\x65\x6d": "\x43", "\x78": 0x40, "\x79": 0x65, "\x7a": 0x0 },
      { "\x65\x6c\x65\x6d": "\x43", "\x78": -0x40, "\x79": 0x63, "\x7a": -0x1 },
      { "\x65\x6c\x65\x6d": "\x43", "\x78": 0x20, "\x79": -0x60, "\x7a": 0x38 },
      { "\x65\x6c\x65\x6d": "\x43", "\x78": 0x3f, "\x79": -0x65, "\x7a": 0x0 },
      { "\x65\x6c\x65\x6d": "\x43", "\x78": -0x1f, "\x79": -0x5f, "\x7a": 0x38 },
      { "\x65\x6c\x65\x6d": "\x43", "\x78": 0x40, "\x79": -0x32, "\x7a": 0x58 },
      { "\x65\x6c\x65\x6d": "\x43", "\x78": 0x20, "\x79": -0x60, "\x7a": -0x38 },
      { "\x65\x6c\x65\x6d": "\x43", "\x78": 0x40, "\x79": -0x32, "\x7a": -0x58 },
      { "\x65\x6c\x65\x6d": "\x43", "\x78": -0x1f, "\x79": -0x5f, "\x7a": -0x38 },
      { "\x65\x6c\x65\x6d": "\x43", "\x78": -0x3f, "\x79": -0x63, "\x7a": 0x0 },
      { "\x65\x6c\x65\x6d": "\x43", "\x78": -0x40, "\x79": -0x32, "\x7a": -0x57 },
      { "\x65\x6c\x65\x6d": "\x43", "\x78": -0x20, "\x79": 0x0, "\x7a": -0x70 },
      { "\x65\x6c\x65\x6d": "\x43", "\x78": 0x20, "\x79": 0x0, "\x7a": -0x70 },
      { "\x65\x6c\x65\x6d": "\x43", "\x78": -0x72, "\x79": -0x3e, "\x7a": -0x1 },
      { "\x65\x6c\x65\x6d": "\x43", "\x78": -0x73, "\x79": -0x1f, "\x7a": -0x37 },
      { "\x65\x6c\x65\x6d": "\x43", "\x78": -0x73, "\x79": 0x20, "\x7a": -0x37 },
      { "\x65\x6c\x65\x6d": "\x43", "\x78": -0x71, "\x79": -0x20, "\x7a": 0x37 },
      { "\x65\x6c\x65\x6d": "\x43", "\x78": 0x20, "\x79": 0x0, "\x7a": 0x71 },
      { "\x65\x6c\x65\x6d": "\x43", "\x78": -0x20, "\x79": 0x0, "\x7a": 0x70 },
      { "\x65\x6c\x65\x6d": "\x43", "\x78": -0x3f, "\x79": -0x32, "\x7a": 0x58 },
      { "\x65\x6c\x65\x6d": "\x43", "\x78": 0x3f, "\x79": 0x32, "\x7a": 0x58 },
      { "\x65\x6c\x65\x6d": "\x43", "\x78": -0x40, "\x79": 0x32, "\x7a": 0x57 },
      { "\x65\x6c\x65\x6d": "\x43", "\x78": -0x73, "\x79": 0x20, "\x7a": 0x36 },
      { "\x65\x6c\x65\x6d": "\x43", "\x78": -0x74, "\x79": 0x3f, "\x7a": 0x0 },
    ],
    [
      [0x0, 0x4],
      [0x0, 0x3, "\x64\x6f\x75\x62\x6c\x65"],
      [0x0, 0x18],
      [0x1, 0x1b],
      [0x1, 0x2, "\x64\x6f\x75\x62\x6c\x65"],
      [0x1, 0x17],
      [0x2, 0x3],
      [0x2, 0xd],
      [0x3, 0xc],
      [0x4, 0x7],
      [0x4, 0x5, "\x64\x6f\x75\x62\x6c\x65"],
      [0x5, 0x6],
      [0x5, 0x13],
      [0x6, 0xf],
      [0x6, 0x9, "\x64\x6f\x75\x62\x6c\x65"],
      [0x7, 0xc, "\x64\x6f\x75\x62\x6c\x65"],
      [0x7, 0x8],
      [0x8, 0x20, "\x64\x6f\x75\x62\x6c\x65"],
      [0x8, 0x9],
      [0xa, 0xb, "\x64\x6f\x75\x62\x6c\x65"],
      [0xa, 0x21],
      [0xa, 0xd],
      [0xb, 0xc],
      [0xb, 0x20],
      [0xd, 0x23, "\x64\x6f\x75\x62\x6c\x65"],
      [0xe, 0x10, "\x64\x6f\x75\x62\x6c\x65"],
      [0xe, 0x11],
      [0xe, 0xf],
      [0xf, 0x12, "\x64\x6f\x75\x62\x6c\x65"],
      [0x10, 0x15],
      [0x11, 0x9],
      [0x11, 0x1d],
      [0x12, 0x14],
      [0x12, 0x13],
      [0x13, 0x18, "\x64\x6f\x75\x62\x6c\x65"],
      [0x14, 0x15, "\x64\x6f\x75\x62\x6c\x65"],
      [0x14, 0x16],
      [0x15, 0x19],
      [0x16, 0x1a],
      [0x16, 0x17, "\x64\x6f\x75\x62\x6c\x65"],
      [0x17, 0x18],
      [0x19, 0x1a],
      [0x19, 0x1c, "\x64\x6f\x75\x62\x6c\x65"],
      [0x1a, 0x1b, "\x64\x6f\x75\x62\x6c\x65"],
      [0x1b, 0x23],
      [0x1c, 0x1f],
      [0x1c, 0x22],
      [0x1d, 0x1e, "\x64\x6f\x75\x62\x6c\x65"],
      [0x1d, 0x20],
      [0x1e, 0x1f],
      [0x1e, 0x21],
      [0x1f, 0x10],
      [0x21, 0x22, "\x64\x6f\x75\x62\x6c\x65"],
      [0x22, 0x23],
    ],
    null,
    "\x3c\x64\x69\x76\x20\x63\x6c\x61\x73\x73\x3d\x22\x69\x6e\x66\x6f\x2d\x73\x65\x63\x74\x69\x6f\x6e\x22\x3e\x0a\x20\x20\x20\x20\x20\x20\x20\x20\x3c\x64\x69\x76\x20\x63\x6c\x61\x73\x73\x3d\x22\x69\x6e\x66\x6f\x2d\x74\x69\x74\x6c\x65\x22\x3e\u2697\ufe0f\x20\u7269\u8cea\u6027\u8cea\x3c\x2f\x64\x69\x76\x3e\x0a\x20\x20\x20\x20\x20\x20\x20\x20\x3c\x64\x69\x76\x20\x63\x6c\x61\x73\x73\x3d\x22\x69\x6e\x66\x6f\x2d\x62\x6f\x64\x79\x22\x3e\x0a\x20\x20\x20\x20\x20\x20\x20\x20\x20\x20\x20\x20\x3c\x73\x70\x61\x6e\x20\x63\x6c\x61\x73\x73\x3d\x22\x68\x69\x67\x68\x6c\x69\x67\x68\x74\x2d\x74\x69\x74\x6c\x65\x22\x3e\x31\x2e\x20\u7acb\u9ad4\u7d50\u69cb\uff1a\x3c\x2f\x73\x70\x61\x6e\x3e\x43\x33\x36\x20\u5c6c\u65bc\x3c\x73\x74\x72\x6f\x6e\x67\x3e\u5bcc\u52d2\u70ef\x20\x28\x46\x75\x6c\x6c\x65\x72\x65\x6e\x65\x73\x29\x3c\x2f\x73\x74\x72\x6f\x6e\x67\x3e\x20\u5bb6\u65cf\u4e2d\u7684\u5c0f\u5c3a\u5bf8\u6210\u54e1\u3002\u5176\u7d50\u69cb\u7531\x20\x33\x36\x20\u500b\u78b3\u539f\u5b50\u7d44\u6210\u5c01\u9589\u7c60\u72c0\uff0c\u6839\u64da\u6b50\u62c9\u5b9a\u5f8b\u5305\u542b\x20\x3c\x73\x74\x72\x6f\x6e\x67\x3e\x31\x32\x20\u500b\u4e94\u908a\u5f62\x3c\x2f\x73\x74\x72\x6f\x6e\x67\x3e\u8207\x20\x3c\x73\x74\x72\x6f\x6e\x67\x3e\x38\x20\u500b\u516d\u908a\u5f62\x3c\x2f\x73\x74\x72\x6f\x6e\x67\x3e\u3002\u8207\x20\x43\x36\x30\x20\u76f8\u6bd4\uff0c\x43\x33\x36\x20\u7684\u8868\u9762\u66f2\u7387\u66f4\u5927\uff0c\u5c0e\u81f4\u5176\u78b3\u539f\u5b50\u96d6\u7136\u63a5\u8fd1\x20\x3c\x73\x74\x72\x6f\x6e\x67\x3e\x73\x70\u00b2\x20\u6df7\u6210\x3c\x2f\x73\x74\x72\x6f\x6e\x67\x3e\uff0c\u4f46\u5e36\u6709\u660e\u986f\u7684\u5f35\u529b\u3002\x3c\x62\x72\x3e\x0a\x20\x20\x20\x20\x20\x20\x20\x20\x20\x20\x20\x20\x3c\x73\x70\x61\x6e\x20\x63\x6c\x61\x73\x73\x3d\x22\x68\x69\x67\x68\x6c\x69\x67\x68\x74\x2d\x74\x69\x74\x6c\x65\x22\x3e\x32\x2e\x20\u7269\u7406\u6027\u8cea\uff1a\x3c\x2f\x73\x70\x61\x6e\x3e\u901a\u5e38\u5448\u6df1\u8272\u56fa\u9ad4\uff0c\u5177\u6709\u9ad8\u5ea6\u7684\u5316\u5b78\u6d3b\u6027\u80fd\u5920\u9032\u884c\u52a0\u6210\u53cd\u61c9\u3002\u7531\u65bc\u5176\u5c0d\u7a31\u6027\uff08\u6b64\u6a21\u578b\u70ba\x20\x3c\x73\x74\x72\x6f\x6e\x67\x3e\x44\x36\x68\x3c\x2f\x73\x74\x72\x6f\x6e\x67\x3e\uff09\uff0c\u96fb\u5b50\u96f2\u5206\u5e03\u5448\u73fe\u7368\u7279\u7684\u96fb\u5b50\u7279\u6027\uff0c\u88ab\u8a8d\u70ba\u5728\u8d85\u5c0e\u9ad4\u6750\u6599\u958b\u767c\u4e2d\u5177\u6709\u6f5b\u529b\u3002\x3c\x62\x72\x3e\x0a\x20\x20\x20\x20\x20\x20\x20\x20\x20\x20\x20\x20\x3c\x73\x70\x61\x6e\x20\x63\x6c\x61\x73\x73\x3d\x22\x68\x69\x67\x68\x6c\x69\x67\x68\x74\x2d\x74\x69\x74\x6c\x65\x22\x3e\x33\x2e\x20\u5e7e\u4f55\u7a69\u5b9a\u6027\uff1a\x3c\x2f\x73\x70\x61\x6e\x3e\u5728\x20\x43\x33\x36\x20\u7684\u7d50\u69cb\u4e2d\uff0c\u4e94\u908a\u5f62\u76f8\u4e92\u9130\u63a5\u7684\u6a5f\u7387\u8f03\u9ad8\uff08\u9055\u53cd\u96e2\u6563\u4e94\u908a\u5f62\u898f\u5247\x20\x49\x50\x52\uff09\uff0c\u9019\u4f7f\u5f97\u5b83\u6bd4\x20\x43\x36\x30\x20\u66f4\u4e0d\u7a69\u5b9a\uff0c\u4f46\u5728\u7279\u5b9a\u689d\u4ef6\u4e0b\uff08\u5982\u6c23\u76f8\u5408\u6210\uff09\u4ecd\u53ef\u7a69\u5b9a\u5b58\u5728\u3002\x0a\x20\x20\x20\x20\x20\x20\x20\x20\x3c\x2f\x64\x69\x76\x3e\x0a\x20\x20\x20\x20\x3c\x2f\x64\x69\x76\x3e\x0a\x20\x20\x20\x20\x3c\x64\x69\x76\x20\x63\x6c\x61\x73\x73\x3d\x22\x69\x6e\x66\x6f\x2d\x73\x65\x63\x74\x69\x6f\x6e\x22\x20\x73\x74\x79\x6c\x65\x3d\x22\x6d\x61\x72\x67\x69\x6e\x2d\x74\x6f\x70\x3a\x20\x31\x32\x70\x78\x3b\x20\x62\x6f\x72\x64\x65\x72\x2d\x74\x6f\x70\x3a\x20\x31\x70\x78\x20\x64\x61\x73\x68\x65\x64\x20\x72\x67\x62\x61\x28\x32\x35\x35\x2c\x32\x35\x35\x2c\x32\x35\x35\x2c\x30\x2e\x32\x29\x3b\x20\x70\x61\x64\x64\x69\x6e\x67\x2d\x74\x6f\x70\x3a\x20\x31\x30\x70\x78\x3b\x22\x3e\x0a\x20\x20\x20\x20\x20\x20\x20\x20\x3c\x64\x69\x76\x20\x63\x6c\x61\x73\x73\x3d\x22\x69\x6e\x66\x6f\x2d\x74\x69\x74\x6c\x65\x22\x3e\ud83c\udfed\x20\u751f\u6d3b\u61c9\u7528\x3c\x2f\x64\x69\x76\x3e\x0a\x20\x20\x20\x20\x20\x20\x20\x20\x3c\x64\x69\x76\x20\x63\x6c\x61\x73\x73\x3d\x22\x69\x6e\x66\x6f\x2d\x62\x6f\x64\x79\x22\x3e\x0a\x20\x20\x20\x20\x20\x20\x20\x20\x20\x20\x20\x20\x3c\x73\x70\x61\x6e\x20\x63\x6c\x61\x73\x73\x3d\x22\x68\x69\x67\x68\x6c\x69\x67\x68\x74\x2d\x74\x69\x74\x6c\x65\x22\x3e\x31\x2e\x20\u5948\u7c73\u96fb\u5b50\u5143\u4ef6\uff1a\x3c\x2f\x73\x70\x61\x6e\x3e\u7531\u65bc\x20\x43\x33\x36\x20\u7684\u7368\u7279\u66f2\u7387\u8207\u96e2\u57df\u96fb\u5b50\u7279\u6027\uff0c\u79d1\u5b78\u5bb6\u6b63\u7814\u7a76\u5176\u4f5c\u70ba\u5948\u7c73\u7d1a\x3c\x73\x74\x72\x6f\x6e\x67\x3e\u5206\u5b50\u5143\u4ef6\x3c\x2f\x73\x74\x72\x6f\x6e\x67\x3e\u7684\u53ef\u80fd\u6027\uff0c\u4f8b\u5982\u5834\u6548\u96fb\u6676\u9ad4\u6216\u91cf\u5b50\u9ede\u6750\u6599\u3002\x3c\x62\x72\x3e\x0a\x20\x20\x20\x20\x20\x20\x20\x20\x20\x20\x20\x20\x3c\x73\x70\x61\x6e\x20\x63\x6c\x61\x73\x73\x3d\x22\x68\x69\x67\x68\x6c\x69\x67\x68\x74\x2d\x74\x69\x74\x6c\x65\x22\x3e\x32\x2e\x20\u8d85\u5c0e\u6750\u6599\u524d\u9a45\u7269\uff1a\x3c\x2f\x73\x70\x61\x6e\x3e\u5982\u540c\u647b\u96dc\u9e7c\u91d1\u5c6c\u7684\x20\x43\x36\x30\uff0c\x43\x33\x36\x20\u5728\u7279\u5b9a\u6392\u5217\u4e0b\u53ef\u5c55\u73fe\u51fa\u9ad8\u81e8\u754c\u6eab\u5ea6\u7684\x3c\x73\x74\x72\x6f\x6e\x67\x3e\u8d85\u5c0e\u6027\x3c\x2f\x73\x74\x72\x6f\x6e\x67\x3e\uff0c\u662f\u672a\u4f86\u4f4e\u640d\u8017\u8f38\u96fb\u8207\u91cf\u5b50\u8a08\u7b97\u7684\u91cd\u8981\u5019\u9078\u6750\u6599\u3002\x3c\x62\x72\x3e\x0a\x20\x20\x20\x20\x20\x20\x20\x20\x20\x20\x20\x20\x3c\x73\x70\x61\x6e\x20\x63\x6c\x61\x73\x73\x3d\x22\x68\x69\x67\x68\x6c\x69\x67\x68\x74\x2d\x74\x69\x74\x6c\x65\x22\x3e\x33\x2e\x20\u9ad8\u80fd\u71c3\u6599\u6dfb\u52a0\u5291\uff1a\x3c\x2f\x73\x70\x61\x6e\x3e\u78b3\u7c60\u7d50\u69cb\u5132\u5b58\u4e86\u5927\u91cf\u7684\u5316\u5b78\u80fd\uff0c\u5728\u6975\u7aef\u689d\u4ef6\u4e0b\u7684\u71c3\u71d2\u6548\u7387\u6975\u9ad8\uff0c\u76ee\u524d\u6b63\u63a2\u7d22\u5176\u5728\u822a\u7a7a\u822a\u5929\u63a8\u9032\u5291\u4e2d\u7684\u61c9\u7528\u50f9\u503c\u3002\x0a\x20\x20\x20\x20\x20\x20\x20\x20\x3c\x2f\x64\x69\x76\x3e\x0a\x20\x20\x20\x20\x3c\x2f\x64\x69\x76\x3e",
    "\x44\x36\x68",
  ),
  addMol(
    "\x43\x34\x30\x7c\u78b3\x34\x30\x7c\u5bcc\u52d2\u70ef",
    "\x43",
    "\x73\x70\u00b2",
    ["\u7c60\u72c0\u7d50\u69cb\x20\x28\x31\x32\u500b\u4e94\u908a\u5f62\x2c\x20\x31\x30\u500b\u516d\u908a\u5f62\x29", "\x43\x61\x67\x65\x20\x28\x31\x32\x20\x50\x65\x6e\x74\x61\x67\x6f\x6e\x73\x2c\x20\x31\x30\x20\x48\x65\x78\x61\x67\x6f\x6e\x73\x29"],
    "\x31\x32\x30\u00b0\x20\x28\u5f4e\u66f2\x29",
    "\x4e\x2f\x41\x20\x28\u6607\u83ef\x29",
    "\x4e\x2f\x41",
    [
      { "\x65\x6c\x65\x6d": "\x43", "\x78": 0x72, "\x79": 0x35, "\x7a": 0x2e },
      { "\x65\x6c\x65\x6d": "\x43", "\x78": 0x87, "\x79": 0x0, "\x7a": 0x18 },
      { "\x65\x6c\x65\x6d": "\x43", "\x78": 0x72, "\x79": -0x35, "\x7a": 0x2e },
      { "\x65\x6c\x65\x6d": "\x43", "\x78": 0x40, "\x79": -0x37, "\x7a": 0x56 },
      { "\x65\x6c\x65\x6d": "\x43", "\x78": 0x21, "\x79": 0x0, "\x7a": 0x69 },
      { "\x65\x6c\x65\x6d": "\x43", "\x78": 0x40, "\x79": 0x37, "\x7a": 0x56 },
      { "\x65\x6c\x65\x6d": "\x43", "\x78": 0x33, "\x79": -0x7c, "\x7a": 0xb },
      { "\x65\x6c\x65\x6d": "\x43", "\x78": 0x66, "\x79": -0x5b, "\x7a": -0x3 },
      { "\x65\x6c\x65\x6d": "\x43", "\x78": -0x1f, "\x79": -0x68, "\x7a": 0x43 },
      { "\x65\x6c\x65\x6d": "\x43", "\x78": 0x1e, "\x79": -0x68, "\x7a": 0x43 },
      { "\x65\x6c\x65\x6d": "\x43", "\x78": -0x41, "\x79": 0x38, "\x7a": 0x56 },
      { "\x65\x6c\x65\x6d": "\x43", "\x78": -0x23, "\x79": 0x0, "\x7a": 0x69 },
      { "\x65\x6c\x65\x6d": "\x43", "\x78": -0x42, "\x79": -0x38, "\x7a": 0x57 },
      { "\x65\x6c\x65\x6d": "\x43", "\x78": 0x83, "\x79": 0x0, "\x7a": -0x27 },
      { "\x65\x6c\x65\x6d": "\x43", "\x78": 0x6b, "\x79": 0x39, "\x7a": -0x38 },
      { "\x65\x6c\x65\x6d": "\x43", "\x78": 0x36, "\x79": 0x39, "\x7a": -0x5c },
      { "\x65\x6c\x65\x6d": "\x43", "\x78": 0x6b, "\x79": -0x39, "\x7a": -0x38 },
      { "\x65\x6c\x65\x6d": "\x43", "\x78": 0x36, "\x79": -0x39, "\x7a": -0x5c },
      { "\x65\x6c\x65\x6d": "\x43", "\x78": 0x1f, "\x79": 0x0, "\x7a": -0x6d },
      { "\x65\x6c\x65\x6d": "\x43", "\x78": 0x0, "\x79": -0x82, "\x7a": -0x1a },
      { "\x65\x6c\x65\x6d": "\x43", "\x78": 0x0, "\x79": -0x5c, "\x7a": -0x4f },
      { "\x65\x6c\x65\x6d": "\x43", "\x78": 0x34, "\x79": 0x7d, "\x7a": 0xb },
      { "\x65\x6c\x65\x6d": "\x43", "\x78": 0x0, "\x79": 0x82, "\x7a": -0x1a },
      { "\x65\x6c\x65\x6d": "\x43", "\x78": 0x66, "\x79": 0x5c, "\x7a": -0x3 },
      { "\x65\x6c\x65\x6d": "\x43", "\x78": 0x1, "\x79": 0x5c, "\x7a": -0x4f },
      { "\x65\x6c\x65\x6d": "\x43", "\x78": -0x34, "\x79": 0x39, "\x7a": -0x5c },
      { "\x65\x6c\x65\x6d": "\x43", "\x78": -0x33, "\x79": 0x7d, "\x7a": 0xb },
      { "\x65\x6c\x65\x6d": "\x43", "\x78": -0x65, "\x79": 0x5b, "\x7a": -0x2 },
      { "\x65\x6c\x65\x6d": "\x43", "\x78": -0x68, "\x79": 0x38, "\x7a": -0x37 },
      { "\x65\x6c\x65\x6d": "\x43", "\x78": -0x1e, "\x79": 0x0, "\x7a": -0x6e },
      { "\x65\x6c\x65\x6d": "\x43", "\x78": -0x1e, "\x79": 0x69, "\x7a": 0x43 },
      { "\x65\x6c\x65\x6d": "\x43", "\x78": 0x1e, "\x79": 0x69, "\x7a": 0x43 },
      { "\x65\x6c\x65\x6d": "\x43", "\x78": -0x35, "\x79": -0x39, "\x7a": -0x5c },
      { "\x65\x6c\x65\x6d": "\x43", "\x78": -0x68, "\x79": -0x38, "\x7a": -0x36 },
      { "\x65\x6c\x65\x6d": "\x43", "\x78": -0x81, "\x79": 0x0, "\x7a": -0x24 },
      { "\x65\x6c\x65\x6d": "\x43", "\x78": -0x33, "\x79": -0x7d, "\x7a": 0xb },
      { "\x65\x6c\x65\x6d": "\x43", "\x78": -0x66, "\x79": -0x5b, "\x7a": -0x1 },
      { "\x65\x6c\x65\x6d": "\x43", "\x78": -0x74, "\x79": 0x35, "\x7a": 0x2f },
      { "\x65\x6c\x65\x6d": "\x43", "\x78": -0x8a, "\x79": 0x0, "\x7a": 0x1a },
      { "\x65\x6c\x65\x6d": "\x43", "\x78": -0x75, "\x79": -0x36, "\x7a": 0x30 },
    ],
    [
      [0x0, 0x1],
      [0x0, 0x17, "\x64\x6f\x75\x62\x6c\x65"],
      [0x0, 0x5],
      [0x1, 0x2, "\x64\x6f\x75\x62\x6c\x65"],
      [0x1, 0xd],
      [0x2, 0x7],
      [0x2, 0x3],
      [0x3, 0x9, "\x64\x6f\x75\x62\x6c\x65"],
      [0x3, 0x4],
      [0x4, 0x5, "\x64\x6f\x75\x62\x6c\x65"],
      [0x4, 0xb],
      [0x5, 0x1f],
      [0x6, 0x7, "\x64\x6f\x75\x62\x6c\x65"],
      [0x6, 0x9],
      [0x6, 0x13],
      [0x7, 0x10],
      [0x8, 0x9],
      [0x8, 0xc, "\x64\x6f\x75\x62\x6c\x65"],
      [0x8, 0x23],
      [0xa, 0x1e],
      [0xa, 0x25],
      [0xa, 0xb, "\x64\x6f\x75\x62\x6c\x65"],
      [0xb, 0xc],
      [0xc, 0x27],
      [0xd, 0xe, "\x64\x6f\x75\x62\x6c\x65"],
      [0xd, 0x10],
      [0xe, 0x17],
      [0xe, 0xf],
      [0xf, 0x12],
      [0xf, 0x18, "\x64\x6f\x75\x62\x6c\x65"],
      [0x10, 0x11, "\x64\x6f\x75\x62\x6c\x65"],
      [0x11, 0x12],
      [0x11, 0x14],
      [0x12, 0x1d, "\x64\x6f\x75\x62\x6c\x65"],
      [0x13, 0x23, "\x64\x6f\x75\x62\x6c\x65"],
      [0x13, 0x14],
      [0x14, 0x20, "\x64\x6f\x75\x62\x6c\x65"],
      [0x15, 0x17],
      [0x15, 0x1f],
      [0x15, 0x16, "\x64\x6f\x75\x62\x6c\x65"],
      [0x16, 0x18],
      [0x18, 0x19],
      [0x19, 0x1d],
      [0x19, 0x1c, "\x64\x6f\x75\x62\x6c\x65"],
      [0x1a, 0x16],
      [0x1a, 0x1b],
      [0x1a, 0x1e],
      [0x1b, 0x25],
      [0x1b, 0x1c],
      [0x1c, 0x22],
      [0x1d, 0x20],
      [0x1e, 0x1f, "\x64\x6f\x75\x62\x6c\x65"],
      [0x20, 0x21],
      [0x21, 0x24],
      [0x21, 0x22, "\x64\x6f\x75\x62\x6c\x65"],
      [0x22, 0x26],
      [0x23, 0x24],
      [0x24, 0x27, "\x64\x6f\x75\x62\x6c\x65"],
      [0x25, 0x26, "\x64\x6f\x75\x62\x6c\x65"],
      [0x26, 0x27],
    ],
    null,
    "\x3c\x64\x69\x76\x20\x63\x6c\x61\x73\x73\x3d\x22\x69\x6e\x66\x6f\x2d\x73\x65\x63\x74\x69\x6f\x6e\x22\x3e\x0a\x20\x20\x20\x20\x20\x20\x20\x20\x3c\x64\x69\x76\x20\x63\x6c\x61\x73\x73\x3d\x22\x69\x6e\x66\x6f\x2d\x74\x69\x74\x6c\x65\x22\x3e\u2697\ufe0f\x20\u7269\u8cea\u6027\u8cea\x3c\x2f\x64\x69\x76\x3e\x0a\x20\x20\x20\x20\x20\x20\x20\x20\x3c\x64\x69\x76\x20\x63\x6c\x61\x73\x73\x3d\x22\x69\x6e\x66\x6f\x2d\x62\x6f\x64\x79\x22\x3e\x0a\x20\x20\x20\x20\x20\x20\x20\x20\x20\x20\x20\x20\x3c\x73\x70\x61\x6e\x20\x63\x6c\x61\x73\x73\x3d\x22\x68\x69\x67\x68\x6c\x69\x67\x68\x74\x2d\x74\x69\x74\x6c\x65\x22\x3e\x31\x2e\x20\u7acb\u9ad4\u7d50\u69cb\uff1a\x3c\x2f\x73\x70\x61\x6e\x3e\x43\x34\x30\x20\u662f\u9ad8\u5ea6\u5c0d\u7a31\u7684\u7c60\u72c0\u78b3\u7c07\uff0c\u5c6c\u65bc\x3c\x73\x74\x72\x6f\x6e\x67\x3e\u5bcc\u52d2\u70ef\x20\x28\x46\x75\x6c\x6c\x65\x72\x65\x6e\x65\x73\x29\x3c\x2f\x73\x74\x72\x6f\x6e\x67\x3e\x20\u5bb6\u65cf\u3002\u7d50\u69cb\u5305\u542b\x20\x3c\x73\x74\x72\x6f\x6e\x67\x3e\x31\x32\x20\u500b\u4e94\u908a\u5f62\x3c\x2f\x73\x74\x72\x6f\x6e\x67\x3e\u8207\x20\x3c\x73\x74\x72\x6f\x6e\x67\x3e\x31\x30\x20\u500b\u516d\u908a\u5f62\x3c\x2f\x73\x74\x72\x6f\x6e\x67\x3e\u3002\u5176\u539f\u5b50\u63a1\u53d6\x20\x3c\x73\x74\x72\x6f\x6e\x67\x3e\x73\x70\u00b2\x20\u6df7\u6210\x3c\x2f\x73\x74\x72\x6f\x6e\x67\x3e\uff0c\u4f46\u7531\u65bc\u7c60\u5f91\u8f03\u5c0f\uff0c\u78b3\u67b6\u69cb\u5e36\u6709\u5f37\u70c8\u7684\u5f35\u529b\uff0c\u4f7f\u5176\u5316\u5b78\u6d3b\u6027\u9ad8\u65bc\u8457\u540d\u7684\x20\x43\x36\x30\u3002\x3c\x62\x72\x3e\x0a\x20\x20\x20\x20\x20\x20\x20\x20\x20\x20\x20\x20\x3c\x73\x70\x61\x6e\x20\x63\x6c\x61\x73\x73\x3d\x22\x68\x69\x67\x68\x6c\x69\x67\x68\x74\x2d\x74\x69\x74\x6c\x65\x22\x3e\x32\x2e\x20\u7269\u7406\u6027\u8cea\uff1a\x3c\x2f\x73\x70\x61\x6e\x3e\u5728\u9ad8\u6eab\u8207\u9ad8\u58d3\u74b0\u5883\u4e0b\u5408\u6210\uff0c\u5916\u89c0\u901a\u5e38\u5448\u6697\u8910\u8272\u6216\u9ed1\u8272\u56fa\u9ad4\u3002\u5177\u6709\u534a\u5c0e\u9ad4\u7279\u6027\uff0c\u4e14\u96fb\u5b50\u89aa\u548c\u529b\u5f37\u3002\u7531\u65bc\u5176\u7279\u6b8a\u7684\x20\x3c\x73\x74\x72\x6f\x6e\x67\x3e\x43\x32\x76\x20\u5c0d\u7a31\u6027\x3c\x2f\x73\x74\x72\x6f\x6e\x67\x3e\uff0c\u96fb\u5b50\u5728\u8868\u9762\u5206\u5e03\u5177\u6709\u7279\u5b9a\u7684\u4e0d\u5747\u52fb\u6027\u3002\x3c\x62\x72\x3e\x0a\x20\x20\x20\x20\x20\x20\x20\x20\x20\x20\x20\x20\x3c\x73\x70\x61\x6e\x20\x63\x6c\x61\x73\x73\x3d\x22\x68\x69\x67\x68\x6c\x69\x67\x68\x74\x2d\x74\x69\x74\x6c\x65\x22\x3e\x33\x2e\x20\u5206\u5b50\u7279\u6027\uff1a\x3c\x2f\x73\x70\x61\x6e\x3e\x43\x34\x30\x20\u7684\u7a69\u5b9a\u6027\u53d7\u300c\u96e2\u6563\u4e94\u908a\u5f62\u898f\u5247\u300d\x28\x49\x50\x52\x29\x20\u9650\u5236\uff0c\u96d6\u7136\u8f03\u4e0d\u7a69\u5b9a\uff0c\u4f46\u5728\u7c60\u5167\u586b\u5145\u7279\u5b9a\u539f\u5b50\uff08\u5982\u91d1\u5c6c\u946d\uff09\u5f62\u6210\u5167\u5d4c\u5bcc\u52d2\u70ef\u6642\uff0c\u7a69\u5b9a\u6027\u6703\u986f\u8457\u63d0\u5347\u3002\x0a\x20\x20\x20\x20\x20\x20\x20\x20\x3c\x2f\x64\x69\x76\x3e\x0a\x20\x20\x20\x20\x3c\x2f\x64\x69\x76\x3e\x0a\x20\x20\x20\x20\x3c\x64\x69\x76\x20\x63\x6c\x61\x73\x73\x3d\x22\x69\x6e\x66\x6f\x2d\x73\x65\x63\x74\x69\x6f\x6e\x22\x20\x73\x74\x79\x6c\x65\x3d\x22\x6d\x61\x72\x67\x69\x6e\x2d\x74\x6f\x70\x3a\x20\x31\x32\x70\x78\x3b\x20\x62\x6f\x72\x64\x65\x72\x2d\x74\x6f\x70\x3a\x20\x31\x70\x78\x20\x64\x61\x73\x68\x65\x64\x20\x72\x67\x62\x61\x28\x32\x35\x35\x2c\x32\x35\x35\x2c\x32\x35\x35\x2c\x30\x2e\x32\x29\x3b\x20\x70\x61\x64\x64\x69\x6e\x67\x2d\x74\x6f\x70\x3a\x20\x31\x30\x70\x78\x3b\x22\x3e\x0a\x20\x20\x20\x20\x20\x20\x20\x20\x3c\x64\x69\x76\x20\x63\x6c\x61\x73\x73\x3d\x22\x69\x6e\x66\x6f\x2d\x74\x69\x74\x6c\x65\x22\x3e\ud83c\udfed\x20\u751f\u6d3b\u61c9\u7528\x3c\x2f\x64\x69\x76\x3e\x0a\x20\x20\x20\x20\x20\x20\x20\x20\x3c\x64\x69\x76\x20\x63\x6c\x61\x73\x73\x3d\x22\x69\x6e\x66\x6f\x2d\x62\x6f\x64\x79\x22\x3e\x0a\x20\x20\x20\x20\x20\x20\x20\x20\x20\x20\x20\x20\x3c\x73\x70\x61\x6e\x20\x63\x6c\x61\x73\x73\x3d\x22\x68\x69\x67\x68\x6c\x69\x67\x68\x74\x2d\x74\x69\x74\x6c\x65\x22\x3e\x31\x2e\x20\u5149\u4f0f\u6750\u6599\uff1a\x3c\x2f\x73\x70\x61\x6e\x3e\u7531\u65bc\u5176\u512a\u7570\u7684\u96fb\u5b50\u63a5\u53d7\u80fd\u529b\uff0c\x43\x34\x30\x20\u53ca\u5176\u884d\u751f\u7269\u88ab\u7814\u7a76\u7528\u65bc\x3c\x73\x74\x72\x6f\x6e\x67\x3e\u6709\u6a5f\u592a\u967d\u80fd\u96fb\u6c60\x3c\x2f\x73\x74\x72\x6f\x6e\x67\x3e\u4e2d\u4f5c\u70ba\u53d7\u9ad4\u6750\u6599\uff0c\u63d0\u9ad8\u5149\u96fb\u8f49\u63db\u6548\u7387\u3002\x3c\x62\x72\x3e\x0a\x20\x20\x20\x20\x20\x20\x20\x20\x20\x20\x20\x20\x3c\x73\x70\x61\x6e\x20\x63\x6c\x61\x73\x73\x3d\x22\x68\x69\x67\x68\x6c\x69\x67\x68\x74\x2d\x74\x69\x74\x6c\x65\x22\x3e\x32\x2e\x20\u5206\u5b50\u50b3\u611f\u5668\uff1a\x3c\x2f\x73\x70\x61\x6e\x3e\u5176\u7368\u7279\u7684\u7c60\u72c0\u958b\u5b54\u8207\u9ad8\u6d3b\u6027\u8868\u9762\uff0c\u53ef\u5c0d\u7279\u5b9a\u7684\u6c23\u9ad4\u5206\u5b50\u6216\u96e2\u5b50\u7522\u751f\u654f\u611f\u7684\u96fb\u8a0a\u865f\u8b8a\u5316\uff0c\u9069\u5408\u88fd\u4f5c\u5948\u7c73\u7d1a\u7684\u7cbe\u5bc6\u5316\u5b78\u50b3\u611f\u5668\u3002\x3c\x62\x72\x3e\x0a\x20\x20\x20\x20\x20\x20\x20\x20\x20\x20\x20\x20\x3c\x73\x70\x61\x6e\x20\x63\x6c\x61\x73\x73\x3d\x22\x68\x69\x67\x68\x6c\x69\x67\x68\x74\x2d\x74\x69\x74\x6c\x65\x22\x3e\x33\x2e\x20\u85e5\u7269\u8f09\u9ad4\uff1a\x3c\x2f\x73\x70\x61\x6e\x3e\u5167\u5d4c\u91d1\u5c6c\u7684\x20\x43\x34\x30\x20\u7c60\u7d50\u69cb\u751f\u7269\u6bd2\u6027\u6975\u4f4e\uff0c\u53ef\u4f5c\u70ba\u91ab\u7642\u5f71\u50cf\uff08\u5982\x20\x4d\x52\x49\uff09\u7684\u986f\u5f71\u5291\u8f09\u9ad4\uff0c\u6216\u662f\u4f5c\u70ba\u6a19\u9776\u85e5\u7269\u7684\u5fae\u578b\u904b\u8f38\u8259\u3002\x0a\x20\x20\x20\x20\x20\x20\x20\x20\x3c\x2f\x64\x69\x76\x3e\x0a\x20\x20\x20\x20\x3c\x2f\x64\x69\x76\x3e",
    "\x43\x32\x76",
  ),
  addMol(
    "\x43\x35\x30\x7c\u78b3\x35\x30\x7c\u5bcc\u52d2\u70ef",
    "\x43",
    "\x73\x70\u00b2",
    ["\u7c60\u72c0\u7d50\u69cb\x20\x28\x31\x32\u500b\u4e94\u908a\u5f62\x2c\x20\x31\x35\u500b\u516d\u908a\u5f62\x29", "\x43\x61\x67\x65\x20\x28\x31\x32\x20\x50\x65\x6e\x74\x61\x67\x6f\x6e\x73\x2c\x20\x31\x35\x20\x48\x65\x78\x61\x67\x6f\x6e\x73\x29"],
    "\x31\x30\x38\u00b0\x7e\x31\x32\x30\u00b0\x20\x28\u5f4e\u66f2\x29",
    "\x4e\x2f\x41\x20\x28\u6607\u83ef\x29",
    "\x4e\x2f\x41",
    [
      { "\x65\x6c\x65\x6d": "\x43", "\x78": 0x70, "\x79": 0x4c, "\x7a": -0x37 },
      { "\x65\x6c\x65\x6d": "\x43", "\x78": 0x87, "\x79": 0x11, "\x7a": -0x37 },
      { "\x65\x6c\x65\x6d": "\x43", "\x78": 0x96, "\x79": -0x9, "\x7a": 0x0 },
      { "\x65\x6c\x65\x6d": "\x43", "\x78": 0x3c, "\x79": 0x5c, "\x7a": -0x59 },
      { "\x65\x6c\x65\x6d": "\x43", "\x78": 0x6a, "\x79": -0x1d, "\x7a": -0x59 },
      { "\x65\x6c\x65\x6d": "\x43", "\x78": 0x35, "\x79": -0xe, "\x7a": -0x79 },
      { "\x65\x6c\x65\x6d": "\x43", "\x78": 0x1d, "\x79": 0x2e, "\x7a": -0x7a },
      { "\x65\x6c\x65\x6d": "\x43", "\x78": 0x6c, "\x79": -0x54, "\x7a": -0x37 },
      { "\x65\x6c\x65\x6d": "\x43", "\x78": 0x86, "\x79": -0x44, "\x7a": 0x0 },
      { "\x65\x6c\x65\x6d": "\x43", "\x78": 0x3a, "\x79": -0x7a, "\x7a": -0x38 },
      { "\x65\x6c\x65\x6d": "\x43", "\x78": 0x5, "\x79": -0x6e, "\x7a": -0x59 },
      { "\x65\x6c\x65\x6d": "\x43", "\x78": 0x2, "\x79": -0x36, "\x7a": -0x79 },
      { "\x65\x6c\x65\x6d": "\x43", "\x78": 0x26, "\x79": -0x90, "\x7a": 0x0 },
      { "\x65\x6c\x65\x6d": "\x43", "\x78": 0x3b, "\x79": -0x7a, "\x7a": 0x38 },
      { "\x65\x6c\x65\x6d": "\x43", "\x78": 0x6c, "\x79": -0x53, "\x7a": 0x38 },
      { "\x65\x6c\x65\x6d": "\x43", "\x78": 0x6b, "\x79": -0x1d, "\x7a": 0x59 },
      { "\x65\x6c\x65\x6d": "\x43", "\x78": 0x35, "\x79": -0xe, "\x7a": 0x79 },
      { "\x65\x6c\x65\x6d": "\x43", "\x78": 0x6, "\x79": -0x6e, "\x7a": 0x59 },
      { "\x65\x6c\x65\x6d": "\x43", "\x78": 0x3, "\x79": -0x36, "\x7a": 0x79 },
      { "\x65\x6c\x65\x6d": "\x43", "\x78": 0x71, "\x79": 0x4c, "\x7a": 0x38 },
      { "\x65\x6c\x65\x6d": "\x43", "\x78": 0x3c, "\x79": 0x5c, "\x7a": 0x59 },
      { "\x65\x6c\x65\x6d": "\x43", "\x78": 0x88, "\x79": 0x12, "\x7a": 0x38 },
      { "\x65\x6c\x65\x6d": "\x43", "\x78": 0x1e, "\x79": 0x2e, "\x7a": 0x79 },
      { "\x65\x6c\x65\x6d": "\x43", "\x78": -0x22, "\x79": 0x2a, "\x7a": 0x7a },
      { "\x65\x6c\x65\x6d": "\x43", "\x78": 0x19, "\x79": 0x86, "\x7a": 0x38 },
      { "\x65\x6c\x65\x6d": "\x43", "\x78": -0x26, "\x79": 0x82, "\x7a": 0x38 },
      { "\x65\x6c\x65\x6d": "\x43", "\x78": -0x45, "\x79": 0x55, "\x7a": 0x59 },
      { "\x65\x6c\x65\x6d": "\x43", "\x78": -0x67, "\x79": -0x27, "\x7a": 0x59 },
      { "\x65\x6c\x65\x6d": "\x43", "\x78": -0x33, "\x79": -0x14, "\x7a": 0x7a },
      { "\x65\x6c\x65\x6d": "\x43", "\x78": 0x69, "\x79": 0x69, "\x7a": 0x0 },
      { "\x65\x6c\x65\x6d": "\x43", "\x78": 0x36, "\x79": 0x8c, "\x7a": 0x0 },
      { "\x65\x6c\x65\x6d": "\x43", "\x78": -0x44, "\x79": 0x84, "\x7a": 0x0 },
      { "\x65\x6c\x65\x6d": "\x43", "\x78": -0x26, "\x79": 0x83, "\x7a": -0x38 },
      { "\x65\x6c\x65\x6d": "\x43", "\x78": 0x19, "\x79": 0x87, "\x7a": -0x38 },
      { "\x65\x6c\x65\x6d": "\x43", "\x78": -0x74, "\x79": 0x5e, "\x7a": 0x0 },
      { "\x65\x6c\x65\x6d": "\x43", "\x78": -0x94, "\x79": -0x17, "\x7a": 0x0 },
      { "\x65\x6c\x65\x6d": "\x43", "\x78": -0x89, "\x79": 0x4, "\x7a": 0x38 },
      { "\x65\x6c\x65\x6d": "\x43", "\x78": -0x79, "\x79": 0x41, "\x7a": 0x38 },
      { "\x65\x6c\x65\x6d": "\x43", "\x78": -0x2e, "\x79": -0x81, "\x7a": 0x38 },
      { "\x65\x6c\x65\x6d": "\x43", "\x78": -0x7e, "\x79": -0x51, "\x7a": 0x0 },
      { "\x65\x6c\x65\x6d": "\x43", "\x78": -0x63, "\x79": -0x5e, "\x7a": 0x37 },
      { "\x65\x6c\x65\x6d": "\x43", "\x78": -0x33, "\x79": -0x13, "\x7a": -0x7a },
      { "\x65\x6c\x65\x6d": "\x43", "\x78": -0x67, "\x79": -0x27, "\x7a": -0x59 },
      { "\x65\x6c\x65\x6d": "\x43", "\x78": -0x63, "\x79": -0x5e, "\x7a": -0x38 },
      { "\x65\x6c\x65\x6d": "\x43", "\x78": -0x2e, "\x79": -0x81, "\x7a": -0x38 },
      { "\x65\x6c\x65\x6d": "\x43", "\x78": -0x18, "\x79": -0x94, "\x7a": 0x0 },
      { "\x65\x6c\x65\x6d": "\x43", "\x78": -0x78, "\x79": 0x42, "\x7a": -0x38 },
      { "\x65\x6c\x65\x6d": "\x43", "\x78": -0x45, "\x79": 0x56, "\x7a": -0x5a },
      { "\x65\x6c\x65\x6d": "\x43", "\x78": -0x23, "\x79": 0x2b, "\x7a": -0x7b },
      { "\x65\x6c\x65\x6d": "\x43", "\x78": -0x88, "\x79": 0x5, "\x7a": -0x38 },
    ],
    [
      [0x0, 0x1],
      [0x0, 0x1d],
      [0x0, 0x3, "\x64\x6f\x75\x62\x6c\x65"],
      [0x1, 0x2, "\x64\x6f\x75\x62\x6c\x65"],
      [0x1, 0x4],
      [0x2, 0x8],
      [0x2, 0x15],
      [0x3, 0x21],
      [0x3, 0x6],
      [0x4, 0x7, "\x64\x6f\x75\x62\x6c\x65"],
      [0x4, 0x5],
      [0x5, 0x6, "\x64\x6f\x75\x62\x6c\x65"],
      [0x5, 0xb],
      [0x6, 0x30],
      [0x7, 0x9],
      [0x7, 0x8],
      [0x8, 0xe, "\x64\x6f\x75\x62\x6c\x65"],
      [0x9, 0xc, "\x64\x6f\x75\x62\x6c\x65"],
      [0x9, 0xa],
      [0xa, 0x2c],
      [0xa, 0xb, "\x64\x6f\x75\x62\x6c\x65"],
      [0xb, 0x29],
      [0xc, 0x2d],
      [0xc, 0xd],
      [0xd, 0xe],
      [0xd, 0x11, "\x64\x6f\x75\x62\x6c\x65"],
      [0xe, 0xf],
      [0xf, 0x15],
      [0xf, 0x10, "\x64\x6f\x75\x62\x6c\x65"],
      [0x10, 0x16],
      [0x10, 0x12],
      [0x11, 0x26],
      [0x11, 0x12],
      [0x12, 0x1c, "\x64\x6f\x75\x62\x6c\x65"],
      [0x13, 0x15, "\x64\x6f\x75\x62\x6c\x65"],
      [0x13, 0x1d],
      [0x13, 0x14],
      [0x14, 0x18, "\x64\x6f\x75\x62\x6c\x65"],
      [0x14, 0x16],
      [0x16, 0x17, "\x64\x6f\x75\x62\x6c\x65"],
      [0x17, 0x1a],
      [0x17, 0x1c],
      [0x18, 0x19],
      [0x18, 0x1e],
      [0x19, 0x1f, "\x64\x6f\x75\x62\x6c\x65"],
      [0x19, 0x1a],
      [0x1a, 0x25, "\x64\x6f\x75\x62\x6c\x65"],
      [0x1b, 0x24, "\x64\x6f\x75\x62\x6c\x65"],
      [0x1b, 0x1c],
      [0x1b, 0x28],
      [0x1d, 0x1e, "\x64\x6f\x75\x62\x6c\x65"],
      [0x1e, 0x21],
      [0x1f, 0x20],
      [0x20, 0x21, "\x64\x6f\x75\x62\x6c\x65"],
      [0x20, 0x2f],
      [0x22, 0x1f],
      [0x22, 0x25],
      [0x22, 0x2e],
      [0x23, 0x27],
      [0x23, 0x31],
      [0x23, 0x24],
      [0x24, 0x25],
      [0x26, 0x28, "\x64\x6f\x75\x62\x6c\x65"],
      [0x26, 0x2d],
      [0x27, 0x28],
      [0x27, 0x2b, "\x64\x6f\x75\x62\x6c\x65"],
      [0x29, 0x30, "\x64\x6f\x75\x62\x6c\x65"],
      [0x29, 0x2a],
      [0x2a, 0x31, "\x64\x6f\x75\x62\x6c\x65"],
      [0x2a, 0x2b],
      [0x2b, 0x2c],
      [0x2c, 0x2d, "\x64\x6f\x75\x62\x6c\x65"],
      [0x2e, 0x31],
      [0x2e, 0x2f, "\x64\x6f\x75\x62\x6c\x65"],
      [0x2f, 0x30],
    ],
    null,
    "\x3c\x64\x69\x76\x20\x63\x6c\x61\x73\x73\x3d\x22\x69\x6e\x66\x6f\x2d\x73\x65\x63\x74\x69\x6f\x6e\x22\x3e\x0a\x20\x20\x20\x20\x20\x20\x20\x20\x3c\x64\x69\x76\x20\x63\x6c\x61\x73\x73\x3d\x22\x69\x6e\x66\x6f\x2d\x74\x69\x74\x6c\x65\x22\x3e\u2697\ufe0f\x20\u7269\u8cea\u6027\u8cea\x3c\x2f\x64\x69\x76\x3e\x0a\x20\x20\x20\x20\x20\x20\x20\x20\x3c\x64\x69\x76\x20\x63\x6c\x61\x73\x73\x3d\x22\x69\x6e\x66\x6f\x2d\x62\x6f\x64\x79\x22\x3e\x0a\x20\x20\x20\x20\x20\x20\x20\x20\x20\x20\x20\x20\x3c\x73\x70\x61\x6e\x20\x63\x6c\x61\x73\x73\x3d\x22\x68\x69\x67\x68\x6c\x69\x67\x68\x74\x2d\x74\x69\x74\x6c\x65\x22\x3e\x31\x2e\x20\u7acb\u9ad4\u7d50\u69cb\uff1a\x3c\x2f\x73\x70\x61\x6e\x3e\x43\x35\x30\x20\u662f\x3c\x73\x74\x72\x6f\x6e\x67\x3e\u5bcc\u52d2\u70ef\x20\x28\x46\x75\x6c\x6c\x65\x72\x65\x6e\x65\x73\x29\x3c\x2f\x73\x74\x72\x6f\x6e\x67\x3e\x20\u5bb6\u65cf\u4e2d\u7684\u4e2d\u7b49\u5c3a\u5bf8\u6210\u54e1\u3002\u5176\u5206\u5b50\u7d50\u69cb\u5305\u542b\x20\x3c\x73\x74\x72\x6f\x6e\x67\x3e\x31\x32\x20\u500b\u4e94\u908a\u5f62\x3c\x2f\x73\x74\x72\x6f\x6e\x67\x3e\u8207\x20\x3c\x73\x74\x72\x6f\x6e\x67\x3e\x31\x35\x20\u500b\u516d\u908a\u5f62\x3c\x2f\x73\x74\x72\x6f\x6e\x67\x3e\u3002\u6839\u64da\u8a08\u7b97\uff0c\u5176\u80fd\u91cf\u6700\u4f4e\u7684\u7570\u69cb\u7269\u5177\u6709\x20\x3c\x73\x74\x72\x6f\x6e\x67\x3e\x44\x35\x68\x20\u5c0d\u7a31\u6027\x3c\x2f\x73\x74\x72\x6f\x6e\x67\x3e\uff0c\u5916\u578b\u5448\u73fe\u985e\u4f3c\u6a44\u6b16\u7403\u7684\u5c0d\u7a31\u62c9\u4f38\u611f\u3002\x3c\x62\x72\x3e\x0a\x20\x20\x20\x20\x20\x20\x20\x20\x20\x20\x20\x20\x3c\x73\x70\x61\x6e\x20\x63\x6c\x61\x73\x73\x3d\x22\x68\x69\x67\x68\x6c\x69\x67\x68\x74\x2d\x74\x69\x74\x6c\x65\x22\x3e\x32\x2e\x20\u7269\u7406\u6027\u8cea\uff1a\x3c\x2f\x73\x70\x61\x6e\x3e\u901a\u5e38\u5b58\u5728\u65bc\u78b3\u5f27\u653e\u96fb\u7522\u751f\u7684\u70ad\u9ed1\u4e2d\uff0c\u5177\u6709\u534a\u5c0e\u9ad4\u8207\u975e\u7dda\u6027\u7684\u5149\u5b78\u7279\u6027\u3002\u7531\u65bc\u8868\u9762\u66f2\u7387\u4e0d\u5747\u52fb\uff0c\u5176\u96fb\u5b50\u89aa\u548c\u529b\u5206\u5e03\u5728\u4e0d\u540c\u7684\u78b3\u539f\u5b50\u4f4d\u9ede\u4e0a\u6709\u6240\u5dee\u7570\u3002\x3c\x62\x72\x3e\x0a\x20\x20\x20\x20\x20\x20\x20\x20\x20\x20\x20\x20\x3c\x73\x70\x61\x6e\x20\x63\x6c\x61\x73\x73\x3d\x22\x68\x69\x67\x68\x6c\x69\x67\x68\x74\x2d\x74\x69\x74\x6c\x65\x22\x3e\x33\x2e\x20\u5316\u5b78\u7a69\u5b9a\u6027\uff1a\x3c\x2f\x73\x70\x61\x6e\x3e\x43\x35\x30\x20\u9055\u53cd\u4e86\u300c\u96e2\u6563\u4e94\u908a\u5f62\u898f\u5247\u300d\x28\x49\x50\x52\x29\uff0c\u56e0\u70ba\u5728\x20\x35\x30\x20\u500b\u539f\u5b50\u7684\u6846\u67b6\u4e0b\uff0c\u4e94\u908a\u5f62\u4e0d\u53ef\u907f\u514d\u5730\u6703\u76f8\u4e92\u9130\u63a5\u3002\u9019\u4f7f\u5f97\x20\x43\x35\x30\x20\u5177\u6709\u6975\u9ad8\u7684\u5316\u5b78\u53cd\u61c9\u6d3b\u6027\uff0c\u901a\u5e38\u9700\u8981\u900f\u904e\u5916\u63a5\u57fa\u5718\u6216\u5167\u90e8\u5d4c\u5165\u91d1\u5c6c\u539f\u5b50\uff08\u5167\u5d4c\u5bcc\u52d2\u70ef\uff09\u4f86\u4f7f\u5176\u7a69\u5b9a\u5b58\u5728\u3002\x0a\x20\x20\x20\x20\x20\x20\x20\x20\x3c\x2f\x64\x69\x76\x3e\x0a\x20\x20\x20\x20\x3c\x2f\x64\x69\x76\x3e\x0a\x20\x20\x20\x20\x3c\x64\x69\x76\x20\x63\x6c\x61\x73\x73\x3d\x22\x69\x6e\x66\x6f\x2d\x73\x65\x63\x74\x69\x6f\x6e\x22\x20\x73\x74\x79\x6c\x65\x3d\x22\x6d\x61\x72\x67\x69\x6e\x2d\x74\x6f\x70\x3a\x20\x31\x32\x70\x78\x3b\x20\x62\x6f\x72\x64\x65\x72\x2d\x74\x6f\x70\x3a\x20\x31\x70\x78\x20\x64\x61\x73\x68\x65\x64\x20\x72\x67\x62\x61\x28\x32\x35\x35\x2c\x32\x35\x35\x2c\x32\x35\x35\x2c\x30\x2e\x32\x29\x3b\x20\x70\x61\x64\x64\x69\x6e\x67\x2d\x74\x6f\x70\x3a\x20\x31\x30\x70\x78\x3b\x22\x3e\x0a\x20\x20\x20\x20\x20\x20\x20\x20\x3c\x64\x69\x76\x20\x63\x6c\x61\x73\x73\x3d\x22\x69\x6e\x66\x6f\x2d\x74\x69\x74\x6c\x65\x22\x3e\ud83c\udfed\x20\u672a\u4f86\u61c9\u7528\x3c\x2f\x64\x69\x76\x3e\x0a\x20\x20\x20\x20\x20\x20\x20\x20\x3c\x64\x69\x76\x20\x63\x6c\x61\x73\x73\x3d\x22\x69\x6e\x66\x6f\x2d\x62\x6f\x64\x79\x22\x3e\x0a\x20\x20\x20\x20\x20\x20\x20\x20\x20\x20\x20\x20\x3c\x73\x70\x61\x6e\x20\x63\x6c\x61\x73\x73\x3d\x22\x68\x69\x67\x68\x6c\x69\x67\x68\x74\x2d\x74\x69\x74\x6c\x65\x22\x3e\x31\x2e\x20\u5948\u7c73\u8d85\u5206\u5b50\u5316\u5b78\uff1a\x3c\x2f\x73\x70\x61\x6e\x3e\x43\x35\x30\x20\u9ad8\u6d3b\u6027\u7684\u8868\u9762\u4f7f\u5176\u6210\u70ba\u512a\u826f\u7684\x3c\x73\x74\x72\x6f\x6e\x67\x3e\u5206\u5b50\u5efa\u7bc9\u57fa\u5143\x3c\x2f\x73\x74\x72\x6f\x6e\x67\x3e\uff0c\u53ef\u7528\u65bc\u5408\u6210\u5177\u6709\u7279\u6b8a\u5149\u96fb\u529f\u80fd\u7684\u8907\u96dc\u8d85\u5206\u5b50\u9663\u5217\u3002\x3c\x62\x72\x3e\x0a\x20\x20\x20\x20\x20\x20\x20\x20\x20\x20\x20\x20\x3c\x73\x70\x61\x6e\x20\x63\x6c\x61\x73\x73\x3d\x22\x68\x69\x67\x68\x6c\x69\x67\x68\x74\x2d\x74\x69\x74\x6c\x65\x22\x3e\x32\x2e\x20\u96fb\u5b50\u53d7\u9ad4\u6750\u6599\uff1a\x3c\x2f\x73\x70\x61\x6e\x3e\u8207\x20\x43\x36\x30\x20\u985e\u4f3c\uff0c\x43\x35\x30\x20\u5177\u6709\u6355\u6349\u96fb\u5b50\u7684\u80fd\u529b\uff0c\u76ee\u524d\u6b63\u63a2\u7d22\u5176\u5728\x3c\x73\x74\x72\x6f\x6e\x67\x3e\u6709\u6a5f\u5834\u6548\u96fb\u6676\u9ad4\x20\x28\x4f\x46\x45\x54\x29\x3c\x2f\x73\x74\x72\x6f\x6e\x67\x3e\x20\u8207\u65b0\u4e00\u4ee3\u67d4\u6027\u96fb\u5b50\u5143\u4ef6\u4e2d\u7684\u61c9\u7528\u6f5b\u529b\u3002\x3c\x62\x72\x3e\x0a\x20\x20\x20\x20\x20\x20\x20\x20\x20\x20\x20\x20\x3c\x73\x70\x61\x6e\x20\x63\x6c\x61\x73\x73\x3d\x22\x68\x69\x67\x68\x6c\x69\x67\x68\x74\x2d\x74\x69\x74\x6c\x65\x22\x3e\x33\x2e\x20\u539f\u5b50\u5b58\u5132\u6280\u8853\uff1a\x3c\x2f\x73\x70\x61\x6e\x3e\u4f5c\u70ba\x3c\x73\x74\x72\x6f\x6e\x67\x3e\u5167\u5d4c\u5bcc\u52d2\u70ef\x20\x28\x45\x6e\x64\x6f\x68\x65\x64\x72\x61\x6c\x20\x46\x75\x6c\x6c\x65\x72\x65\x6e\x65\x73\x29\x3c\x2f\x73\x74\x72\x6f\x6e\x67\x3e\x20\u7684\u512a\u8cea\u7c60\u578b\uff0c\x43\x35\x30\x20\u5167\u90e8\u7a7a\u9593\u53ef\u5c01\u88dd\u55ae\u500b\u91d1\u5c6c\u539f\u5b50\u6216\u5c0f\u5206\u5b50\uff0c\u9019\u5728\u91cf\u5b50\u8a08\u7b97\u8207\u55ae\u5206\u5b50\u78c1\u9ad4\u7814\u7a76\u4e2d\u5177\u6709\u9ad8\u5ea6\u50f9\u503c\u3002\x0a\x20\x20\x20\x20\x20\x20\x20\x20\x3c\x2f\x64\x69\x76\x3e\x0a\x20\x20\x20\x20\x3c\x2f\x64\x69\x76\x3e",
    "\x44\x35\x68",
  ),
  addMol(
    "\x43\x36\x30\x7c\u78b3\x36\x30\x7c\u5bcc\u52d2\u70ef",
    "\x43",
    "\x73\x70\u00b2",
    ["\u7c60\u72c0\u7d50\u69cb\x20\x28\x31\x32\u500b\u4e94\u908a\u5f62\x2c\x20\x32\x30\u500b\u516d\u908a\u5f62\x29", "\x43\x61\x67\x65\x20\x28\x31\x32\x20\x50\x65\x6e\x74\x61\x67\x6f\x6e\x73\x2c\x20\x32\x30\x20\x48\x65\x78\x61\x67\x6f\x6e\x73\x29"],
    "\x31\x30\x38\u00b0\x7e\x31\x32\x30\u00b0",
    "\x36\x30\x30\x20\x28\u6607\u83ef\x29",
    "\x4e\x2f\x41",
    [
      { "\x65\x6c\x65\x6d": "\x43", "\x78": 0x63, "\x79": -0x1b, "\x7a": 0x77 },
      { "\x65\x6c\x65\x6d": "\x43", "\x78": 0x8b, "\x79": -0x8, "\x7a": 0x49 },
      { "\x65\x6c\x65\x6d": "\x43", "\x78": 0x3b, "\x79": 0xe, "\x7a": 0x91 },
      { "\x65\x6c\x65\x6d": "\x43", "\x78": 0x8a, "\x79": 0x35, "\x7a": 0x36 },
      { "\x65\x6c\x65\x6d": "\x43", "\x78": 0x8e, "\x79": 0x42, "\x7a": -0x8 },
      { "\x65\x6c\x65\x6d": "\x43", "\x78": 0x90, "\x79": -0x37, "\x7a": 0x1f },
      { "\x65\x6c\x65\x6d": "\x43", "\x78": 0x95, "\x79": -0x2a, "\x7a": -0x1f },
      { "\x65\x6c\x65\x6d": "\x43", "\x78": 0x94, "\x79": 0x13, "\x7a": -0x33 },
      { "\x65\x6c\x65\x6d": "\x43", "\x78": -0x14, "\x79": -0x3e, "\x7a": 0x90 },
      { "\x65\x6c\x65\x6d": "\x43", "\x78": 0x14, "\x79": -0x67, "\x7a": 0x75 },
      { "\x65\x6c\x65\x6d": "\x43", "\x78": -0x1, "\x79": -0x3, "\x7a": 0x9e },
      { "\x65\x6c\x65\x6d": "\x43", "\x78": 0x50, "\x79": -0x56, "\x7a": 0x69 },
      { "\x65\x6c\x65\x6d": "\x43", "\x78": 0x6c, "\x79": -0x68, "\x7a": 0x33 },
      { "\x65\x6c\x65\x6d": "\x43", "\x78": -0xc, "\x79": -0x8a, "\x7a": 0x4b },
      { "\x65\x6c\x65\x6d": "\x43", "\x78": 0x10, "\x79": -0x9c, "\x7a": 0x14 },
      { "\x65\x6c\x65\x6d": "\x43", "\x78": 0x4c, "\x79": -0x8a, "\x7a": 0x8 },
      { "\x65\x6c\x65\x6d": "\x43", "\x78": -0x60, "\x79": 0x26, "\x7a": 0x77 },
      { "\x65\x6c\x65\x6d": "\x43", "\x78": -0x73, "\x79": -0x15, "\x7a": 0x69 },
      { "\x65\x6c\x65\x6d": "\x43", "\x78": -0x27, "\x79": 0x2f, "\x7a": 0x92 },
      { "\x65\x6c\x65\x6d": "\x43", "\x78": -0x4d, "\x79": -0x47, "\x7a": 0x75 },
      { "\x65\x6c\x65\x6d": "\x43", "\x78": -0x48, "\x79": -0x76, "\x7a": 0x4b },
      { "\x65\x6c\x65\x6d": "\x43", "\x78": -0x94, "\x79": -0x12, "\x7a": 0x33 },
      { "\x65\x6c\x65\x6d": "\x43", "\x78": -0x8f, "\x79": -0x42, "\x7a": 0x8 },
      { "\x65\x6c\x65\x6d": "\x43", "\x78": -0x69, "\x79": -0x74, "\x7a": 0x15 },
      { "\x65\x6c\x65\x6d": "\x43", "\x78": -0x16, "\x79": 0x86, "\x7a": 0x50 },
      { "\x65\x6c\x65\x6d": "\x43", "\x78": -0x50, "\x79": 0x7c, "\x7a": 0x36 },
      { "\x65\x6c\x65\x6d": "\x43", "\x78": -0x2, "\x79": 0x5f, "\x7a": 0x7e },
      { "\x65\x6c\x65\x6d": "\x43", "\x78": -0x75, "\x79": 0x4d, "\x7a": 0x49 },
      { "\x65\x6c\x65\x6d": "\x43", "\x78": -0x95, "\x79": 0x2a, "\x7a": 0x1f },
      { "\x65\x6c\x65\x6d": "\x43", "\x78": -0x4c, "\x79": 0x8a, "\x7a": -0x8 },
      { "\x65\x6c\x65\x6d": "\x43", "\x78": -0x6c, "\x79": 0x67, "\x7a": -0x33 },
      { "\x65\x6c\x65\x6d": "\x43", "\x78": -0x91, "\x79": 0x37, "\x7a": -0x1f },
      { "\x65\x6c\x65\x6d": "\x43", "\x78": 0x62, "\x79": 0x5e, "\x7a": 0x50 },
      { "\x65\x6c\x65\x6d": "\x43", "\x78": 0x4d, "\x79": 0x85, "\x7a": 0x22 },
      { "\x65\x6c\x65\x6d": "\x43", "\x78": 0x3b, "\x79": 0x4b, "\x7a": 0x7e },
      { "\x65\x6c\x65\x6d": "\x43", "\x78": 0x11, "\x79": 0x99, "\x7a": 0x22 },
      { "\x65\x6c\x65\x6d": "\x43", "\x78": -0x10, "\x79": 0x9c, "\x7a": -0x15 },
      { "\x65\x6c\x65\x6d": "\x43", "\x78": 0x69, "\x79": 0x74, "\x7a": -0x15 },
      { "\x65\x6c\x65\x6d": "\x43", "\x78": 0x48, "\x79": 0x76, "\x7a": -0x4c },
      { "\x65\x6c\x65\x6d": "\x43", "\x78": 0xc, "\x79": 0x8a, "\x7a": -0x4b },
      { "\x65\x6c\x65\x6d": "\x43", "\x78": -0x64, "\x79": 0x1b, "\x7a": -0x77 },
      { "\x65\x6c\x65\x6d": "\x43", "\x78": -0x50, "\x79": 0x56, "\x7a": -0x69 },
      { "\x65\x6c\x65\x6d": "\x43", "\x78": -0x14, "\x79": 0x67, "\x7a": -0x76 },
      { "\x65\x6c\x65\x6d": "\x43", "\x78": -0x3b, "\x79": -0xe, "\x7a": -0x91 },
      { "\x65\x6c\x65\x6d": "\x43", "\x78": -0x63, "\x79": -0x5e, "\x7a": -0x4f },
      { "\x65\x6c\x65\x6d": "\x43", "\x78": -0x8c, "\x79": -0x35, "\x7a": -0x36 },
      { "\x65\x6c\x65\x6d": "\x43", "\x78": -0x8c, "\x79": 0x8, "\x7a": -0x49 },
      { "\x65\x6c\x65\x6d": "\x43", "\x78": -0x3a, "\x79": -0x4b, "\x7a": -0x7d },
      { "\x65\x6c\x65\x6d": "\x43", "\x78": 0x17, "\x79": -0x86, "\x7a": -0x4f },
      { "\x65\x6c\x65\x6d": "\x43", "\x78": -0x11, "\x79": -0x99, "\x7a": -0x22 },
      { "\x65\x6c\x65\x6d": "\x43", "\x78": -0x4d, "\x79": -0x85, "\x7a": -0x22 },
      { "\x65\x6c\x65\x6d": "\x43", "\x78": 0x2, "\x79": -0x5f, "\x7a": -0x7d },
      { "\x65\x6c\x65\x6d": "\x43", "\x78": 0x60, "\x79": -0x26, "\x7a": -0x77 },
      { "\x65\x6c\x65\x6d": "\x43", "\x78": 0x75, "\x79": -0x4d, "\x7a": -0x49 },
      { "\x65\x6c\x65\x6d": "\x43", "\x78": 0x51, "\x79": -0x7d, "\x7a": -0x36 },
      { "\x65\x6c\x65\x6d": "\x43", "\x78": 0x27, "\x79": -0x2e, "\x7a": -0x91 },
      { "\x65\x6c\x65\x6d": "\x43", "\x78": 0x15, "\x79": 0x3e, "\x7a": -0x91 },
      { "\x65\x6c\x65\x6d": "\x43", "\x78": 0x4e, "\x79": 0x47, "\x7a": -0x76 },
      { "\x65\x6c\x65\x6d": "\x43", "\x78": 0x73, "\x79": 0x15, "\x7a": -0x6a },
      { "\x65\x6c\x65\x6d": "\x43", "\x78": 0x1, "\x79": 0x3, "\x7a": -0x9e },
    ],
    [
      [0x0, 0x1, "\x64\x6f\x75\x62\x6c\x65"],
      [0x0, 0xb],
      [0x0, 0x2],
      [0x1, 0x3],
      [0x1, 0x5],
      [0x2, 0xa, "\x64\x6f\x75\x62\x6c\x65"],
      [0x2, 0x22],
      [0x3, 0x20],
      [0x3, 0x4, "\x64\x6f\x75\x62\x6c\x65"],
      [0x4, 0x25],
      [0x4, 0x7],
      [0x5, 0x6, "\x64\x6f\x75\x62\x6c\x65"],
      [0x5, 0xc],
      [0x6, 0x7],
      [0x6, 0x35],
      [0x7, 0x3a, "\x64\x6f\x75\x62\x6c\x65"],
      [0x8, 0x9, "\x64\x6f\x75\x62\x6c\x65"],
      [0x8, 0xa],
      [0x8, 0x13],
      [0x9, 0xd],
      [0x9, 0xb],
      [0xa, 0x12],
      [0xb, 0xc, "\x64\x6f\x75\x62\x6c\x65"],
      [0xc, 0xf],
      [0xd, 0xe, "\x64\x6f\x75\x62\x6c\x65"],
      [0xd, 0x14],
      [0xe, 0x31],
      [0xe, 0xf],
      [0xf, 0x36, "\x64\x6f\x75\x62\x6c\x65"],
      [0x10, 0x1b],
      [0x10, 0x12, "\x64\x6f\x75\x62\x6c\x65"],
      [0x10, 0x11],
      [0x11, 0x15],
      [0x11, 0x13, "\x64\x6f\x75\x62\x6c\x65"],
      [0x12, 0x1a],
      [0x13, 0x14],
      [0x14, 0x17, "\x64\x6f\x75\x62\x6c\x65"],
      [0x15, 0x1c, "\x64\x6f\x75\x62\x6c\x65"],
      [0x15, 0x16],
      [0x16, 0x2d, "\x64\x6f\x75\x62\x6c\x65"],
      [0x16, 0x17],
      [0x17, 0x32],
      [0x18, 0x23, "\x64\x6f\x75\x62\x6c\x65"],
      [0x18, 0x1a],
      [0x18, 0x19],
      [0x19, 0x1d],
      [0x19, 0x1b, "\x64\x6f\x75\x62\x6c\x65"],
      [0x1a, 0x22, "\x64\x6f\x75\x62\x6c\x65"],
      [0x1b, 0x1c],
      [0x1c, 0x1f],
      [0x1d, 0x1e, "\x64\x6f\x75\x62\x6c\x65"],
      [0x1d, 0x24],
      [0x1e, 0x29],
      [0x1e, 0x1f],
      [0x1f, 0x2e, "\x64\x6f\x75\x62\x6c\x65"],
      [0x20, 0x22],
      [0x20, 0x21, "\x64\x6f\x75\x62\x6c\x65"],
      [0x21, 0x25],
      [0x21, 0x23],
      [0x23, 0x24],
      [0x24, 0x27, "\x64\x6f\x75\x62\x6c\x65"],
      [0x25, 0x26, "\x64\x6f\x75\x62\x6c\x65"],
      [0x26, 0x39],
      [0x26, 0x27],
      [0x27, 0x2a],
      [0x28, 0x2e],
      [0x28, 0x29],
      [0x28, 0x2b, "\x64\x6f\x75\x62\x6c\x65"],
      [0x29, 0x2a, "\x64\x6f\x75\x62\x6c\x65"],
      [0x2a, 0x38],
      [0x2b, 0x3b],
      [0x2b, 0x2f],
      [0x2c, 0x2d],
      [0x2c, 0x32, "\x64\x6f\x75\x62\x6c\x65"],
      [0x2c, 0x2f],
      [0x2d, 0x2e],
      [0x2f, 0x33, "\x64\x6f\x75\x62\x6c\x65"],
      [0x30, 0x36],
      [0x30, 0x33],
      [0x30, 0x31, "\x64\x6f\x75\x62\x6c\x65"],
      [0x31, 0x32],
      [0x33, 0x37],
      [0x34, 0x35, "\x64\x6f\x75\x62\x6c\x65"],
      [0x34, 0x37],
      [0x34, 0x3a],
      [0x35, 0x36],
      [0x37, 0x3b, "\x64\x6f\x75\x62\x6c\x65"],
      [0x38, 0x3b],
      [0x38, 0x39, "\x64\x6f\x75\x62\x6c\x65"],
      [0x39, 0x3a],
    ],
    null,
    "\x3c\x64\x69\x76\x20\x63\x6c\x61\x73\x73\x3d\x22\x69\x6e\x66\x6f\x2d\x73\x65\x63\x74\x69\x6f\x6e\x22\x3e\x0a\x20\x20\x20\x20\x20\x20\x20\x20\x3c\x64\x69\x76\x20\x63\x6c\x61\x73\x73\x3d\x22\x69\x6e\x66\x6f\x2d\x74\x69\x74\x6c\x65\x22\x3e\u2697\ufe0f\x20\u7269\u8cea\u6027\u8cea\x3c\x2f\x64\x69\x76\x3e\x0a\x20\x20\x20\x20\x20\x20\x20\x20\x3c\x64\x69\x76\x20\x63\x6c\x61\x73\x73\x3d\x22\x69\x6e\x66\x6f\x2d\x62\x6f\x64\x79\x22\x3e\x0a\x20\x20\x20\x20\x20\x20\x20\x20\x20\x20\x20\x20\x3c\x73\x70\x61\x6e\x20\x63\x6c\x61\x73\x73\x3d\x22\x68\x69\x67\x68\x6c\x69\x67\x68\x74\x2d\x74\x69\x74\x6c\x65\x22\x3e\x31\x2e\x20\u7acb\u9ad4\u7d50\u69cb\uff1a\x3c\x2f\x73\x70\x61\x6e\x3e\x43\x36\x30\uff08\u8db3\u7403\u70ef\uff09\u662f\u5bcc\u52d2\u70ef\u5bb6\u65cf\u4e2d\u6700\u5177\u4ee3\u8868\u6027\u7684\u6210\u54e1\u3002\u5176\u7d50\u69cb\u7531\x20\x36\x30\x20\u500b\u78b3\u539f\u5b50\u7d44\u6210\u7684\u5c01\u9589\u7c60\u72c0\u7d50\u69cb\uff0c\u5305\u542b\x20\x3c\x73\x74\x72\x6f\x6e\x67\x3e\x31\x32\u500b\u4e94\u908a\u5f62\x3c\x2f\x73\x74\x72\x6f\x6e\x67\x3e\u8207\x20\x3c\x73\x74\x72\x6f\x6e\x67\x3e\x32\x30\u500b\u516d\u908a\u5f62\x3c\x2f\x73\x74\x72\x6f\x6e\x67\x3e\u3002\u9019\u7a2e\u5e7e\u4f55\u5f62\u72c0\u5728\u6578\u5b78\u4e0a\u7a31\u70ba\u300c\u622a\u89d2\u4e8c\u5341\u9762\u9ad4\u300d\uff0c\u5177\u6709\u6975\u9ad8\u7684\x20\x3c\x73\x74\x72\x6f\x6e\x67\x3e\x49\x68\x20\u9ede\u7fa4\x3c\x2f\x73\x74\x72\x6f\x6e\x67\x3e\u5c0d\u7a31\u6027\u3002\x3c\x62\x72\x3e\x0a\x20\x20\x20\x20\x20\x20\x20\x20\x20\x20\x20\x20\x3c\x73\x70\x61\x6e\x20\x63\x6c\x61\x73\x73\x3d\x22\x68\x69\x67\x68\x6c\x69\x67\x68\x74\x2d\x74\x69\x74\x6c\x65\x22\x3e\x32\x2e\x20\u7269\u7406\u6027\u8cea\uff1a\x3c\x2f\x73\x70\x61\x6e\x3e\u5e38\u6eab\u4e0b\u70ba\u6df1\u7d2b\u8272\u6216\u9ed1\u8272\u56fa\u9ad4\u3002\u5b83\u4e0d\u6eb6\u65bc\u6c34\uff0c\u4f46\u53ef\u6eb6\u65bc\u82ef\u3001\u7532\u82ef\u7b49\u6709\u6a5f\u6eb6\u5291\u3002\x43\x36\x30\x20\u5177\u6709\u96e2\u57df\x20\u03c0\x20\u96fb\u5b50\u7cfb\u7d71\uff0c\u5c55\u73fe\u51fa\u7368\u7279\u7684\x20\x33\x44\x20\u82b3\u9999\u6027\uff0c\u4e14\u6bcf\u500b\u78b3\u539f\u5b50\u96d6\u7136\u5916\u89c0\u5448\u66f2\u9762\uff0c\u4f46\u4ecd\u4fdd\u6301\x20\x3c\x73\x74\x72\x6f\x6e\x67\x3e\x73\x70\u00b2\x20\u6df7\u6210\x3c\x2f\x73\x74\x72\x6f\x6e\x67\x3e\x20\u7279\u6027\u3002\x3c\x62\x72\x3e\x0a\x20\x20\x20\x20\x20\x20\x20\x20\x20\x20\x20\x20\x3c\x73\x70\x61\x6e\x20\x63\x6c\x61\x73\x73\x3d\x22\x68\x69\x67\x68\x6c\x69\x67\x68\x74\x2d\x74\x69\x74\x6c\x65\x22\x3e\x33\x2e\x20\u5316\u5b78\u7a69\u5b9a\u6027\uff1a\x3c\x2f\x73\x70\x61\x6e\x3e\u5316\u5b78\u6027\u8cea\u76f8\u5c0d\u7a69\u5b9a\uff0c\u4f46\u53ef\u9032\u884c\u52a0\u6210\u53cd\u61c9\u3002\u5728\u7279\u5b9a\u689d\u4ef6\u4e0b\uff08\u5982\u647b\u96dc\u9e7c\u91d1\u5c6c\uff09\uff0c\x43\x36\x30\x20\u6676\u9ad4\u53ef\u8868\u73fe\u51fa\u9ad8\u81e8\u754c\u6eab\u5ea6\u7684\x3c\x73\x74\x72\x6f\x6e\x67\x3e\u8d85\u5c0e\u6027\x3c\x2f\x73\x74\x72\x6f\x6e\x67\x3e\u3002\x0a\x20\x20\x20\x20\x20\x20\x20\x20\x3c\x2f\x64\x69\x76\x3e\x0a\x20\x20\x20\x20\x3c\x2f\x64\x69\x76\x3e\x0a\x20\x20\x20\x20\x3c\x64\x69\x76\x20\x63\x6c\x61\x73\x73\x3d\x22\x69\x6e\x66\x6f\x2d\x73\x65\x63\x74\x69\x6f\x6e\x22\x20\x73\x74\x79\x6c\x65\x3d\x22\x6d\x61\x72\x67\x69\x6e\x2d\x74\x6f\x70\x3a\x20\x31\x32\x70\x78\x3b\x20\x62\x6f\x72\x64\x65\x72\x2d\x74\x6f\x70\x3a\x20\x31\x70\x78\x20\x64\x61\x73\x68\x65\x64\x20\x72\x67\x62\x61\x28\x32\x35\x35\x2c\x32\x35\x35\x2c\x32\x35\x35\x2c\x30\x2e\x32\x29\x3b\x20\x70\x61\x64\x64\x69\x6e\x67\x2d\x74\x6f\x70\x3a\x20\x31\x30\x70\x78\x3b\x22\x3e\x0a\x20\x20\x20\x20\x20\x20\x20\x20\x3c\x64\x69\x76\x20\x63\x6c\x61\x73\x73\x3d\x22\x69\x6e\x66\x6f\x2d\x74\x69\x74\x6c\x65\x22\x3e\ud83c\udfed\x20\u79d1\u6280\u61c9\u7528\x3c\x2f\x64\x69\x76\x3e\x0a\x20\x20\x20\x20\x20\x20\x20\x20\x3c\x64\x69\x76\x20\x63\x6c\x61\x73\x73\x3d\x22\x69\x6e\x66\x6f\x2d\x62\x6f\x64\x79\x22\x3e\x0a\x20\x20\x20\x20\x20\x20\x20\x20\x20\x20\x20\x20\x3c\x73\x70\x61\x6e\x20\x63\x6c\x61\x73\x73\x3d\x22\x68\x69\x67\x68\x6c\x69\x67\x68\x74\x2d\x74\x69\x74\x6c\x65\x22\x3e\x31\x2e\x20\u5948\u7c73\u6280\u8853\u8207\u6750\u6599\uff1a\x3c\x2f\x73\x70\x61\x6e\x3e\x43\x36\x30\x20\u88ab\u5ee3\u6cdb\u7528\u65bc\u88fd\u9020\u5149\u4f0f\u96fb\u6c60\u3001\u611f\u5149\u6750\u6599\u53ca\u9ad8\u6548\u80fd\u6f64\u6ed1\u5291\u3002\u5176\u7c60\u72c0\u7d50\u69cb\u53ef\u4f5c\u70ba\u300c\u5206\u5b50\u6efe\u73e0\u300d\uff0c\u6e1b\u5c11\u5fae\u89c0\u6a5f\u68b0\u78e8\u640d\u3002\x3c\x62\x72\x3e\x0a\x20\x20\x20\x20\x20\x20\x20\x20\x20\x20\x20\x20\x3c\x73\x70\x61\x6e\x20\x63\x6c\x61\x73\x73\x3d\x22\x68\x69\x67\x68\x6c\x69\x67\x68\x74\x2d\x74\x69\x74\x6c\x65\x22\x3e\x32\x2e\x20\u751f\u7269\u91ab\u5b78\uff1a\x3c\x2f\x73\x70\x61\x6e\x3e\u7531\u65bc\x20\x43\x36\x30\x20\u5177\u6709\u6355\u6349\u81ea\u7531\u57fa\u7684\u80fd\u529b\uff0c\u88ab\u7814\u7a76\u7528\u65bc\u6297\u8870\u8001\u3001\u6297\u6c27\u5316\u53ca\u9632\u8f3b\u5c04\u85e5\u7269\u4e2d\u3002\u6b64\u5916\uff0c\u7c60\u5167\u53ef\u5c01\u88dd\u91d1\u5c6c\u539f\u5b50\uff0c\u4f5c\u70ba\u91ab\u7642\u5f71\u50cf\u7684\x3c\x73\x74\x72\x6f\x6e\x67\x3e\u986f\u5f71\u5291\u8f09\u9ad4\x3c\x2f\x73\x74\x72\x6f\x6e\x67\x3e\u3002\x3c\x62\x72\x3e\x0a\x20\x20\x20\x20\x20\x20\x20\x20\x20\x20\x20\x20\x3c\x73\x70\x61\x6e\x20\x63\x6c\x61\x73\x73\x3d\x22\x68\x69\x67\x68\x6c\x69\x67\x68\x74\x2d\x74\x69\x74\x6c\x65\x22\x3e\x33\x2e\x20\u9ad8\u7aef\u5149\u5b78\uff1a\x3c\x2f\x73\x70\x61\x6e\x3e\x43\x36\x30\x20\u5c55\u73fe\u51fa\u512a\u7570\u7684\u975e\u7dda\u6027\u5149\u5b78\u7279\u6027\uff0c\u53ef\u7528\u65bc\u88fd\u9020\u5149\u9650\u5e45\u5668\uff0c\u4fdd\u8b77\u5149\u5b78\u611f\u6e2c\u5668\u514d\u53d7\u5f37\u529b\u96f7\u5c04\u640d\u50b7\u3002\x0a\x20\x20\x20\x20\x20\x20\x20\x20\x3c\x2f\x64\x69\x76\x3e\x0a\x20\x20\x20\x20\x3c\x2f\x64\x69\x76\x3e",
    "\x49\x68",
  ),
  addMol(
    "\x43\x37\x30\x7c\u78b3\x37\x30\x7c\u5bcc\u52d2\u70ef",
    "\x43",
    "\x73\x70\u00b2",
    ["\u7c60\u72c0\u7d50\u69cb\x20\x28\x31\x32\u500b\u4e94\u908a\u5f62\x2c\x20\x32\x35\u500b\u516d\u908a\u5f62\x29", "\x43\x61\x67\x65\x20\x28\x31\x32\x20\x50\x65\x6e\x74\x61\x67\x6f\x6e\x73\x2c\x20\x32\x35\x20\x48\x65\x78\x61\x67\x6f\x6e\x73\x29"],
    "\x31\x30\x38\u00b0\x7e\x31\x32\x30\u00b0",
    "\x36\x30\x30\x20\x28\u6607\u83ef\x29",
    "\x4e\x2f\x41",
    [
      { "\x65\x6c\x65\x6d": "\x43", "\x78": 0x8e, "\x79": 0x66, "\x7a": 0x1e },
      { "\x65\x6c\x65\x6d": "\x43", "\x78": 0x6c, "\x79": 0x68, "\x7a": 0x53 },
      { "\x65\x6c\x65\x6d": "\x43", "\x78": 0xb1, "\x79": 0x34, "\x7a": 0xe },
      { "\x65\x6c\x65\x6d": "\x43", "\x78": 0x6c, "\x79": 0x37, "\x7a": 0x79 },
      { "\x65\x6c\x65\x6d": "\x43", "\x78": 0x36, "\x79": 0x25, "\x7a": 0x96 },
      { "\x65\x6c\x65\x6d": "\x43", "\x78": 0x0, "\x79": 0x47, "\x7a": 0x90 },
      { "\x65\x6c\x65\x6d": "\x43", "\x78": -0x36, "\x79": 0x25, "\x7a": 0x96 },
      { "\x65\x6c\x65\x6d": "\x43", "\x78": 0x8e, "\x79": 0x3c, "\x7a": -0x58 },
      { "\x65\x6c\x65\x6d": "\x43", "\x78": 0x6c, "\x79": 0x6f, "\x7a": -0x4a },
      { "\x65\x6c\x65\x6d": "\x43", "\x78": 0xb1, "\x79": 0x1e, "\x7a": -0x2d },
      { "\x65\x6c\x65\x6d": "\x43", "\x78": 0x6c, "\x79": 0x84, "\x7a": -0xe },
      { "\x65\x6c\x65\x6d": "\x43", "\x78": 0x36, "\x79": 0x9a, "\x7a": 0xb },
      { "\x65\x6c\x65\x6d": "\x43", "\x78": 0x0, "\x79": 0xa0, "\x7a": -0x17 },
      { "\x65\x6c\x65\x6d": "\x43", "\x78": -0x37, "\x79": 0x9a, "\x7a": 0xb },
      { "\x65\x6c\x65\x6d": "\x43", "\x78": 0x0, "\x79": 0x7b, "\x7a": 0x68 },
      { "\x65\x6c\x65\x6d": "\x43", "\x78": 0x36, "\x79": 0x88, "\x7a": 0x49 },
      { "\x65\x6c\x65\x6d": "\x43", "\x78": -0x37, "\x79": 0x88, "\x7a": 0x49 },
      { "\x65\x6c\x65\x6d": "\x43", "\x78": 0x8f, "\x79": -0x42, "\x7a": -0x54 },
      { "\x65\x6c\x65\x6d": "\x43", "\x78": 0x6c, "\x79": -0x24, "\x7a": -0x80 },
      { "\x65\x6c\x65\x6d": "\x43", "\x78": 0xb2, "\x79": -0x21, "\x7a": -0x2a },
      { "\x65\x6c\x65\x6d": "\x43", "\x78": 0x6c, "\x79": 0x1b, "\x7a": -0x82 },
      { "\x65\x6c\x65\x6d": "\x43", "\x78": 0x36, "\x79": 0x3a, "\x7a": -0x8e },
      { "\x65\x6c\x65\x6d": "\x43", "\x78": 0x0, "\x79": 0x1b, "\x7a": -0x9e },
      { "\x65\x6c\x65\x6d": "\x43", "\x78": -0x36, "\x79": 0x3a, "\x7a": -0x8f },
      { "\x65\x6c\x65\x6d": "\x43", "\x78": 0x0, "\x79": 0x89, "\x7a": -0x55 },
      { "\x65\x6c\x65\x6d": "\x43", "\x78": 0x36, "\x79": 0x70, "\x7a": -0x6b },
      { "\x65\x6c\x65\x6d": "\x43", "\x78": -0x37, "\x79": 0x70, "\x7a": -0x6b },
      { "\x65\x6c\x65\x6d": "\x43", "\x78": 0x8e, "\x79": -0x64, "\x7a": 0x24 },
      { "\x65\x6c\x65\x6d": "\x43", "\x78": 0x6c, "\x79": -0x85, "\x7a": -0x6 },
      { "\x65\x6c\x65\x6d": "\x43", "\x78": 0xb2, "\x79": -0x32, "\x7a": 0x12 },
      { "\x65\x6c\x65\x6d": "\x43", "\x78": 0x6c, "\x79": -0x73, "\x7a": -0x42 },
      { "\x65\x6c\x65\x6d": "\x43", "\x78": 0x36, "\x79": -0x76, "\x7a": -0x63 },
      { "\x65\x6c\x65\x6d": "\x43", "\x78": 0x0, "\x79": -0x8e, "\x7a": -0x4c },
      { "\x65\x6c\x65\x6d": "\x43", "\x78": -0x36, "\x79": -0x76, "\x7a": -0x63 },
      { "\x65\x6c\x65\x6d": "\x43", "\x78": 0x0, "\x79": -0x26, "\x7a": -0x9c },
      { "\x65\x6c\x65\x6d": "\x43", "\x78": 0x37, "\x79": -0x43, "\x7a": -0x8b },
      { "\x65\x6c\x65\x6d": "\x43", "\x78": -0x36, "\x79": -0x43, "\x7a": -0x8b },
      { "\x65\x6c\x65\x6d": "\x43", "\x78": 0x8f, "\x79": 0x4, "\x7a": 0x6b },
      { "\x65\x6c\x65\x6d": "\x43", "\x78": 0x6c, "\x79": -0x2e, "\x7a": 0x7d },
      { "\x65\x6c\x65\x6d": "\x43", "\x78": 0xb2, "\x79": 0x2, "\x7a": 0x36 },
      { "\x65\x6c\x65\x6d": "\x43", "\x78": 0x6c, "\x79": -0x62, "\x7a": 0x59 },
      { "\x65\x6c\x65\x6d": "\x43", "\x78": 0x36, "\x79": -0x83, "\x7a": 0x51 },
      { "\x65\x6c\x65\x6d": "\x43", "\x78": 0x0, "\x79": -0x73, "\x7a": 0x70 },
      { "\x65\x6c\x65\x6d": "\x43", "\x78": -0x36, "\x79": -0x83, "\x7a": 0x51 },
      { "\x65\x6c\x65\x6d": "\x43", "\x78": 0x0, "\x79": -0xa1, "\x7a": -0xc },
      { "\x65\x6c\x65\x6d": "\x43", "\x78": 0x36, "\x79": -0x99, "\x7a": 0x15 },
      { "\x65\x6c\x65\x6d": "\x43", "\x78": -0x36, "\x79": -0x99, "\x7a": 0x15 },
      { "\x65\x6c\x65\x6d": "\x43", "\x78": 0x0, "\x79": -0x3d, "\x7a": 0x95 },
      { "\x65\x6c\x65\x6d": "\x43", "\x78": 0x36, "\x79": -0x1b, "\x7a": 0x98 },
      { "\x65\x6c\x65\x6d": "\x43", "\x78": -0x36, "\x79": -0x1b, "\x7a": 0x98 },
      { "\x65\x6c\x65\x6d": "\x43", "\x78": -0x8d, "\x79": -0x64, "\x7a": 0x24 },
      { "\x65\x6c\x65\x6d": "\x43", "\x78": -0x6c, "\x79": -0x62, "\x7a": 0x5a },
      { "\x65\x6c\x65\x6d": "\x43", "\x78": -0x6c, "\x79": -0x2e, "\x7a": 0x7d },
      { "\x65\x6c\x65\x6d": "\x43", "\x78": -0xb0, "\x79": -0x33, "\x7a": 0x12 },
      { "\x65\x6c\x65\x6d": "\x43", "\x78": -0x8e, "\x79": -0x42, "\x7a": -0x55 },
      { "\x65\x6c\x65\x6d": "\x43", "\x78": -0x6c, "\x79": -0x74, "\x7a": -0x42 },
      { "\x65\x6c\x65\x6d": "\x43", "\x78": -0x6c, "\x79": -0x85, "\x7a": -0x6 },
      { "\x65\x6c\x65\x6d": "\x43", "\x78": -0xb1, "\x79": -0x21, "\x7a": -0x2b },
      { "\x65\x6c\x65\x6d": "\x43", "\x78": -0x8e, "\x79": 0x3c, "\x7a": -0x59 },
      { "\x65\x6c\x65\x6d": "\x43", "\x78": -0x6c, "\x79": 0x1b, "\x7a": -0x82 },
      { "\x65\x6c\x65\x6d": "\x43", "\x78": -0x6c, "\x79": -0x24, "\x7a": -0x81 },
      { "\x65\x6c\x65\x6d": "\x43", "\x78": -0xb1, "\x79": 0x1e, "\x7a": -0x2d },
      { "\x65\x6c\x65\x6d": "\x43", "\x78": -0x8e, "\x79": 0x67, "\x7a": 0x1e },
      { "\x65\x6c\x65\x6d": "\x43", "\x78": -0x6d, "\x79": 0x85, "\x7a": -0xf },
      { "\x65\x6c\x65\x6d": "\x43", "\x78": -0x6d, "\x79": 0x70, "\x7a": -0x4a },
      { "\x65\x6c\x65\x6d": "\x43", "\x78": -0xb1, "\x79": 0x33, "\x7a": 0xf },
      { "\x65\x6c\x65\x6d": "\x43", "\x78": -0x8f, "\x79": 0x3, "\x7a": 0x6b },
      { "\x65\x6c\x65\x6d": "\x43", "\x78": -0x6c, "\x79": 0x37, "\x7a": 0x7a },
      { "\x65\x6c\x65\x6d": "\x43", "\x78": -0x6c, "\x79": 0x68, "\x7a": 0x53 },
      { "\x65\x6c\x65\x6d": "\x43", "\x78": -0xb1, "\x79": 0x2, "\x7a": 0x36 },
    ],
    [
      [0x0, 0x1, "\x64\x6f\x75\x62\x6c\x65"],
      [0x0, 0xa],
      [0x0, 0x2],
      [0x1, 0x3],
      [0x1, 0xf],
      [0x2, 0x9, "\x64\x6f\x75\x62\x6c\x65"],
      [0x2, 0x27],
      [0x3, 0x4, "\x64\x6f\x75\x62\x6c\x65"],
      [0x3, 0x25],
      [0x4, 0x5],
      [0x4, 0x30],
      [0x5, 0x6, "\x64\x6f\x75\x62\x6c\x65"],
      [0x5, 0xe],
      [0x6, 0x43],
      [0x6, 0x31],
      [0x7, 0x8, "\x64\x6f\x75\x62\x6c\x65"],
      [0x7, 0x14],
      [0x7, 0x9],
      [0x8, 0xa],
      [0x8, 0x19],
      [0x9, 0x13],
      [0xa, 0xb, "\x64\x6f\x75\x62\x6c\x65"],
      [0xb, 0xc],
      [0xb, 0xf],
      [0xc, 0xd, "\x64\x6f\x75\x62\x6c\x65"],
      [0xc, 0x18],
      [0xd, 0x3f],
      [0xd, 0x10],
      [0xe, 0xf, "\x64\x6f\x75\x62\x6c\x65"],
      [0xe, 0x10],
      [0x10, 0x44, "\x64\x6f\x75\x62\x6c\x65"],
      [0x11, 0x1e],
      [0x11, 0x12],
      [0x11, 0x13, "\x64\x6f\x75\x62\x6c\x65"],
      [0x12, 0x14, "\x64\x6f\x75\x62\x6c\x65"],
      [0x12, 0x23],
      [0x13, 0x1d],
      [0x14, 0x15],
      [0x15, 0x16, "\x64\x6f\x75\x62\x6c\x65"],
      [0x15, 0x19],
      [0x16, 0x17],
      [0x16, 0x22],
      [0x17, 0x3b, "\x64\x6f\x75\x62\x6c\x65"],
      [0x17, 0x1a],
      [0x18, 0x19, "\x64\x6f\x75\x62\x6c\x65"],
      [0x18, 0x1a],
      [0x1a, 0x40, "\x64\x6f\x75\x62\x6c\x65"],
      [0x1b, 0x28],
      [0x1b, 0x1c],
      [0x1b, 0x1d, "\x64\x6f\x75\x62\x6c\x65"],
      [0x1c, 0x1e, "\x64\x6f\x75\x62\x6c\x65"],
      [0x1c, 0x2d],
      [0x1d, 0x27],
      [0x1e, 0x1f],
      [0x1f, 0x20, "\x64\x6f\x75\x62\x6c\x65"],
      [0x1f, 0x23],
      [0x20, 0x21],
      [0x20, 0x2c],
      [0x21, 0x37, "\x64\x6f\x75\x62\x6c\x65"],
      [0x21, 0x24],
      [0x22, 0x24],
      [0x22, 0x23, "\x64\x6f\x75\x62\x6c\x65"],
      [0x24, 0x3c, "\x64\x6f\x75\x62\x6c\x65"],
      [0x25, 0x27, "\x64\x6f\x75\x62\x6c\x65"],
      [0x25, 0x26],
      [0x26, 0x28, "\x64\x6f\x75\x62\x6c\x65"],
      [0x26, 0x30],
      [0x28, 0x29],
      [0x29, 0x2a, "\x64\x6f\x75\x62\x6c\x65"],
      [0x29, 0x2d],
      [0x2a, 0x2b],
      [0x2a, 0x2f],
      [0x2b, 0x33, "\x64\x6f\x75\x62\x6c\x65"],
      [0x2b, 0x2e],
      [0x2c, 0x2d, "\x64\x6f\x75\x62\x6c\x65"],
      [0x2c, 0x2e],
      [0x2e, 0x38, "\x64\x6f\x75\x62\x6c\x65"],
      [0x2f, 0x31],
      [0x2f, 0x30, "\x64\x6f\x75\x62\x6c\x65"],
      [0x31, 0x34, "\x64\x6f\x75\x62\x6c\x65"],
      [0x32, 0x33],
      [0x32, 0x38],
      [0x32, 0x35, "\x64\x6f\x75\x62\x6c\x65"],
      [0x33, 0x34],
      [0x34, 0x42],
      [0x35, 0x39],
      [0x35, 0x45],
      [0x36, 0x3c],
      [0x36, 0x37],
      [0x36, 0x39, "\x64\x6f\x75\x62\x6c\x65"],
      [0x37, 0x38],
      [0x39, 0x3d],
      [0x3a, 0x40],
      [0x3a, 0x3b],
      [0x3a, 0x3d, "\x64\x6f\x75\x62\x6c\x65"],
      [0x3b, 0x3c],
      [0x3d, 0x41],
      [0x3e, 0x44],
      [0x3e, 0x3f, "\x64\x6f\x75\x62\x6c\x65"],
      [0x3e, 0x41],
      [0x3f, 0x40],
      [0x41, 0x45, "\x64\x6f\x75\x62\x6c\x65"],
      [0x42, 0x45],
      [0x42, 0x43, "\x64\x6f\x75\x62\x6c\x65"],
      [0x43, 0x44],
    ],
    null,
    "\x3c\x64\x69\x76\x20\x63\x6c\x61\x73\x73\x3d\x22\x69\x6e\x66\x6f\x2d\x73\x65\x63\x74\x69\x6f\x6e\x22\x3e\x0a\x20\x20\x20\x20\x20\x20\x20\x20\x3c\x64\x69\x76\x20\x63\x6c\x61\x73\x73\x3d\x22\x69\x6e\x66\x6f\x2d\x74\x69\x74\x6c\x65\x22\x3e\u2697\ufe0f\x20\u7269\u8cea\u6027\u8cea\x3c\x2f\x64\x69\x76\x3e\x0a\x20\x20\x20\x20\x20\x20\x20\x20\x3c\x64\x69\x76\x20\x63\x6c\x61\x73\x73\x3d\x22\x69\x6e\x66\x6f\x2d\x62\x6f\x64\x79\x22\x3e\x0a\x20\x20\x20\x20\x20\x20\x20\x20\x20\x20\x20\x20\x3c\x73\x70\x61\x6e\x20\x63\x6c\x61\x73\x73\x3d\x22\x68\x69\x67\x68\x6c\x69\x67\x68\x74\x2d\x74\x69\x74\x6c\x65\x22\x3e\x31\x2e\x20\u7acb\u9ad4\u7d50\u69cb\uff1a\x3c\x2f\x73\x70\x61\x6e\x3e\x43\x37\x30\x20\u662f\u7e7c\x20\x43\x36\x30\x20\u4e4b\u5f8c\u6700\u7a69\u5b9a\u7684\u5bcc\u52d2\u70ef\u6210\u54e1\u3002\u5176\u5206\u5b50\u7d50\u69cb\u5305\u542b\x20\x37\x30\x20\u500b\u78b3\u539f\u5b50\uff0c\u69cb\u6210\u4e00\u500b\u5c01\u9589\u7684\u7c60\u72c0\u7cfb\u7d71\uff0c\u5305\u542b\x20\x3c\x73\x74\x72\x6f\x6e\x67\x3e\x31\x32\u500b\u4e94\u908a\u5f62\x3c\x2f\x73\x74\x72\x6f\x6e\x67\x3e\x20\u8207\x20\x3c\x73\x74\x72\x6f\x6e\x67\x3e\x32\x35\u500b\u516d\u908a\u5f62\x3c\x2f\x73\x74\x72\x6f\x6e\x67\x3e\u3002\u8207\u7403\u5f62\u7684\x20\x43\x36\x30\x20\u4e0d\u540c\uff0c\x43\x37\x30\x20\u7684\u5f62\u72c0\u7d30\u9577\uff0c\u5169\u7aef\u8f03\u5c16\uff0c\u4e2d\u9593\u8f03\u5bec\uff0c\u5916\u89c0\u6975\u50cf\u6a44\u6b16\u7403\uff0c\u5c6c\u65bc\x20\x3c\x73\x74\x72\x6f\x6e\x67\x3e\x44\x35\x68\x3c\x2f\x73\x74\x72\x6f\x6e\x67\x3e\x20\u9ede\u7fa4\u3002\x3c\x62\x72\x3e\x0a\x20\x20\x20\x20\x20\x20\x20\x20\x20\x20\x20\x20\x3c\x73\x70\x61\x6e\x20\x63\x6c\x61\x73\x73\x3d\x22\x68\x69\x67\x68\x6c\x69\x67\x68\x74\x2d\x74\x69\x74\x6c\x65\x22\x3e\x32\x2e\x20\u7269\u7406\u6027\u8cea\uff1a\x3c\x2f\x73\x70\x61\x6e\x3e\u5e38\u6eab\u4e0b\u70ba\u7d05\u68d5\u8272\u56fa\u9ad4\u3002\u7531\u65bc\u5176\u4e0d\u5c0d\u7a31\u7684\u96fb\u5b50\u96f2\u5206\u5e03\uff0c\x43\x37\x30\x20\u5728\u6709\u6a5f\u6eb6\u5291\uff08\u5982\u7532\u82ef\u3001\u4e8c\u786b\u5316\u78b3\uff09\u4e2d\u7684\u6eb6\u89e3\u5ea6\u901a\u5e38\u9ad8\u65bc\x20\x43\x36\x30\u3002\u96d6\u7136\u6574\u9ad4\u5448\u73fe\u66f2\u9762\uff0c\u4f46\u6bcf\u500b\u78b3\u539f\u5b50\u4ecd\u7dad\u6301\u96e2\u57df\x20\u03c0\x20\u96fb\u5b50\u7279\u6027\u7684\x20\x3c\x73\x74\x72\x6f\x6e\x67\x3e\x73\x70\u00b2\x20\u6df7\u6210\x3c\x2f\x73\x74\x72\x6f\x6e\x67\x3e\u3002\x3c\x62\x72\x3e\x0a\x20\x20\x20\x20\x20\x20\x20\x20\x20\x20\x20\x20\x3c\x73\x70\x61\x6e\x20\x63\x6c\x61\x73\x73\x3d\x22\x68\x69\x67\x68\x6c\x69\x67\x68\x74\x2d\x74\x69\x74\x6c\x65\x22\x3e\x33\x2e\x20\u5316\u5b78\u6d3b\u6027\uff1a\x3c\x2f\x73\x70\x61\x6e\x3e\u7531\u65bc\x20\x43\x37\x30\x20\u7684\u4e0d\u540c\u4f4d\u9ede\u66f2\u7387\u4e0d\u4e00\uff0c\u5176\u5316\u5b78\u53cd\u61c9\u5177\u6709\u5340\u57df\u9078\u64c7\u6027\uff0c\u7279\u5225\u662f\u5728\u6975\u9ede\u8655\u7684\u6d3b\u6027\u6700\u9ad8\u3002\x0a\x20\x20\x20\x20\x20\x20\x20\x20\x3c\x2f\x64\x69\x76\x3e\x0a\x20\x20\x20\x20\x3c\x2f\x64\x69\x76\x3e\x0a\x20\x20\x20\x20\x3c\x64\x69\x76\x20\x63\x6c\x61\x73\x73\x3d\x22\x69\x6e\x66\x6f\x2d\x73\x65\x63\x74\x69\x6f\x6e\x22\x20\x73\x74\x79\x6c\x65\x3d\x22\x6d\x61\x72\x67\x69\x6e\x2d\x74\x6f\x70\x3a\x20\x31\x32\x70\x78\x3b\x20\x62\x6f\x72\x64\x65\x72\x2d\x74\x6f\x70\x3a\x20\x31\x70\x78\x20\x64\x61\x73\x68\x65\x64\x20\x72\x67\x62\x61\x28\x32\x35\x35\x2c\x32\x35\x35\x2c\x32\x35\x35\x2c\x30\x2e\x32\x29\x3b\x20\x70\x61\x64\x64\x69\x6e\x67\x2d\x74\x6f\x70\x3a\x20\x31\x30\x70\x78\x3b\x22\x3e\x0a\x20\x20\x20\x20\x20\x20\x20\x20\x3c\x64\x69\x76\x20\x63\x6c\x61\x73\x73\x3d\x22\x69\x6e\x66\x6f\x2d\x74\x69\x74\x6c\x65\x22\x3e\ud83c\udfed\x20\u79d1\u6280\u61c9\u7528\x3c\x2f\x64\x69\x76\x3e\x0a\x20\x20\x20\x20\x20\x20\x20\x20\x3c\x64\x69\x76\x20\x63\x6c\x61\x73\x73\x3d\x22\x69\x6e\x66\x6f\x2d\x62\x6f\x64\x79\x22\x3e\x0a\x20\x20\x20\x20\x20\x20\x20\x20\x20\x20\x20\x20\x3c\x73\x70\x61\x6e\x20\x63\x6c\x61\x73\x73\x3d\x22\x68\x69\x67\x68\x6c\x69\x67\x68\x74\x2d\x74\x69\x74\x6c\x65\x22\x3e\x31\x2e\x20\u5149\u5b78\u7279\u6027\uff1a\x3c\x2f\x73\x70\x61\x6e\x3e\x43\x37\x30\x20\u5177\u6709\u6975\u5f37\u7684\u975e\u7dda\u6027\u5149\u5b78\u5438\u6536\u80fd\u529b\uff0c\u5e38\u7528\u65bc\u88fd\u9020\u5149\u5b78\u9650\u5e45\u5668\u4ee5\u4fdd\u8b77\u96f7\u5c04\u8a2d\u5099\u3002\x3c\x62\x72\x3e\x0a\x20\x20\x20\x20\x20\x20\x20\x20\x20\x20\x20\x20\x3c\x73\x70\x61\x6e\x20\x63\x6c\x61\x73\x73\x3d\x22\x68\x69\x67\x68\x6c\x69\x67\x68\x74\x2d\x74\x69\x74\x6c\x65\x22\x3e\x32\x2e\x20\u5149\u4f0f\u80fd\u6e90\uff1a\x3c\x2f\x73\x70\x61\x6e\x3e\x43\x37\x30\x20\u8207\u5176\u884d\u751f\u7269\u662f\u512a\u826f\u7684\u96fb\u5b50\u53d7\u9ad4\u6750\u6599\uff0c\u5ee3\u6cdb\u61c9\u7528\u65bc\x3c\x73\x74\x72\x6f\x6e\x67\x3e\u6709\u6a5f\u592a\u967d\u80fd\u96fb\u6c60\x3c\x2f\x73\x74\x72\x6f\x6e\x67\x3e\u4e2d\uff0c\u80fd\u6709\u6548\u5730\u6355\u6349\u4e26\u50b3\u8f38\u5149\u751f\u96fb\u5b50\u3002\x3c\x62\x72\x3e\x0a\x20\x20\x20\x20\x20\x20\x20\x20\x20\x20\x20\x20\x3c\x73\x70\x61\x6e\x20\x63\x6c\x61\x73\x73\x3d\x22\x68\x69\x67\x68\x6c\x69\x67\x68\x74\x2d\x74\x69\x74\x6c\x65\x22\x3e\x33\x2e\x20\u9ad8\u7aef\u6f64\u6ed1\uff1a\x3c\x2f\x73\x70\x61\x6e\x3e\u5176\u7368\u7279\u7684\u6a62\u7403\u5f62\u7d50\u69cb\u4f7f\u5176\u5728\u7279\u5b9a\u58d3\u529b\u4e0b\u80fd\u4f5c\u70ba\u5948\u7c73\u7d1a\u7684\u300c\u5206\u5b50\u6efe\u73e0\u300d\uff0c\u63d0\u4f9b\u6975\u4f4e\u6469\u64e6\u4fc2\u6578\u7684\u6f64\u6ed1\u6027\u80fd\u3002\x0a\x20\x20\x20\x20\x20\x20\x20\x20\x3c\x2f\x64\x69\x76\x3e\x0a\x20\x20\x20\x20\x3c\x2f\x64\x69\x76\x3e",
    "\x44\x35\x68",
  ),
  addMol(
    "\x43\x38\x30\x7c\u78b3\x38\x30\x7c\u5bcc\u52d2\u70ef",
    "\x43",
    "\x73\x70\u00b2",
    ["\u7c60\u72c0\u7d50\u69cb\x20\x28\x31\x32\u500b\u4e94\u908a\u5f62\x2c\x20\x33\x30\u500b\u516d\u908a\u5f62\x29", "\x43\x61\x67\x65\x20\x28\x31\x32\x20\x50\x65\x6e\x74\x61\x67\x6f\x6e\x73\x2c\x20\x33\x30\x20\x48\x65\x78\x61\x67\x6f\x6e\x73\x29"],
    "\x31\x30\x38\u00b0\x7e\x31\x32\x30\u00b0",
    "\x36\x30\x30\x20\x28\u6607\u83ef\x29",
    "\x4e\x2f\x41",
    [
      { "\x65\x6c\x65\x6d": "\x43", "\x78": 0x54, "\x79": -0x60, "\x7a": 0x72 },
      { "\x65\x6c\x65\x6d": "\x43", "\x78": 0x1c, "\x79": -0x68, "\x7a": 0x8f },
      { "\x65\x6c\x65\x6d": "\x43", "\x78": 0x4, "\x79": -0x36, "\x7a": 0xad },
      { "\x65\x6c\x65\x6d": "\x43", "\x78": -0xd, "\x79": -0x8e, "\x7a": 0x71 },
      { "\x65\x6c\x65\x6d": "\x43", "\x78": 0x1, "\x79": -0xab, "\x7a": 0x3a },
      { "\x65\x6c\x65\x6d": "\x43", "\x78": 0x39, "\x79": -0xa3, "\x7a": 0x1b },
      { "\x65\x6c\x65\x6d": "\x43", "\x78": 0x62, "\x79": -0x7d, "\x7a": 0x3b },
      { "\x65\x6c\x65\x6d": "\x43", "\x78": -0x4c, "\x79": -0x83, "\x7a": 0x71 },
      { "\x65\x6c\x65\x6d": "\x43", "\x78": -0x64, "\x79": -0x50, "\x7a": 0x90 },
      { "\x65\x6c\x65\x6d": "\x43", "\x78": -0x3b, "\x79": -0x2a, "\x7a": 0xae },
      { "\x65\x6c\x65\x6d": "\x43", "\x78": -0x96, "\x79": -0x35, "\x7a": 0x74 },
      { "\x65\x6c\x65\x6d": "\x43", "\x78": -0x35, "\x79": -0xb0, "\x7a": -0x24 },
      { "\x65\x6c\x65\x6d": "\x43", "\x78": -0x35, "\x79": -0xb1, "\x7a": 0x1a },
      { "\x65\x6c\x65\x6d": "\x43", "\x78": -0x65, "\x79": -0x98, "\x7a": 0x3b },
      { "\x65\x6c\x65\x6d": "\x43", "\x78": -0x96, "\x79": -0x7c, "\x7a": 0x1d },
      { "\x65\x6c\x65\x6d": "\x43", "\x78": -0xae, "\x79": -0x4a, "\x7a": 0x3d },
      { "\x65\x6c\x65\x6d": "\x43", "\x78": 0x62, "\x79": -0x79, "\x7a": -0x43 },
      { "\x65\x6c\x65\x6d": "\x43", "\x78": 0x39, "\x79": -0xa1, "\x7a": -0x26 },
      { "\x65\x6c\x65\x6d": "\x43", "\x78": 0x0, "\x79": -0xa7, "\x7a": -0x44 },
      { "\x65\x6c\x65\x6d": "\x43", "\x78": -0x9e, "\x79": 0xb, "\x7a": 0x76 },
      { "\x65\x6c\x65\x6d": "\x43", "\x78": -0x74, "\x79": 0x31, "\x7a": 0x94 },
      { "\x65\x6c\x65\x6d": "\x43", "\x78": -0x43, "\x79": 0x15, "\x7a": 0xb0 },
      { "\x65\x6c\x65\x6d": "\x43", "\x78": -0x6b, "\x79": 0x69, "\x7a": 0x78 },
      { "\x65\x6c\x65\x6d": "\x43", "\x78": -0xc6, "\x79": -0x16, "\x7a": -0x1f },
      { "\x65\x6c\x65\x6d": "\x43", "\x78": -0xc6, "\x79": -0x18, "\x7a": 0x1f },
      { "\x65\x6c\x65\x6d": "\x43", "\x78": -0xbc, "\x79": 0x1d, "\x7a": 0x40 },
      { "\x65\x6c\x65\x6d": "\x43", "\x78": -0xb1, "\x79": 0x55, "\x7a": 0x24 },
      { "\x65\x6c\x65\x6d": "\x43", "\x78": -0x88, "\x79": 0x7b, "\x7a": 0x43 },
      { "\x65\x6c\x65\x6d": "\x43", "\x78": -0x65, "\x79": -0x94, "\x7a": -0x43 },
      { "\x65\x6c\x65\x6d": "\x43", "\x78": -0x96, "\x79": -0x7a, "\x7a": -0x24 },
      { "\x65\x6c\x65\x6d": "\x43", "\x78": -0xaf, "\x79": -0x46, "\x7a": -0x41 },
      { "\x65\x6c\x65\x6d": "\x43", "\x78": -0x31, "\x79": 0x85, "\x7a": 0x79 },
      { "\x65\x6c\x65\x6d": "\x43", "\x78": 0x1, "\x79": 0x68, "\x7a": 0x95 },
      { "\x65\x6c\x65\x6d": "\x43", "\x78": -0x9, "\x79": 0x30, "\x7a": 0xb1 },
      { "\x65\x6c\x65\x6d": "\x43", "\x78": 0x39, "\x79": 0x71, "\x7a": 0x78 },
      { "\x65\x6c\x65\x6d": "\x43", "\x78": -0x61, "\x79": 0xa3, "\x7a": -0x1a },
      { "\x65\x6c\x65\x6d": "\x43", "\x78": -0x61, "\x79": 0xa1, "\x7a": 0x24 },
      { "\x65\x6c\x65\x6d": "\x43", "\x78": -0x2b, "\x79": 0xa7, "\x7a": 0x44 },
      { "\x65\x6c\x65\x6d": "\x43", "\x78": 0xd, "\x79": 0xaf, "\x7a": 0x26 },
      { "\x65\x6c\x65\x6d": "\x43", "\x78": 0x3f, "\x79": 0x93, "\x7a": 0x43 },
      { "\x65\x6c\x65\x6d": "\x43", "\x78": -0xbc, "\x79": 0x20, "\x7a": -0x3d },
      { "\x65\x6c\x65\x6d": "\x43", "\x78": -0xb1, "\x79": 0x57, "\x7a": -0x1e },
      { "\x65\x6c\x65\x6d": "\x43", "\x78": -0x88, "\x79": 0x7f, "\x7a": -0x3b },
      { "\x65\x6c\x65\x6d": "\x43", "\x78": 0x65, "\x79": 0x42, "\x7a": 0x77 },
      { "\x65\x6c\x65\x6d": "\x43", "\x78": 0x5a, "\x79": 0xa, "\x7a": 0x92 },
      { "\x65\x6c\x65\x6d": "\x43", "\x78": 0x23, "\x79": 0x2, "\x7a": 0xaf },
      { "\x65\x6c\x65\x6d": "\x43", "\x78": 0x73, "\x79": -0x28, "\x7a": 0x73 },
      { "\x65\x6c\x65\x6d": "\x43", "\x78": 0x6e, "\x79": 0x7c, "\x7a": -0x1c },
      { "\x65\x6c\x65\x6d": "\x43", "\x78": 0x6f, "\x79": 0x7a, "\x7a": 0x22 },
      { "\x65\x6c\x65\x6d": "\x43", "\x78": 0x86, "\x79": 0x48, "\x7a": 0x41 },
      { "\x65\x6c\x65\x6d": "\x43", "\x78": 0x9e, "\x79": 0x16, "\x7a": 0x21 },
      { "\x65\x6c\x65\x6d": "\x43", "\x78": 0x94, "\x79": -0x22, "\x7a": 0x3d },
      { "\x65\x6c\x65\x6d": "\x43", "\x78": -0x2b, "\x79": 0xab, "\x7a": -0x3a },
      { "\x65\x6c\x65\x6d": "\x43", "\x78": 0xd, "\x79": 0xb1, "\x7a": -0x1c },
      { "\x65\x6c\x65\x6d": "\x43", "\x78": 0x3f, "\x79": 0x97, "\x7a": -0x3b },
      { "\x65\x6c\x65\x6d": "\x43", "\x78": 0x85, "\x79": 0x4c, "\x7a": -0x3d },
      { "\x65\x6c\x65\x6d": "\x43", "\x78": 0x9e, "\x79": 0x18, "\x7a": -0x21 },
      { "\x65\x6c\x65\x6d": "\x43", "\x78": 0x93, "\x79": -0x1f, "\x7a": -0x41 },
      { "\x65\x6c\x65\x6d": "\x43", "\x78": 0x8a, "\x79": -0x55, "\x7a": -0x22 },
      { "\x65\x6c\x65\x6d": "\x43", "\x78": 0x8a, "\x79": -0x57, "\x7a": 0x1c },
      { "\x65\x6c\x65\x6d": "\x43", "\x78": 0x64, "\x79": 0x4a, "\x7a": -0x73 },
      { "\x65\x6c\x65\x6d": "\x43", "\x78": 0x21, "\x79": 0xc, "\x7a": -0xae },
      { "\x65\x6c\x65\x6d": "\x43", "\x78": 0x59, "\x79": 0x12, "\x7a": -0x91 },
      { "\x65\x6c\x65\x6d": "\x43", "\x78": 0x72, "\x79": -0x22, "\x7a": -0x77 },
      { "\x65\x6c\x65\x6d": "\x43", "\x78": -0x32, "\x79": 0x8c, "\x7a": -0x71 },
      { "\x65\x6c\x65\x6d": "\x43", "\x78": -0xb, "\x79": 0x3a, "\x7a": -0xad },
      { "\x65\x6c\x65\x6d": "\x43", "\x78": 0x0, "\x79": 0x71, "\x7a": -0x8e },
      { "\x65\x6c\x65\x6d": "\x43", "\x78": 0x38, "\x79": 0x78, "\x7a": -0x72 },
      { "\x65\x6c\x65\x6d": "\x43", "\x78": -0x9f, "\x79": 0x11, "\x7a": -0x74 },
      { "\x65\x6c\x65\x6d": "\x43", "\x78": -0x44, "\x79": 0x1f, "\x7a": -0xad },
      { "\x65\x6c\x65\x6d": "\x43", "\x78": -0x76, "\x79": 0x39, "\x7a": -0x90 },
      { "\x65\x6c\x65\x6d": "\x43", "\x78": -0x6c, "\x79": 0x71, "\x7a": -0x72 },
      { "\x65\x6c\x65\x6d": "\x43", "\x78": -0x4d, "\x79": -0x7c, "\x7a": -0x79 },
      { "\x65\x6c\x65\x6d": "\x43", "\x78": -0x3c, "\x79": -0x20, "\x7a": -0xaf },
      { "\x65\x6c\x65\x6d": "\x43", "\x78": -0x65, "\x79": -0x48, "\x7a": -0x94 },
      { "\x65\x6c\x65\x6d": "\x43", "\x78": -0x97, "\x79": -0x2e, "\x7a": -0x76 },
      { "\x65\x6c\x65\x6d": "\x43", "\x78": 0x53, "\x79": -0x5a, "\x7a": -0x79 },
      { "\x65\x6c\x65\x6d": "\x43", "\x78": 0x3, "\x79": -0x2c, "\x7a": -0xb0 },
      { "\x65\x6c\x65\x6d": "\x43", "\x78": 0x1b, "\x79": -0x60, "\x7a": -0x95 },
      { "\x65\x6c\x65\x6d": "\x43", "\x78": -0xe, "\x79": -0x88, "\x7a": -0x7a },
    ],
    [
      [0x0, 0x1, "\x64\x6f\x75\x62\x6c\x65"],
      [0x0, 0x6],
      [0x0, 0x2e],
      [0x1, 0x2],
      [0x1, 0x3],
      [0x2, 0x2d, "\x64\x6f\x75\x62\x6c\x65"],
      [0x2, 0x9],
      [0x3, 0x4, "\x64\x6f\x75\x62\x6c\x65"],
      [0x3, 0x7],
      [0x4, 0xc],
      [0x4, 0x5],
      [0x5, 0x6, "\x64\x6f\x75\x62\x6c\x65"],
      [0x5, 0x11],
      [0x6, 0x3b],
      [0x7, 0x8, "\x64\x6f\x75\x62\x6c\x65"],
      [0x7, 0xd],
      [0x8, 0x9],
      [0x8, 0xa],
      [0x9, 0x15, "\x64\x6f\x75\x62\x6c\x65"],
      [0xa, 0xf, "\x64\x6f\x75\x62\x6c\x65"],
      [0xa, 0x13],
      [0xb, 0xc, "\x64\x6f\x75\x62\x6c\x65"],
      [0xb, 0x12],
      [0xb, 0x1c],
      [0xc, 0xd],
      [0xd, 0xe, "\x64\x6f\x75\x62\x6c\x65"],
      [0xe, 0xf],
      [0xe, 0x1d],
      [0xf, 0x18],
      [0x10, 0x3a],
      [0x10, 0x4c],
      [0x10, 0x11, "\x64\x6f\x75\x62\x6c\x65"],
      [0x11, 0x12],
      [0x12, 0x4f, "\x64\x6f\x75\x62\x6c\x65"],
      [0x13, 0x14, "\x64\x6f\x75\x62\x6c\x65"],
      [0x13, 0x19],
      [0x14, 0x15],
      [0x14, 0x16],
      [0x15, 0x21],
      [0x16, 0x1b, "\x64\x6f\x75\x62\x6c\x65"],
      [0x16, 0x1f],
      [0x17, 0x18, "\x64\x6f\x75\x62\x6c\x65"],
      [0x17, 0x28],
      [0x17, 0x1e],
      [0x18, 0x19],
      [0x19, 0x1a, "\x64\x6f\x75\x62\x6c\x65"],
      [0x1a, 0x1b],
      [0x1a, 0x29],
      [0x1b, 0x24],
      [0x1c, 0x48, "\x64\x6f\x75\x62\x6c\x65"],
      [0x1c, 0x1d],
      [0x1d, 0x1e, "\x64\x6f\x75\x62\x6c\x65"],
      [0x1e, 0x4b],
      [0x1f, 0x20],
      [0x1f, 0x25, "\x64\x6f\x75\x62\x6c\x65"],
      [0x20, 0x21, "\x64\x6f\x75\x62\x6c\x65"],
      [0x20, 0x22],
      [0x21, 0x2d],
      [0x22, 0x27, "\x64\x6f\x75\x62\x6c\x65"],
      [0x22, 0x2b],
      [0x23, 0x24, "\x64\x6f\x75\x62\x6c\x65"],
      [0x23, 0x2a],
      [0x23, 0x34],
      [0x24, 0x25],
      [0x25, 0x26],
      [0x26, 0x27],
      [0x26, 0x35, "\x64\x6f\x75\x62\x6c\x65"],
      [0x27, 0x30],
      [0x28, 0x44, "\x64\x6f\x75\x62\x6c\x65"],
      [0x28, 0x29],
      [0x29, 0x2a, "\x64\x6f\x75\x62\x6c\x65"],
      [0x2a, 0x47],
      [0x2b, 0x2c, "\x64\x6f\x75\x62\x6c\x65"],
      [0x2b, 0x31],
      [0x2c, 0x2d],
      [0x2c, 0x2e],
      [0x2e, 0x33, "\x64\x6f\x75\x62\x6c\x65"],
      [0x2f, 0x30, "\x64\x6f\x75\x62\x6c\x65"],
      [0x2f, 0x37],
      [0x2f, 0x36],
      [0x30, 0x31],
      [0x31, 0x32, "\x64\x6f\x75\x62\x6c\x65"],
      [0x32, 0x33],
      [0x32, 0x38],
      [0x33, 0x3b],
      [0x34, 0x40, "\x64\x6f\x75\x62\x6c\x65"],
      [0x34, 0x35],
      [0x35, 0x36],
      [0x36, 0x43, "\x64\x6f\x75\x62\x6c\x65"],
      [0x37, 0x3c, "\x64\x6f\x75\x62\x6c\x65"],
      [0x37, 0x38],
      [0x38, 0x39, "\x64\x6f\x75\x62\x6c\x65"],
      [0x39, 0x3a],
      [0x39, 0x3f],
      [0x3a, 0x3b, "\x64\x6f\x75\x62\x6c\x65"],
      [0x3c, 0x3e],
      [0x3c, 0x43],
      [0x3d, 0x3e, "\x64\x6f\x75\x62\x6c\x65"],
      [0x3d, 0x41],
      [0x3d, 0x4d],
      [0x3e, 0x3f],
      [0x3f, 0x4c, "\x64\x6f\x75\x62\x6c\x65"],
      [0x40, 0x42],
      [0x40, 0x47],
      [0x41, 0x42, "\x64\x6f\x75\x62\x6c\x65"],
      [0x41, 0x45],
      [0x42, 0x43],
      [0x44, 0x46],
      [0x44, 0x4b],
      [0x45, 0x46],
      [0x45, 0x49, "\x64\x6f\x75\x62\x6c\x65"],
      [0x46, 0x47, "\x64\x6f\x75\x62\x6c\x65"],
      [0x48, 0x4a],
      [0x48, 0x4f],
      [0x49, 0x4a],
      [0x49, 0x4d],
      [0x4a, 0x4b, "\x64\x6f\x75\x62\x6c\x65"],
      [0x4c, 0x4e],
      [0x4d, 0x4e, "\x64\x6f\x75\x62\x6c\x65"],
      [0x4e, 0x4f],
    ],
    null,
    "\x3c\x64\x69\x76\x20\x63\x6c\x61\x73\x73\x3d\x22\x69\x6e\x66\x6f\x2d\x73\x65\x63\x74\x69\x6f\x6e\x22\x3e\x0a\x20\x20\x20\x20\x20\x20\x20\x20\x3c\x64\x69\x76\x20\x63\x6c\x61\x73\x73\x3d\x22\x69\x6e\x66\x6f\x2d\x74\x69\x74\x6c\x65\x22\x3e\u2697\ufe0f\x20\u7269\u8cea\u6027\u8cea\x3c\x2f\x64\x69\x76\x3e\x0a\x20\x20\x20\x20\x20\x20\x20\x20\x3c\x64\x69\x76\x20\x63\x6c\x61\x73\x73\x3d\x22\x69\x6e\x66\x6f\x2d\x62\x6f\x64\x79\x22\x3e\x0a\x20\x20\x20\x20\x20\x20\x20\x20\x20\x20\x20\x20\x3c\x73\x70\x61\x6e\x20\x63\x6c\x61\x73\x73\x3d\x22\x68\x69\x67\x68\x6c\x69\x67\x68\x74\x2d\x74\x69\x74\x6c\x65\x22\x3e\x31\x2e\x20\u7acb\u9ad4\u7d50\u69cb\uff1a\x3c\x2f\x73\x70\x61\x6e\x3e\x43\x38\x30\x20\u662f\u5bcc\u52d2\u70ef\u5bb6\u65cf\u4e2d\u7684\u91cd\u8981\u6210\u54e1\uff0c\u5176\u5c01\u9589\u7c60\u72c0\u7d50\u69cb\u7531\x20\x38\x30\x20\u500b\u78b3\u539f\u5b50\u7d44\u6210\uff0c\u5305\u542b\x20\x3c\x73\x74\x72\x6f\x6e\x67\x3e\x31\x32\u500b\u4e94\u908a\u5f62\x3c\x2f\x73\x74\x72\x6f\x6e\x67\x3e\x20\u8207\x20\x3c\x73\x74\x72\x6f\x6e\x67\x3e\x33\x30\u500b\u516d\u908a\u5f62\x3c\x2f\x73\x74\x72\x6f\x6e\x67\x3e\u3002\x43\x38\x30\x20\u5177\u6709\u591a\u7a2e\u7570\u69cb\u7269\uff0c\u5176\u4e2d\u4ee5\x20\x3c\x73\x74\x72\x6f\x6e\x67\x3e\x49\x68\x3c\x2f\x73\x74\x72\x6f\x6e\x67\x3e\x20\u548c\x20\x3c\x73\x74\x72\x6f\x6e\x67\x3e\x44\x35\x68\x3c\x2f\x73\x74\x72\x6f\x6e\x67\x3e\x20\u5c0d\u7a31\u6027\u6700\u53d7\u95dc\u6ce8\u3002\x3c\x62\x72\x3e\x0a\x20\x20\x20\x20\x20\x20\x20\x20\x20\x20\x20\x20\x3c\x73\x70\x61\x6e\x20\x63\x6c\x61\x73\x73\x3d\x22\x68\x69\x67\x68\x6c\x69\x67\x68\x74\x2d\x74\x69\x74\x6c\x65\x22\x3e\x32\x2e\x20\u7269\u7406\u6027\u8cea\uff1a\x3c\x2f\x73\x70\x61\x6e\x3e\u8207\x20\x43\x36\x30\x20\u985e\u4f3c\uff0c\x43\x38\x30\x20\u5177\u6709\u9ad8\u5ea6\u96e2\u57df\u7684\x20\u03c0\x20\u96fb\u5b50\u7cfb\u7d71\u3002\u5728\u5b8f\u89c0\u72c0\u614b\u4e0b\u901a\u5e38\u70ba\u6697\u9ed1\u8272\u56fa\u9ad4\u3002\u5176\u5206\u5b50\u5167\u90e8\u7a7a\u9593\u8f03\u5927\uff0c\u975e\u5e38\u9069\u5408\u4f5c\u70ba\u91d1\u5c6c\u539f\u5b50\u7684\u5c01\u88dd\u8f09\u9ad4\u3002\x3c\x62\x72\x3e\x0a\x20\x20\x20\x20\x20\x20\x20\x20\x20\x20\x20\x20\x3c\x73\x70\x61\x6e\x20\x63\x6c\x61\x73\x73\x3d\x22\x68\x69\x67\x68\x6c\x69\x67\x68\x74\x2d\x74\x69\x74\x6c\x65\x22\x3e\x33\x2e\x20\u7279\u6b8a\u6027\u8cea\uff1a\x3c\x2f\x73\x70\x61\x6e\x3e\u7d14\x20\x43\x38\x30\x20\u7684\u96fb\u5b50\u7d50\u69cb\u76f8\u5c0d\u4e0d\u7a69\u5b9a\uff0c\u4f46\u7576\u7c60\u5167\u5d4c\u5165\u7279\u5b9a\u91d1\u5c6c\u539f\u5b50\uff08\u5982\u9227\x20\x53\x63\u3001\u946d\x20\x4c\x61\uff09\u5f62\u6210\x3c\x73\x74\x72\x6f\x6e\x67\x3e\u5167\u5d4c\u5bcc\u52d2\u70ef\x3c\x2f\x73\x74\x72\x6f\x6e\x67\x3e\u6642\uff0c\u7d50\u69cb\u6703\u8b8a\u5f97\u7570\u5e38\u7a69\u5b9a\uff0c\u5c55\u73fe\u51fa\u7368\u7279\u7684\u78c1\u5b78\u8207\u96fb\u5b78\u7279\u6027\u3002\x0a\x20\x20\x20\x20\x20\x20\x20\x20\x3c\x2f\x64\x69\x76\x3e\x0a\x20\x20\x20\x20\x3c\x2f\x64\x69\x76\x3e\x0a\x20\x20\x20\x20\x3c\x64\x69\x76\x20\x63\x6c\x61\x73\x73\x3d\x22\x69\x6e\x66\x6f\x2d\x73\x65\x63\x74\x69\x6f\x6e\x22\x20\x73\x74\x79\x6c\x65\x3d\x22\x6d\x61\x72\x67\x69\x6e\x2d\x74\x6f\x70\x3a\x20\x31\x32\x70\x78\x3b\x20\x62\x6f\x72\x64\x65\x72\x2d\x74\x6f\x70\x3a\x20\x31\x70\x78\x20\x64\x61\x73\x68\x65\x64\x20\x72\x67\x62\x61\x28\x32\x35\x35\x2c\x32\x35\x35\x2c\x32\x35\x35\x2c\x30\x2e\x32\x29\x3b\x20\x70\x61\x64\x64\x69\x6e\x67\x2d\x74\x6f\x70\x3a\x20\x31\x30\x70\x78\x3b\x22\x3e\x0a\x20\x20\x20\x20\x20\x20\x20\x20\x3c\x64\x69\x76\x20\x63\x6c\x61\x73\x73\x3d\x22\x69\x6e\x66\x6f\x2d\x74\x69\x74\x6c\x65\x22\x3e\ud83c\udfed\x20\u524d\u7aef\u61c9\u7528\x3c\x2f\x64\x69\x76\x3e\x0a\x20\x20\x20\x20\x20\x20\x20\x20\x3c\x64\x69\x76\x20\x63\x6c\x61\x73\x73\x3d\x22\x69\x6e\x66\x6f\x2d\x62\x6f\x64\x79\x22\x3e\x0a\x20\x20\x20\x20\x20\x20\x20\x20\x20\x20\x20\x20\x3c\x73\x70\x61\x6e\x20\x63\x6c\x61\x73\x73\x3d\x22\x68\x69\x67\x68\x6c\x69\x67\x68\x74\x2d\x74\x69\x74\x6c\x65\x22\x3e\x31\x2e\x20\u5167\u5d4c\u5bcc\u52d2\u70ef\u7814\u7a76\uff1a\x3c\x2f\x73\x70\x61\x6e\x3e\x43\x38\x30\x20\u662f\u88fd\u9020\u91d1\u5c6c\u5167\u5d4c\u5bcc\u52d2\u70ef\uff08\x45\x6e\x64\x6f\x68\x65\x64\x72\x61\x6c\x20\x46\x75\x6c\x6c\x65\x72\x65\x6e\x65\x73\uff09\u6700\u5e38\u7528\u7684\u6750\u6599\u4e4b\u4e00\u3002\u4f8b\u5982\x20\x24\x53\x63\x5f\x33\x4e\x40\x43\x5f\x7b\x38\x30\x7d\x24\x20\u662f\u76ee\u524d\u7522\u91cf\u6700\u9ad8\u4e14\u61c9\u7528\u6700\u5ee3\u7684\u5167\u5d4c\u7d50\u69cb\u3002\x3c\x62\x72\x3e\x0a\x20\x20\x20\x20\x20\x20\x20\x20\x20\x20\x20\x20\x3c\x73\x70\x61\x6e\x20\x63\x6c\x61\x73\x73\x3d\x22\x68\x69\x67\x68\x6c\x69\x67\x68\x74\x2d\x74\x69\x74\x6c\x65\x22\x3e\x32\x2e\x20\u91cf\u5b50\u8a08\u7b97\uff1a\x3c\x2f\x73\x70\x61\x6e\x3e\u7531\u65bc\u5176\u7a69\u5b9a\u7684\u5167\u90e8\u7a7a\u9593\u53ef\u4fdd\u8b77\u5d4c\u5165\u539f\u5b50\u7684\u81ea\u65cb\u614b\uff0c\u79d1\u5b78\u5bb6\u6b63\u7814\u7a76\u5229\u7528\u5167\u5d4c\x20\x43\x38\x30\x20\u4f5c\u70ba\u91cf\u5b50\u8a08\u7b97\u4e2d\u7684\x3c\x73\x74\x72\x6f\x6e\x67\x3e\u91cf\u5b50\u4f4d\u5143\x20\x28\x51\x75\x62\x69\x74\x73\x29\x3c\x2f\x73\x74\x72\x6f\x6e\x67\x3e\x20\u8f09\u9ad4\u3002\x3c\x62\x72\x3e\x0a\x20\x20\x20\x20\x20\x20\x20\x20\x20\x20\x20\x20\x3c\x73\x70\x61\x6e\x20\x63\x6c\x61\x73\x73\x3d\x22\x68\x69\x67\x68\x6c\x69\x67\x68\x74\x2d\x74\x69\x74\x6c\x65\x22\x3e\x33\x2e\x20\u751f\u7269\u91ab\u5b78\u9020\u5f71\uff1a\x3c\x2f\x73\x70\x61\x6e\x3e\u5c01\u88dd\u4e86\u91d3\x20\x28\x47\x64\x29\x20\u7684\x20\x43\x38\x30\x20\u884d\u751f\u7269\u5177\u6709\u6975\u4f73\u7684\u9806\u78c1\u6027\uff0c\u88ab\u958b\u767c\u70ba\u65b0\u4e00\u4ee3\u9ad8\u6548\u4e14\u4f4e\u6bd2\u6027\u7684\x20\x3c\x73\x74\x72\x6f\x6e\x67\x3e\x4d\x52\x49\x20\u5c0d\u6bd4\u5291\x3c\x2f\x73\x74\x72\x6f\x6e\x67\x3e\u3002\x0a\x20\x20\x20\x20\x20\x20\x20\x20\x3c\x2f\x64\x69\x76\x3e\x0a\x20\x20\x20\x20\x3c\x2f\x64\x69\x76\x3e",
    "\x44\x35\x68",
  ),
  addMol(
    "\x43\x39\x30\x7c\u78b3\x39\x30\x7c\u5bcc\u52d2\u70ef",
    "\x43",
    "\x73\x70\u00b2",
    ["\u7c60\u72c0\u7d50\u69cb\x20\x28\x31\x32\u500b\u4e94\u908a\u5f62\x2c\x20\x33\x35\u500b\u516d\u908a\u5f62\x29", "\x43\x61\x67\x65\x20\x28\x31\x32\x20\x50\x65\x6e\x74\x61\x67\x6f\x6e\x73\x2c\x20\x33\x35\x20\x48\x65\x78\x61\x67\x6f\x6e\x73\x29"],
    "\x31\x30\x38\u00b0\x7e\x31\x32\x30\u00b0",
    "\x4e\x2f\x41\x20\x28\u6607\u83ef\x29",
    "\x4e\x2f\x41",
    [
      { "\x65\x6c\x65\x6d": "\x43", "\x78": 0xc8, "\x79": -0x18, "\x7a": -0x21 },
      { "\x65\x6c\x65\x6d": "\x43", "\x78": 0xbc, "\x79": 0x1f, "\x7a": -0x3f },
      { "\x65\x6c\x65\x6d": "\x43", "\x78": 0x9b, "\x79": -0x7d, "\x7a": 0x1e },
      { "\x65\x6c\x65\x6d": "\x43", "\x78": 0x9b, "\x79": -0x7c, "\x7a": -0x20 },
      { "\x65\x6c\x65\x6d": "\x43", "\x78": 0xb1, "\x79": -0x4a, "\x7a": -0x3f },
      { "\x65\x6c\x65\x6d": "\x43", "\x78": 0x6b, "\x79": -0x98, "\x7a": 0x3c },
      { "\x65\x6c\x65\x6d": "\x43", "\x78": 0x67, "\x79": -0x76, "\x7a": -0x73 },
      { "\x65\x6c\x65\x6d": "\x43", "\x78": 0x8e, "\x79": -0x45, "\x7a": -0x74 },
      { "\x65\x6c\x65\x6d": "\x43", "\x78": 0x7d, "\x79": -0xe, "\x7a": -0x8f },
      { "\x65\x6c\x65\x6d": "\x43", "\x78": 0x98, "\x79": 0x24, "\x7a": -0x73 },
      { "\x65\x6c\x65\x6d": "\x43", "\x78": 0x31, "\x79": -0x72, "\x7a": -0x8f },
      { "\x65\x6c\x65\x6d": "\x43", "\x78": 0x0, "\x79": -0x93, "\x7a": 0x78 },
      { "\x65\x6c\x65\x6d": "\x43", "\x78": 0x0, "\x79": -0xb4, "\x7a": 0x40 },
      { "\x65\x6c\x65\x6d": "\x43", "\x78": 0x39, "\x79": -0xb5, "\x7a": 0x20 },
      { "\x65\x6c\x65\x6d": "\x43", "\x78": 0x39, "\x79": -0xb5, "\x7a": -0x22 },
      { "\x65\x6c\x65\x6d": "\x43", "\x78": 0x6c, "\x79": -0x98, "\x7a": -0x3e },
      { "\x65\x6c\x65\x6d": "\x43", "\x78": 0x0, "\x79": -0x91, "\x7a": -0x79 },
      { "\x65\x6c\x65\x6d": "\x43", "\x78": 0x0, "\x79": -0xb3, "\x7a": -0x41 },
      { "\x65\x6c\x65\x6d": "\x43", "\x78": 0x1f, "\x79": -0x3c, "\x7a": -0xab },
      { "\x65\x6c\x65\x6d": "\x43", "\x78": 0x42, "\x79": -0x7, "\x7a": -0xaa },
      { "\x65\x6c\x65\x6d": "\x43", "\x78": 0x22, "\x79": 0x33, "\x7a": -0xa9 },
      { "\x65\x6c\x65\x6d": "\x43", "\x78": 0x41, "\x79": 0x65, "\x7a": -0x8d },
      { "\x65\x6c\x65\x6d": "\x43", "\x78": 0x7b, "\x79": 0x5c, "\x7a": -0x72 },
      { "\x65\x6c\x65\x6d": "\x43", "\x78": 0x20, "\x79": 0x93, "\x7a": -0x71 },
      { "\x65\x6c\x65\x6d": "\x43", "\x78": -0x1f, "\x79": -0x3c, "\x7a": -0xab },
      { "\x65\x6c\x65\x6d": "\x43", "\x78": -0x42, "\x79": -0x7, "\x7a": -0xaa },
      { "\x65\x6c\x65\x6d": "\x43", "\x78": -0x22, "\x79": 0x32, "\x7a": -0xa9 },
      { "\x65\x6c\x65\x6d": "\x43", "\x78": -0x7a, "\x79": 0x5c, "\x7a": -0x72 },
      { "\x65\x6c\x65\x6d": "\x43", "\x78": -0x41, "\x79": 0x65, "\x7a": -0x8d },
      { "\x65\x6c\x65\x6d": "\x43", "\x78": -0x1f, "\x79": 0x93, "\x7a": -0x71 },
      { "\x65\x6c\x65\x6d": "\x43", "\x78": -0x67, "\x79": -0x76, "\x7a": -0x72 },
      { "\x65\x6c\x65\x6d": "\x43", "\x78": -0x31, "\x79": -0x72, "\x7a": -0x8f },
      { "\x65\x6c\x65\x6d": "\x43", "\x78": -0x8e, "\x79": -0x45, "\x7a": -0x73 },
      { "\x65\x6c\x65\x6d": "\x43", "\x78": -0x7d, "\x79": -0xd, "\x7a": -0x8e },
      { "\x65\x6c\x65\x6d": "\x43", "\x78": -0x98, "\x79": 0x24, "\x7a": -0x72 },
      { "\x65\x6c\x65\x6d": "\x43", "\x78": -0x6c, "\x79": -0x98, "\x7a": -0x3e },
      { "\x65\x6c\x65\x6d": "\x43", "\x78": -0x6c, "\x79": -0x98, "\x7a": 0x3d },
      { "\x65\x6c\x65\x6d": "\x43", "\x78": -0x39, "\x79": -0xb5, "\x7a": -0x21 },
      { "\x65\x6c\x65\x6d": "\x43", "\x78": -0x39, "\x79": -0xb5, "\x7a": 0x20 },
      { "\x65\x6c\x65\x6d": "\x43", "\x78": 0x34, "\x79": 0xb3, "\x7a": -0x3e },
      { "\x65\x6c\x65\x6d": "\x43", "\x78": 0x6a, "\x79": 0xa5, "\x7a": -0x20 },
      { "\x65\x6c\x65\x6d": "\x43", "\x78": 0x8e, "\x79": 0x7b, "\x7a": -0x3e },
      { "\x65\x6c\x65\x6d": "\x43", "\x78": 0xb5, "\x79": 0x55, "\x7a": -0x1f },
      { "\x65\x6c\x65\x6d": "\x43", "\x78": 0xb5, "\x79": 0x54, "\x7a": 0x20 },
      { "\x65\x6c\x65\x6d": "\x43", "\x78": 0x0, "\x79": 0xc4, "\x7a": -0x1e },
      { "\x65\x6c\x65\x6d": "\x43", "\x78": 0x0, "\x79": 0xc3, "\x7a": 0x20 },
      { "\x65\x6c\x65\x6d": "\x43", "\x78": 0x33, "\x79": 0xb2, "\x7a": 0x3f },
      { "\x65\x6c\x65\x6d": "\x43", "\x78": 0x6a, "\x79": 0xa5, "\x7a": 0x21 },
      { "\x65\x6c\x65\x6d": "\x43", "\x78": 0x8e, "\x79": 0x7a, "\x7a": 0x3f },
      { "\x65\x6c\x65\x6d": "\x43", "\x78": -0x8e, "\x79": 0x7c, "\x7a": -0x3e },
      { "\x65\x6c\x65\x6d": "\x43", "\x78": -0x6a, "\x79": 0xa6, "\x7a": -0x20 },
      { "\x65\x6c\x65\x6d": "\x43", "\x78": -0x33, "\x79": 0xb3, "\x7a": -0x3e },
      { "\x65\x6c\x65\x6d": "\x43", "\x78": 0xb0, "\x79": -0x4b, "\x7a": 0x3e },
      { "\x65\x6c\x65\x6d": "\x43", "\x78": 0xc8, "\x79": -0x18, "\x7a": 0x20 },
      { "\x65\x6c\x65\x6d": "\x43", "\x78": 0xbd, "\x79": 0x1f, "\x7a": 0x3f },
      { "\x65\x6c\x65\x6d": "\x43", "\x78": 0x98, "\x79": 0x23, "\x7a": 0x73 },
      { "\x65\x6c\x65\x6d": "\x43", "\x78": 0x7e, "\x79": -0xf, "\x7a": 0x8e },
      { "\x65\x6c\x65\x6d": "\x43", "\x78": 0x8d, "\x79": -0x47, "\x7a": 0x72 },
      { "\x65\x6c\x65\x6d": "\x43", "\x78": 0x31, "\x79": -0x73, "\x7a": 0x8e },
      { "\x65\x6c\x65\x6d": "\x43", "\x78": 0x66, "\x79": -0x77, "\x7a": 0x72 },
      { "\x65\x6c\x65\x6d": "\x43", "\x78": 0x1f, "\x79": 0x92, "\x7a": 0x73 },
      { "\x65\x6c\x65\x6d": "\x43", "\x78": 0x41, "\x79": 0x63, "\x7a": 0x8e },
      { "\x65\x6c\x65\x6d": "\x43", "\x78": 0x7b, "\x79": 0x5b, "\x7a": 0x73 },
      { "\x65\x6c\x65\x6d": "\x43", "\x78": 0x22, "\x79": 0x31, "\x7a": 0xa9 },
      { "\x65\x6c\x65\x6d": "\x43", "\x78": 0x43, "\x79": -0x9, "\x7a": 0xaa },
      { "\x65\x6c\x65\x6d": "\x43", "\x78": 0x1f, "\x79": -0x3d, "\x7a": 0xab },
      { "\x65\x6c\x65\x6d": "\x43", "\x78": -0x1f, "\x79": 0x92, "\x7a": 0x72 },
      { "\x65\x6c\x65\x6d": "\x43", "\x78": -0x7b, "\x79": 0x5b, "\x7a": 0x73 },
      { "\x65\x6c\x65\x6d": "\x43", "\x78": -0x41, "\x79": 0x63, "\x7a": 0x8d },
      { "\x65\x6c\x65\x6d": "\x43", "\x78": -0x22, "\x79": 0x31, "\x7a": 0xa9 },
      { "\x65\x6c\x65\x6d": "\x43", "\x78": -0x43, "\x79": -0x8, "\x7a": 0xaa },
      { "\x65\x6c\x65\x6d": "\x43", "\x78": -0x1f, "\x79": -0x3e, "\x7a": 0xaa },
      { "\x65\x6c\x65\x6d": "\x43", "\x78": -0xb5, "\x79": 0x55, "\x7a": -0x1f },
      { "\x65\x6c\x65\x6d": "\x43", "\x78": -0xb5, "\x79": 0x55, "\x7a": 0x20 },
      { "\x65\x6c\x65\x6d": "\x43", "\x78": -0x8e, "\x79": 0x7b, "\x7a": 0x3f },
      { "\x65\x6c\x65\x6d": "\x43", "\x78": -0x69, "\x79": 0xa6, "\x7a": 0x21 },
      { "\x65\x6c\x65\x6d": "\x43", "\x78": -0x33, "\x79": 0xb3, "\x7a": 0x3f },
      { "\x65\x6c\x65\x6d": "\x43", "\x78": -0xb0, "\x79": -0x4a, "\x7a": -0x3e },
      { "\x65\x6c\x65\x6d": "\x43", "\x78": -0xc8, "\x79": -0x17, "\x7a": -0x20 },
      { "\x65\x6c\x65\x6d": "\x43", "\x78": -0xbc, "\x79": 0x20, "\x7a": -0x3e },
      { "\x65\x6c\x65\x6d": "\x43", "\x78": -0xb0, "\x79": -0x4b, "\x7a": 0x3e },
      { "\x65\x6c\x65\x6d": "\x43", "\x78": -0x9b, "\x79": -0x7d, "\x7a": 0x1e },
      { "\x65\x6c\x65\x6d": "\x43", "\x78": -0x9b, "\x79": -0x7d, "\x7a": -0x1f },
      { "\x65\x6c\x65\x6d": "\x43", "\x78": -0xbc, "\x79": 0x1f, "\x7a": 0x3f },
      { "\x65\x6c\x65\x6d": "\x43", "\x78": -0xc8, "\x79": -0x17, "\x7a": 0x21 },
      { "\x65\x6c\x65\x6d": "\x43", "\x78": -0x32, "\x79": -0x74, "\x7a": 0x8e },
      { "\x65\x6c\x65\x6d": "\x43", "\x78": -0x98, "\x79": 0x23, "\x7a": 0x73 },
      { "\x65\x6c\x65\x6d": "\x43", "\x78": -0x7e, "\x79": -0xf, "\x7a": 0x8e },
      { "\x65\x6c\x65\x6d": "\x43", "\x78": -0x8e, "\x79": -0x47, "\x7a": 0x73 },
      { "\x65\x6c\x65\x6d": "\x43", "\x78": -0x67, "\x79": -0x77, "\x7a": 0x72 },
    ],
    [
      [0x0, 0x4, "\x64\x6f\x75\x62\x6c\x65"],
      [0x0, 0x1],
      [0x0, 0x35],
      [0x1, 0x2a, "\x64\x6f\x75\x62\x6c\x65"],
      [0x1, 0x9],
      [0x2, 0x3, "\x64\x6f\x75\x62\x6c\x65"],
      [0x2, 0x5],
      [0x2, 0x34],
      [0x3, 0xf],
      [0x3, 0x4],
      [0x4, 0x7],
      [0x5, 0x3b, "\x64\x6f\x75\x62\x6c\x65"],
      [0x5, 0xd],
      [0x6, 0xa, "\x64\x6f\x75\x62\x6c\x65"],
      [0x6, 0x7],
      [0x6, 0xf],
      [0x7, 0x8, "\x64\x6f\x75\x62\x6c\x65"],
      [0x8, 0x9],
      [0x8, 0x13],
      [0x9, 0x16, "\x64\x6f\x75\x62\x6c\x65"],
      [0xa, 0x10],
      [0xa, 0x12],
      [0xb, 0x3a, "\x64\x6f\x75\x62\x6c\x65"],
      [0xb, 0x55],
      [0xb, 0xc],
      [0xc, 0xd, "\x64\x6f\x75\x62\x6c\x65"],
      [0xc, 0x26],
      [0xd, 0xe],
      [0xe, 0xf, "\x64\x6f\x75\x62\x6c\x65"],
      [0xe, 0x11],
      [0x10, 0x1f, "\x64\x6f\x75\x62\x6c\x65"],
      [0x10, 0x11],
      [0x11, 0x25, "\x64\x6f\x75\x62\x6c\x65"],
      [0x12, 0x18, "\x64\x6f\x75\x62\x6c\x65"],
      [0x12, 0x13],
      [0x13, 0x14, "\x64\x6f\x75\x62\x6c\x65"],
      [0x14, 0x15],
      [0x14, 0x1a],
      [0x15, 0x17, "\x64\x6f\x75\x62\x6c\x65"],
      [0x15, 0x16],
      [0x16, 0x29],
      [0x17, 0x1d],
      [0x17, 0x27],
      [0x18, 0x1f],
      [0x18, 0x19],
      [0x19, 0x21, "\x64\x6f\x75\x62\x6c\x65"],
      [0x19, 0x1a],
      [0x1a, 0x1c, "\x64\x6f\x75\x62\x6c\x65"],
      [0x1b, 0x22, "\x64\x6f\x75\x62\x6c\x65"],
      [0x1b, 0x31],
      [0x1b, 0x1c],
      [0x1c, 0x1d],
      [0x1d, 0x33, "\x64\x6f\x75\x62\x6c\x65"],
      [0x1e, 0x1f],
      [0x1e, 0x20, "\x64\x6f\x75\x62\x6c\x65"],
      [0x1e, 0x23],
      [0x20, 0x4d],
      [0x20, 0x21],
      [0x21, 0x22],
      [0x22, 0x4f],
      [0x23, 0x52, "\x64\x6f\x75\x62\x6c\x65"],
      [0x23, 0x25],
      [0x24, 0x59],
      [0x24, 0x51],
      [0x24, 0x26, "\x64\x6f\x75\x62\x6c\x65"],
      [0x25, 0x26],
      [0x27, 0x2c, "\x64\x6f\x75\x62\x6c\x65"],
      [0x27, 0x28],
      [0x28, 0x29, "\x64\x6f\x75\x62\x6c\x65"],
      [0x28, 0x2f],
      [0x29, 0x2a],
      [0x2a, 0x2b],
      [0x2b, 0x36, "\x64\x6f\x75\x62\x6c\x65"],
      [0x2b, 0x30],
      [0x2c, 0x2d],
      [0x2c, 0x33],
      [0x2d, 0x4c],
      [0x2d, 0x2e, "\x64\x6f\x75\x62\x6c\x65"],
      [0x2e, 0x2f],
      [0x2e, 0x3c],
      [0x2f, 0x30, "\x64\x6f\x75\x62\x6c\x65"],
      [0x30, 0x3e],
      [0x31, 0x48],
      [0x31, 0x32, "\x64\x6f\x75\x62\x6c\x65"],
      [0x32, 0x33],
      [0x32, 0x4b],
      [0x34, 0x39],
      [0x34, 0x35, "\x64\x6f\x75\x62\x6c\x65"],
      [0x35, 0x36],
      [0x36, 0x37],
      [0x37, 0x3e, "\x64\x6f\x75\x62\x6c\x65"],
      [0x37, 0x38],
      [0x38, 0x39, "\x64\x6f\x75\x62\x6c\x65"],
      [0x38, 0x40],
      [0x39, 0x3b],
      [0x3a, 0x3b],
      [0x3a, 0x41],
      [0x3c, 0x42, "\x64\x6f\x75\x62\x6c\x65"],
      [0x3c, 0x3d],
      [0x3d, 0x3e],
      [0x3d, 0x3f, "\x64\x6f\x75\x62\x6c\x65"],
      [0x3f, 0x40],
      [0x3f, 0x45],
      [0x40, 0x41, "\x64\x6f\x75\x62\x6c\x65"],
      [0x41, 0x47],
      [0x42, 0x44],
      [0x42, 0x4c],
      [0x43, 0x56, "\x64\x6f\x75\x62\x6c\x65"],
      [0x43, 0x4a],
      [0x43, 0x44],
      [0x44, 0x45, "\x64\x6f\x75\x62\x6c\x65"],
      [0x45, 0x46],
      [0x46, 0x47, "\x64\x6f\x75\x62\x6c\x65"],
      [0x46, 0x57],
      [0x47, 0x55],
      [0x48, 0x49],
      [0x48, 0x4f, "\x64\x6f\x75\x62\x6c\x65"],
      [0x49, 0x53],
      [0x49, 0x4a, "\x64\x6f\x75\x62\x6c\x65"],
      [0x4a, 0x4b],
      [0x4b, 0x4c, "\x64\x6f\x75\x62\x6c\x65"],
      [0x4d, 0x52],
      [0x4d, 0x4e, "\x64\x6f\x75\x62\x6c\x65"],
      [0x4e, 0x4f],
      [0x4e, 0x54],
      [0x50, 0x58],
      [0x50, 0x51, "\x64\x6f\x75\x62\x6c\x65"],
      [0x50, 0x54],
      [0x51, 0x52],
      [0x53, 0x54, "\x64\x6f\x75\x62\x6c\x65"],
      [0x53, 0x56],
      [0x55, 0x59, "\x64\x6f\x75\x62\x6c\x65"],
      [0x56, 0x57],
      [0x57, 0x58, "\x64\x6f\x75\x62\x6c\x65"],
      [0x58, 0x59],
    ],
    null,
    "\x3c\x64\x69\x76\x20\x63\x6c\x61\x73\x73\x3d\x22\x69\x6e\x66\x6f\x2d\x73\x65\x63\x74\x69\x6f\x6e\x22\x3e\x0a\x20\x20\x20\x20\x20\x20\x20\x20\x3c\x64\x69\x76\x20\x63\x6c\x61\x73\x73\x3d\x22\x69\x6e\x66\x6f\x2d\x74\x69\x74\x6c\x65\x22\x3e\u2697\ufe0f\x20\u7269\u8cea\u6027\u8cea\x3c\x2f\x64\x69\x76\x3e\x0a\x20\x20\x20\x20\x20\x20\x20\x20\x3c\x64\x69\x76\x20\x63\x6c\x61\x73\x73\x3d\x22\x69\x6e\x66\x6f\x2d\x62\x6f\x64\x79\x22\x3e\x0a\x20\x20\x20\x20\x20\x20\x20\x20\x20\x20\x20\x20\x3c\x73\x70\x61\x6e\x20\x63\x6c\x61\x73\x73\x3d\x22\x68\x69\x67\x68\x6c\x69\x67\x68\x74\x2d\x74\x69\x74\x6c\x65\x22\x3e\x31\x2e\x20\u7acb\u9ad4\u7d50\u69cb\uff1a\x3c\x2f\x73\x70\x61\x6e\x3e\x43\x39\x30\x20\u662f\u5bcc\u52d2\u70ef\u5bb6\u65cf\u4e2d\u7684\u9ad8\u968e\u6210\u54e1\u3002\u5176\u5206\u5b50\u7531\x20\x39\x30\x20\u500b\u78b3\u539f\u5b50\u7d44\u6210\u5c01\u9589\u7c60\u72c0\uff0c\u5305\u542b\x20\x3c\x73\x74\x72\x6f\x6e\x67\x3e\x31\x32\u500b\u4e94\u908a\u5f62\x3c\x2f\x73\x74\x72\x6f\x6e\x67\x3e\x20\u8207\x20\x3c\x73\x74\x72\x6f\x6e\x67\x3e\x33\x35\u500b\u516d\u908a\u5f62\x3c\x2f\x73\x74\x72\x6f\x6e\x67\x3e\u3002\u6839\u64da\u7d50\u69cb\u5c0d\u7a31\u6027\uff0c\x43\x39\x30\x20\u5177\u6709\u591a\u7a2e\u7570\u69cb\u7269\uff0c\u5176\u4e2d\u4ee5\x20\x3c\x73\x74\x72\x6f\x6e\x67\x3e\x43\x32\x76\x3c\x2f\x73\x74\x72\x6f\x6e\x67\x3e\x20\u5c0d\u7a31\u6027\u7d50\u69cb\u6700\u70ba\u5e38\u898b\u3002\x3c\x62\x72\x3e\x0a\x20\x20\x20\x20\x20\x20\x20\x20\x20\x20\x20\x20\x3c\x73\x70\x61\x6e\x20\x63\x6c\x61\x73\x73\x3d\x22\x68\x69\x67\x68\x6c\x69\x67\x68\x74\x2d\x74\x69\x74\x6c\x65\x22\x3e\x32\x2e\x20\u7269\u7406\u6027\u8cea\uff1a\x3c\x2f\x73\x70\x61\x6e\x3e\u5728\u9ad8\u968e\u5bcc\u52d2\u70ef\u4e2d\uff0c\x43\x39\x30\x20\u7684\u5206\u5b50\u9ad4\u7a4d\u8f03\u5927\uff0c\u5167\u90e8\u7a7a\u9593\u5bec\u5ee3\u3002\u5b83\u5c55\u73fe\u51fa\u534a\u5c0e\u9ad4\u7279\u6027\uff0c\u4e14\u5177\u6709\u8907\u96dc\u7684\u96fb\u5b50\u96f2\u5206\u5e03\u3002\u7531\u65bc\u5176\u9ad8\u5ea6\u4e0d\u98fd\u548c\u7684\x20\x3c\x73\x74\x72\x6f\x6e\x67\x3e\x73\x70\u00b2\x20\u6df7\u6210\x3c\x2f\x73\x74\x72\x6f\x6e\x67\x3e\x20\u78b3\u67b6\u69cb\uff0c\u5177\u6709\u826f\u597d\u7684\u96fb\u5b50\u6355\u6349\u80fd\u529b\u3002\x3c\x62\x72\x3e\x0a\x20\x20\x20\x20\x20\x20\x20\x20\x20\x20\x20\x20\x3c\x73\x70\x61\x6e\x20\x63\x6c\x61\x73\x73\x3d\x22\x68\x69\x67\x68\x6c\x69\x67\x68\x74\x2d\x74\x69\x74\x6c\x65\x22\x3e\x33\x2e\x20\u5316\u5b78\u6d3b\u6027\uff1a\x3c\x2f\x73\x70\x61\x6e\x3e\u8f03\u5927\u7684\u8868\u9762\u7a4d\u8207\u7279\u5b9a\u7684\u66f2\u7387\u5206\u5e03\uff0c\u4f7f\u5f97\x20\x43\x39\x30\x20\u80fd\u5920\u9032\u884c\u591a\u7a2e\u5b98\u80fd\u57fa\u5316\u53cd\u61c9\uff0c\u5176\u5316\u5b78\u6027\u8cea\u8f03\x20\x43\x36\x30\x20\u66f4\u70ba\u591a\u8b8a\u3002\x0a\x20\x20\x20\x20\x20\x20\x20\x20\x3c\x2f\x64\x69\x76\x3e\x0a\x20\x20\x20\x20\x3c\x2f\x64\x69\x76\x3e\x0a\x20\x20\x20\x20\x3c\x64\x69\x76\x20\x63\x6c\x61\x73\x73\x3d\x22\x69\x6e\x66\x6f\x2d\x73\x65\x63\x74\x69\x6f\x6e\x22\x20\x73\x74\x79\x6c\x65\x3d\x22\x6d\x61\x72\x67\x69\x6e\x2d\x74\x6f\x70\x3a\x20\x31\x32\x70\x78\x3b\x20\x62\x6f\x72\x64\x65\x72\x2d\x74\x6f\x70\x3a\x20\x31\x70\x78\x20\x64\x61\x73\x68\x65\x64\x20\x72\x67\x62\x61\x28\x32\x35\x35\x2c\x32\x35\x35\x2c\x32\x35\x35\x2c\x30\x2e\x32\x29\x3b\x20\x70\x61\x64\x64\x69\x6e\x67\x2d\x74\x6f\x70\x3a\x20\x31\x30\x70\x78\x3b\x22\x3e\x0a\x20\x20\x20\x20\x20\x20\x20\x20\x3c\x64\x69\x76\x20\x63\x6c\x61\x73\x73\x3d\x22\x69\x6e\x66\x6f\x2d\x74\x69\x74\x6c\x65\x22\x3e\ud83c\udfed\x20\u6f5b\u5728\u61c9\u7528\x3c\x2f\x64\x69\x76\x3e\x0a\x20\x20\x20\x20\x20\x20\x20\x20\x3c\x64\x69\x76\x20\x63\x6c\x61\x73\x73\x3d\x22\x69\x6e\x66\x6f\x2d\x62\x6f\x64\x79\x22\x3e\x0a\x20\x20\x20\x20\x20\x20\x20\x20\x20\x20\x20\x20\x3c\x73\x70\x61\x6e\x20\x63\x6c\x61\x73\x73\x3d\x22\x68\x69\x67\x68\x6c\x69\x67\x68\x74\x2d\x74\x69\x74\x6c\x65\x22\x3e\x31\x2e\x20\u5948\u7c73\u96fb\u5b50\u5143\u4ef6\uff1a\x3c\x2f\x73\x70\x61\x6e\x3e\u7531\u65bc\u5176\u7368\u7279\u7684\u5c0d\u7a31\u6027\u8207\u96fb\u5b50\u7d50\u69cb\uff0c\x43\x39\x30\x20\u88ab\u7814\u7a76\u7528\u65bc\u88fd\u9020\u5206\u5b50\u7d1a\u7684\x3c\x73\x74\x72\x6f\x6e\x67\x3e\u5834\u6548\u96fb\u6676\u9ad4\x20\x28\x46\x45\x54\x29\x3c\x2f\x73\x74\x72\x6f\x6e\x67\x3e\x20\u8207\u975e\u7dda\u6027\u5149\u5b78\u5143\u4ef6\u3002\x3c\x62\x72\x3e\x0a\x20\x20\x20\x20\x20\x20\x20\x20\x20\x20\x20\x20\x3c\x73\x70\x61\x6e\x20\x63\x6c\x61\x73\x73\x3d\x22\x68\x69\x67\x68\x6c\x69\x67\x68\x74\x2d\x74\x69\x74\x6c\x65\x22\x3e\x32\x2e\x20\u8d85\u5206\u5b50\u5316\u5b78\uff1a\x3c\x2f\x73\x70\x61\x6e\x3e\u8f03\u5927\u7684\u7c60\u5f91\u4f7f\u5176\u6210\u70ba\u512a\u826f\u7684\u5ba2\u9ad4\u5206\u5b50\u8f09\u9ad4\uff0c\u53ef\u8207\u5404\u7a2e\u74b0\u72c0\u5206\u5b50\uff08\u5982\u74b0\u7cca\u7cbe\uff09\u5f62\u6210\u7a69\u5b9a\u7684\u5305\u5408\u7269\uff0c\u7528\u65bc\u85e5\u7269\u50b3\u905e\u7814\u7a76\u3002\x3c\x62\x72\x3e\x0a\x20\x20\x20\x20\x20\x20\x20\x20\x20\x20\x20\x20\x3c\x73\x70\x61\x6e\x20\x63\x6c\x61\x73\x73\x3d\x22\x68\x69\x67\x68\x6c\x69\x67\x68\x74\x2d\x74\x69\x74\x6c\x65\x22\x3e\x33\x2e\x20\u80fd\u6e90\u6750\u6599\uff1a\x3c\x2f\x73\x70\x61\x6e\x3e\x43\x39\x30\x20\u7684\u884d\u751f\u7269\u5728\x3c\x73\x74\x72\x6f\x6e\x67\x3e\u6709\u6a5f\u8584\u819c\u592a\u967d\u80fd\u96fb\u6c60\x3c\x2f\x73\x74\x72\x6f\x6e\x67\x3e\u4e2d\u4f5c\u70ba\u53d7\u9ad4\u6750\u6599\u5c55\u73fe\u51fa\u6f5b\u529b\uff0c\u5176\u8f03\u5bec\u7684\u96fb\u5b50\u5438\u6536\u5149\u8b5c\u6709\u52a9\u65bc\u63d0\u5347\u5149\u96fb\u8f49\u63db\u6548\u7387\u3002\x0a\x20\x20\x20\x20\x20\x20\x20\x20\x3c\x2f\x64\x69\x76\x3e\x0a\x20\x20\x20\x20\x3c\x2f\x64\x69\x76\x3e",
    "\x43\x32\x76",
  ),
  addMol(
    "\x43\x31\x30\x30\x7c\u78b3\x31\x30\x30\x7c\u5bcc\u52d2\u70ef",
    "\x43",
    "\x73\x70\u00b2",
    ["\u7c60\u72c0\u7d50\u69cb\x20\x28\x31\x32\u500b\u4e94\u908a\u5f62\x2c\x20\x34\x30\u500b\u516d\u908a\u5f62\x29", "\x43\x61\x67\x65\x20\x28\x31\x32\x20\x50\x65\x6e\x74\x61\x67\x6f\x6e\x73\x2c\x20\x34\x30\x20\x48\x65\x78\x61\x67\x6f\x6e\x73\x29"],
    "\x31\x30\x38\u00b0\x7e\x31\x32\x30\u00b0",
    "\x4e\x2f\x41\x20\x28\u6607\u83ef\x29",
    "\x4e\x2f\x41",
    [
      { "\x65\x6c\x65\x6d": "\x43", "\x78": 0xd7, "\x79": -0x39, "\x7a": 0x59 },
      { "\x65\x6c\x65\x6d": "\x43", "\x78": 0xac, "\x79": -0x63, "\x7a": 0x67 },
      { "\x65\x6c\x65\x6d": "\x43", "\x78": 0xf1, "\x79": -0x37, "\x7a": 0x1f },
      { "\x65\x6c\x65\x6d": "\x43", "\x78": 0x99, "\x79": -0x8c, "\x7a": 0x3d },
      { "\x65\x6c\x65\x6d": "\x43", "\x78": 0x5f, "\x79": -0xa0, "\x7a": 0x3b },
      { "\x65\x6c\x65\x6d": "\x43", "\x78": -0x55, "\x79": -0x1d, "\x7a": 0xa5 },
      { "\x65\x6c\x65\x6d": "\x43", "\x78": 0x15, "\x79": -0x38, "\x7a": 0xa5 },
      { "\x65\x6c\x65\x6d": "\x43", "\x78": 0x32, "\x79": -0x90, "\x7a": 0x65 },
      { "\x65\x6c\x65\x6d": "\x43", "\x78": 0x43, "\x79": -0x60, "\x7a": 0x8f },
      { "\x65\x6c\x65\x6d": "\x43", "\x78": 0x7f, "\x79": -0x4b, "\x7a": 0x8c },
      { "\x65\x6c\x65\x6d": "\x43", "\x78": -0x29, "\x79": -0x49, "\x7a": 0x9c },
      { "\x65\x6c\x65\x6d": "\x43", "\x78": -0x79, "\x79": -0x7d, "\x7a": 0x5e },
      { "\x65\x6c\x65\x6d": "\x43", "\x78": -0x51, "\x79": -0xab, "\x7a": 0x3 },
      { "\x65\x6c\x65\x6d": "\x43", "\x78": -0x17, "\x79": -0xaf, "\x7a": 0x18 },
      { "\x65\x6c\x65\x6d": "\x43", "\x78": -0xb, "\x79": -0x9a, "\x7a": 0x55 },
      { "\x65\x6c\x65\x6d": "\x43", "\x78": -0x3c, "\x79": -0x7c, "\x7a": 0x76 },
      { "\x65\x6c\x65\x6d": "\x43", "\x78": -0x82, "\x79": -0x98, "\x7a": 0x25 },
      { "\x65\x6c\x65\x6d": "\x43", "\x78": 0xe8, "\x79": 0x35, "\x7a": 0x22 },
      { "\x65\x6c\x65\x6d": "\x43", "\x78": 0xcd, "\x79": 0x32, "\x7a": 0x5b },
      { "\x65\x6c\x65\x6d": "\x43", "\x78": 0xf9, "\x79": 0x0, "\x7a": 0x3 },
      { "\x65\x6c\x65\x6d": "\x43", "\x78": 0xc4, "\x79": -0x5, "\x7a": 0x76 },
      { "\x65\x6c\x65\x6d": "\x43", "\x78": 0x8f, "\x79": -0xe, "\x7a": 0x95 },
      { "\x65\x6c\x65\x6d": "\x43", "\x78": -0x9, "\x79": 0x35, "\x7a": 0xaa },
      { "\x65\x6c\x65\x6d": "\x43", "\x78": -0x45, "\x79": 0x20, "\x7a": 0xab },
      { "\x65\x6c\x65\x6d": "\x43", "\x78": 0x26, "\x79": 0x9, "\x7a": 0xad },
      { "\x65\x6c\x65\x6d": "\x43", "\x78": 0x62, "\x79": 0x1e, "\x7a": 0xa0 },
      { "\x65\x6c\x65\x6d": "\x43", "\x78": 0x6d, "\x79": 0x59, "\x7a": 0x84 },
      { "\x65\x6c\x65\x6d": "\x43", "\x78": 0xa2, "\x79": 0x5f, "\x7a": 0x61 },
      { "\x65\x6c\x65\x6d": "\x43", "\x78": 0x91, "\x79": 0x84, "\x7a": -0x4d },
      { "\x65\x6c\x65\x6d": "\x43", "\x78": 0xc3, "\x79": 0x63, "\x7a": -0x3a },
      { "\x65\x6c\x65\x6d": "\x43", "\x78": 0xce, "\x79": 0x65, "\x7a": 0x4 },
      { "\x65\x6c\x65\x6d": "\x43", "\x78": 0xa4, "\x79": 0x81, "\x7a": 0x2c },
      { "\x65\x6c\x65\x6d": "\x43", "\x78": 0x3c, "\x79": 0xa4, "\x7a": 0x3d },
      { "\x65\x6c\x65\x6d": "\x43", "\x78": 0x71, "\x79": 0xa1, "\x7a": 0x19 },
      { "\x65\x6c\x65\x6d": "\x43", "\x78": 0x6a, "\x79": 0xa4, "\x7a": -0x26 },
      { "\x65\x6c\x65\x6d": "\x43", "\x78": -0x32, "\x79": 0xa9, "\x7a": 0x3f },
      { "\x65\x6c\x65\x6d": "\x43", "\x78": 0x3, "\x79": 0xb3, "\x7a": 0x20 },
      { "\x65\x6c\x65\x6d": "\x43", "\x78": 0x1, "\x79": 0x70, "\x7a": 0x8e },
      { "\x65\x6c\x65\x6d": "\x43", "\x78": 0x3a, "\x79": 0x7f, "\x7a": 0x76 },
      { "\x65\x6c\x65\x6d": "\x43", "\x78": -0x33, "\x79": 0x8b, "\x7a": 0x76 },
      { "\x65\x6c\x65\x6d": "\x43", "\x78": 0xd0, "\x79": 0x2b, "\x7a": -0x5a },
      { "\x65\x6c\x65\x6d": "\x43", "\x78": 0xea, "\x79": -0x5, "\x7a": -0x3a },
      { "\x65\x6c\x65\x6d": "\x43", "\x78": 0x6d, "\x79": 0x74, "\x7a": -0x7c },
      { "\x65\x6c\x65\x6d": "\x43", "\x78": 0x77, "\x79": 0x3e, "\x7a": -0x98 },
      { "\x65\x6c\x65\x6d": "\x43", "\x78": 0xa6, "\x79": 0x1a, "\x7a": -0x86 },
      { "\x65\x6c\x65\x6d": "\x43", "\x78": 0x33, "\x79": 0x89, "\x7a": -0x76 },
      { "\x65\x6c\x65\x6d": "\x43", "\x78": -0x6c, "\x79": 0x57, "\x7a": -0x85 },
      { "\x65\x6c\x65\x6d": "\x43", "\x78": -0xa2, "\x79": 0x5d, "\x7a": -0x61 },
      { "\x65\x6c\x65\x6d": "\x43", "\x78": -0x3a, "\x79": 0x7e, "\x7a": -0x76 },
      { "\x65\x6c\x65\x6d": "\x43", "\x78": -0x1, "\x79": 0x6d, "\x7a": -0x8f },
      { "\x65\x6c\x65\x6d": "\x43", "\x78": 0x9, "\x79": 0x33, "\x7a": -0xab },
      { "\x65\x6c\x65\x6d": "\x43", "\x78": 0x45, "\x79": 0x1e, "\x7a": -0xab },
      { "\x65\x6c\x65\x6d": "\x43", "\x78": -0x3, "\x79": 0xb3, "\x7a": -0x22 },
      { "\x65\x6c\x65\x6d": "\x43", "\x78": 0x31, "\x79": 0xa9, "\x7a": -0x41 },
      { "\x65\x6c\x65\x6d": "\x43", "\x78": -0x6a, "\x79": 0xa4, "\x7a": 0x24 },
      { "\x65\x6c\x65\x6d": "\x43", "\x78": -0x71, "\x79": 0xa0, "\x7a": -0x1b },
      { "\x65\x6c\x65\x6d": "\x43", "\x78": -0x3c, "\x79": 0xa4, "\x7a": -0x3f },
      { "\x65\x6c\x65\x6d": "\x43", "\x78": -0xa4, "\x79": 0x80, "\x7a": -0x2d },
      { "\x65\x6c\x65\x6d": "\x43", "\x78": 0x90, "\x79": -0x21, "\x7a": -0x8e },
      { "\x65\x6c\x65\x6d": "\x43", "\x78": 0xa6, "\x79": -0x50, "\x7a": -0x6c },
      { "\x65\x6c\x65\x6d": "\x43", "\x78": 0xd6, "\x79": -0x42, "\x7a": -0x43 },
      { "\x65\x6c\x65\x6d": "\x43", "\x78": 0xdc, "\x79": -0x5f, "\x7a": -0xc },
      { "\x65\x6c\x65\x6d": "\x43", "\x78": 0xb1, "\x79": -0x89, "\x7a": 0x3 },
      { "\x65\x6c\x65\x6d": "\x43", "\x78": 0x55, "\x79": -0x1f, "\x7a": -0xa5 },
      { "\x65\x6c\x65\x6d": "\x43", "\x78": 0x29, "\x79": -0x4b, "\x7a": -0x9c },
      { "\x65\x6c\x65\x6d": "\x43", "\x78": 0x3c, "\x79": -0x7d, "\x7a": -0x75 },
      { "\x65\x6c\x65\x6d": "\x43", "\x78": 0x79, "\x79": -0x7e, "\x7a": -0x5d },
      { "\x65\x6c\x65\x6d": "\x43", "\x78": 0x82, "\x79": -0x99, "\x7a": -0x24 },
      { "\x65\x6c\x65\x6d": "\x43", "\x78": -0x32, "\x79": -0x90, "\x7a": -0x64 },
      { "\x65\x6c\x65\x6d": "\x43", "\x78": 0xb, "\x79": -0x9b, "\x7a": -0x54 },
      { "\x65\x6c\x65\x6d": "\x43", "\x78": 0x17, "\x79": -0xaf, "\x7a": -0x16 },
      { "\x65\x6c\x65\x6d": "\x43", "\x78": 0x51, "\x79": -0xac, "\x7a": -0x1 },
      { "\x65\x6c\x65\x6d": "\x43", "\x78": -0x5f, "\x79": -0xa0, "\x7a": -0x3a },
      { "\x65\x6c\x65\x6d": "\x43", "\x78": -0x43, "\x79": -0x61, "\x7a": -0x8f },
      { "\x65\x6c\x65\x6d": "\x43", "\x78": -0x15, "\x79": -0x3a, "\x7a": -0xa5 },
      { "\x65\x6c\x65\x6d": "\x43", "\x78": -0x7f, "\x79": -0x4d, "\x7a": -0x8c },
      { "\x65\x6c\x65\x6d": "\x43", "\x78": -0x62, "\x79": 0x1c, "\x7a": -0xa0 },
      { "\x65\x6c\x65\x6d": "\x43", "\x78": -0x26, "\x79": 0x7, "\x7a": -0xad },
      { "\x65\x6c\x65\x6d": "\x43", "\x78": -0x8f, "\x79": -0x10, "\x7a": -0x95 },
      { "\x65\x6c\x65\x6d": "\x43", "\x78": -0xd7, "\x79": -0x3a, "\x7a": -0x59 },
      { "\x65\x6c\x65\x6d": "\x43", "\x78": -0xac, "\x79": -0x64, "\x7a": -0x66 },
      { "\x65\x6c\x65\x6d": "\x43", "\x78": -0x9a, "\x79": -0x8d, "\x7a": -0x3b },
      { "\x65\x6c\x65\x6d": "\x43", "\x78": -0xf0, "\x79": -0x37, "\x7a": -0x1f },
      { "\x65\x6c\x65\x6d": "\x43", "\x78": -0xe8, "\x79": 0x35, "\x7a": -0x23 },
      { "\x65\x6c\x65\x6d": "\x43", "\x78": -0xcd, "\x79": 0x31, "\x7a": -0x5c },
      { "\x65\x6c\x65\x6d": "\x43", "\x78": -0xc5, "\x79": -0x6, "\x7a": -0x76 },
      { "\x65\x6c\x65\x6d": "\x43", "\x78": -0xf8, "\x79": 0x0, "\x7a": -0x3 },
      { "\x65\x6c\x65\x6d": "\x43", "\x78": -0x91, "\x79": 0x85, "\x7a": 0x4c },
      { "\x65\x6c\x65\x6d": "\x43", "\x78": -0xc3, "\x79": 0x63, "\x7a": 0x3a },
      { "\x65\x6c\x65\x6d": "\x43", "\x78": -0xce, "\x79": 0x65, "\x7a": -0x5 },
      { "\x65\x6c\x65\x6d": "\x43", "\x78": -0xa6, "\x79": 0x1c, "\x7a": 0x87 },
      { "\x65\x6c\x65\x6d": "\x43", "\x78": -0x77, "\x79": 0x41, "\x7a": 0x98 },
      { "\x65\x6c\x65\x6d": "\x43", "\x78": -0x6d, "\x79": 0x76, "\x7a": 0x7c },
      { "\x65\x6c\x65\x6d": "\x43", "\x78": -0xea, "\x79": -0x4, "\x7a": 0x3a },
      { "\x65\x6c\x65\x6d": "\x43", "\x78": -0xd0, "\x79": 0x2c, "\x7a": 0x5a },
      { "\x65\x6c\x65\x6d": "\x43", "\x78": -0xb1, "\x79": -0x89, "\x7a": -0x2 },
      { "\x65\x6c\x65\x6d": "\x43", "\x78": -0xdb, "\x79": -0x5e, "\x7a": 0xd },
      { "\x65\x6c\x65\x6d": "\x43", "\x78": -0xd6, "\x79": -0x41, "\x7a": 0x44 },
      { "\x65\x6c\x65\x6d": "\x43", "\x78": -0xa6, "\x79": -0x4f, "\x7a": 0x6c },
      { "\x65\x6c\x65\x6d": "\x43", "\x78": -0x91, "\x79": -0x1f, "\x7a": 0x8f },
    ],
    [
      [0x0, 0x1, "\x64\x6f\x75\x62\x6c\x65"],
      [0x0, 0x14],
      [0x0, 0x2],
      [0x1, 0x3],
      [0x1, 0x9],
      [0x2, 0x13, "\x64\x6f\x75\x62\x6c\x65"],
      [0x2, 0x3d],
      [0x3, 0x4, "\x64\x6f\x75\x62\x6c\x65"],
      [0x3, 0x3e],
      [0x4, 0x47],
      [0x4, 0x7],
      [0x5, 0x17, "\x64\x6f\x75\x62\x6c\x65"],
      [0x5, 0xa],
      [0x6, 0x8, "\x64\x6f\x75\x62\x6c\x65"],
      [0x6, 0xa],
      [0x6, 0x18],
      [0x7, 0xe, "\x64\x6f\x75\x62\x6c\x65"],
      [0x7, 0x8],
      [0x8, 0x9],
      [0x9, 0x15, "\x64\x6f\x75\x62\x6c\x65"],
      [0xa, 0xf, "\x64\x6f\x75\x62\x6c\x65"],
      [0xb, 0x10, "\x64\x6f\x75\x62\x6c\x65"],
      [0xb, 0x62],
      [0xb, 0xf],
      [0xc, 0xd, "\x64\x6f\x75\x62\x6c\x65"],
      [0xc, 0x10],
      [0xc, 0x48],
      [0xd, 0x46],
      [0xd, 0xe],
      [0xe, 0xf],
      [0x10, 0x5f],
      [0x11, 0x1e, "\x64\x6f\x75\x62\x6c\x65"],
      [0x11, 0x12],
      [0x11, 0x13],
      [0x12, 0x14, "\x64\x6f\x75\x62\x6c\x65"],
      [0x12, 0x1b],
      [0x13, 0x29],
      [0x14, 0x15],
      [0x15, 0x19],
      [0x16, 0x17],
      [0x16, 0x18, "\x64\x6f\x75\x62\x6c\x65"],
      [0x16, 0x25],
      [0x17, 0x5b],
      [0x18, 0x19],
      [0x19, 0x1a, "\x64\x6f\x75\x62\x6c\x65"],
      [0x1a, 0x1b],
      [0x1a, 0x26],
      [0x1b, 0x1f, "\x64\x6f\x75\x62\x6c\x65"],
      [0x1c, 0x2a],
      [0x1c, 0x22],
      [0x1c, 0x1d, "\x64\x6f\x75\x62\x6c\x65"],
      [0x1d, 0x1e],
      [0x1d, 0x28],
      [0x1e, 0x1f],
      [0x1f, 0x21],
      [0x20, 0x21, "\x64\x6f\x75\x62\x6c\x65"],
      [0x20, 0x24],
      [0x20, 0x26],
      [0x21, 0x22],
      [0x22, 0x35, "\x64\x6f\x75\x62\x6c\x65"],
      [0x23, 0x24, "\x64\x6f\x75\x62\x6c\x65"],
      [0x23, 0x27],
      [0x23, 0x36],
      [0x24, 0x34],
      [0x25, 0x27],
      [0x25, 0x26, "\x64\x6f\x75\x62\x6c\x65"],
      [0x27, 0x5c, "\x64\x6f\x75\x62\x6c\x65"],
      [0x28, 0x29, "\x64\x6f\x75\x62\x6c\x65"],
      [0x28, 0x2c],
      [0x29, 0x3c],
      [0x2a, 0x2b, "\x64\x6f\x75\x62\x6c\x65"],
      [0x2a, 0x2d],
      [0x2b, 0x2c],
      [0x2b, 0x33],
      [0x2c, 0x3a, "\x64\x6f\x75\x62\x6c\x65"],
      [0x2d, 0x35],
      [0x2d, 0x31, "\x64\x6f\x75\x62\x6c\x65"],
      [0x2e, 0x2f],
      [0x2e, 0x30, "\x64\x6f\x75\x62\x6c\x65"],
      [0x2e, 0x4c],
      [0x2f, 0x54, "\x64\x6f\x75\x62\x6c\x65"],
      [0x2f, 0x39],
      [0x30, 0x31],
      [0x30, 0x38],
      [0x31, 0x32],
      [0x32, 0x33, "\x64\x6f\x75\x62\x6c\x65"],
      [0x32, 0x4d],
      [0x33, 0x3f],
      [0x34, 0x35],
      [0x34, 0x38, "\x64\x6f\x75\x62\x6c\x65"],
      [0x36, 0x37, "\x64\x6f\x75\x62\x6c\x65"],
      [0x36, 0x57],
      [0x37, 0x39],
      [0x37, 0x38],
      [0x39, 0x59, "\x64\x6f\x75\x62\x6c\x65"],
      [0x3a, 0x3b],
      [0x3a, 0x3f],
      [0x3b, 0x3c, "\x64\x6f\x75\x62\x6c\x65"],
      [0x3b, 0x42],
      [0x3c, 0x3d],
      [0x3d, 0x3e, "\x64\x6f\x75\x62\x6c\x65"],
      [0x3e, 0x43],
      [0x3f, 0x40, "\x64\x6f\x75\x62\x6c\x65"],
      [0x40, 0x4a],
      [0x40, 0x41],
      [0x41, 0x45, "\x64\x6f\x75\x62\x6c\x65"],
      [0x41, 0x42],
      [0x42, 0x43, "\x64\x6f\x75\x62\x6c\x65"],
      [0x43, 0x47],
      [0x44, 0x48, "\x64\x6f\x75\x62\x6c\x65"],
      [0x44, 0x45],
      [0x44, 0x49],
      [0x45, 0x46],
      [0x46, 0x47, "\x64\x6f\x75\x62\x6c\x65"],
      [0x48, 0x51],
      [0x49, 0x4b],
      [0x49, 0x4a, "\x64\x6f\x75\x62\x6c\x65"],
      [0x4a, 0x4d],
      [0x4b, 0x50, "\x64\x6f\x75\x62\x6c\x65"],
      [0x4b, 0x4e],
      [0x4c, 0x4e],
      [0x4c, 0x4d, "\x64\x6f\x75\x62\x6c\x65"],
      [0x4e, 0x55, "\x64\x6f\x75\x62\x6c\x65"],
      [0x4f, 0x50],
      [0x4f, 0x55],
      [0x4f, 0x52, "\x64\x6f\x75\x62\x6c\x65"],
      [0x50, 0x51],
      [0x51, 0x5f, "\x64\x6f\x75\x62\x6c\x65"],
      [0x52, 0x60],
      [0x52, 0x56],
      [0x53, 0x59],
      [0x53, 0x54],
      [0x53, 0x56, "\x64\x6f\x75\x62\x6c\x65"],
      [0x54, 0x55],
      [0x56, 0x5d],
      [0x57, 0x5c],
      [0x57, 0x58, "\x64\x6f\x75\x62\x6c\x65"],
      [0x58, 0x59],
      [0x58, 0x5e],
      [0x5a, 0x5b, "\x64\x6f\x75\x62\x6c\x65"],
      [0x5a, 0x5e],
      [0x5b, 0x5c],
      [0x5d, 0x5e, "\x64\x6f\x75\x62\x6c\x65"],
      [0x5d, 0x61],
      [0x5f, 0x60],
      [0x60, 0x61, "\x64\x6f\x75\x62\x6c\x65"],
      [0x61, 0x62],
    ],
    null,
    "\x3c\x64\x69\x76\x20\x63\x6c\x61\x73\x73\x3d\x22\x69\x6e\x66\x6f\x2d\x73\x65\x63\x74\x69\x6f\x6e\x22\x3e\x0a\x20\x20\x20\x20\x20\x20\x20\x20\x3c\x64\x69\x76\x20\x63\x6c\x61\x73\x73\x3d\x22\x69\x6e\x66\x6f\x2d\x74\x69\x74\x6c\x65\x22\x3e\u2697\ufe0f\x20\u7269\u8cea\u6027\u8cea\x3c\x2f\x64\x69\x76\x3e\x0a\x20\x20\x20\x20\x20\x20\x20\x20\x3c\x64\x69\x76\x20\x63\x6c\x61\x73\x73\x3d\x22\x69\x6e\x66\x6f\x2d\x62\x6f\x64\x79\x22\x3e\x0a\x20\x20\x20\x20\x20\x20\x20\x20\x20\x20\x20\x20\x3c\x73\x70\x61\x6e\x20\x63\x6c\x61\x73\x73\x3d\x22\x68\x69\x67\x68\x6c\x69\x67\x68\x74\x2d\x74\x69\x74\x6c\x65\x22\x3e\x31\x2e\x20\u7acb\u9ad4\u7d50\u69cb\uff1a\x3c\x2f\x73\x70\x61\x6e\x3e\x43\x31\x30\x30\x20\u662f\u5927\u578b\u5bcc\u52d2\u70ef\u5bb6\u65cf\u4e2d\u7684\u91cd\u8981\u6210\u54e1\u3002\u5176\u5206\u5b50\u7531\x20\x31\x30\x30\x20\u500b\u78b3\u539f\u5b50\u7d44\u6210\u5c01\u9589\u7c60\u72c0\uff0c\u5305\u542b\x20\x3c\x73\x74\x72\x6f\x6e\x67\x3e\x31\x32\u500b\u4e94\u908a\u5f62\x3c\x2f\x73\x74\x72\x6f\x6e\x67\x3e\x20\u8207\x20\x3c\x73\x74\x72\x6f\x6e\x67\x3e\x34\x30\u500b\u516d\u908a\u5f62\x3c\x2f\x73\x74\x72\x6f\x6e\x67\x3e\u3002\u96a8\u8457\u78b3\u539f\u5b50\u6578\u589e\u52a0\uff0c\u7c60\u9ad4\u5f62\u72c0\u8b8a\u5f97\u66f4\u52a0\u591a\u6a23\u5316\uff0c\u6b64\u7d50\u69cb\u5448\u73fe\u51fa\u8907\u96dc\u7684\u4f4e\u5c0d\u7a31\u6027\uff08\x3c\x73\x74\x72\x6f\x6e\x67\x3e\x43\x32\x20\u9ede\u7fa4\x3c\x2f\x73\x74\x72\x6f\x6e\x67\x3e\uff09\u3002\x3c\x62\x72\x3e\x0a\x20\x20\x20\x20\x20\x20\x20\x20\x20\x20\x20\x20\x3c\x73\x70\x61\x6e\x20\x63\x6c\x61\x73\x73\x3d\x22\x68\x69\x67\x68\x6c\x69\x67\x68\x74\x2d\x74\x69\x74\x6c\x65\x22\x3e\x32\x2e\x20\u7269\u7406\u6027\u8cea\uff1a\x3c\x2f\x73\x70\x61\x6e\x3e\u5927\u578b\u5bcc\u52d2\u70ef\u5728\u5b8f\u89c0\u72c0\u614b\u4e0b\u901a\u5e38\u70ba\u9ed1\u8272\u56fa\u9ad4\u3002\u7531\u65bc\u5206\u5b50\u9ad4\u7a4d\u986f\u8457\u5927\u65bc\x20\x43\x36\x30\uff0c\u5176\u5206\u5b50\u9593\u7684\u51e1\u5f97\u74e6\u529b\u66f4\u5f37\uff0c\u6607\u83ef\u6eab\u5ea6\u66f4\u9ad8\u3002\u5167\u90e8\u5de8\u5927\u7684\u7a7a\u8154\u7a7a\u9593\u4f7f\u5176\u5177\u6709\u6975\u9ad8\u7684\u96fb\u5b50\u5bb9\u7d0d\u80fd\u529b\u8207\u5167\u5d4c\u6f5b\u529b\u3002\x3c\x62\x72\x3e\x0a\x20\x20\x20\x20\x20\x20\x20\x20\x20\x20\x20\x20\x3c\x73\x70\x61\x6e\x20\x63\x6c\x61\x73\x73\x3d\x22\x68\x69\x67\x68\x6c\x69\x67\x68\x74\x2d\x74\x69\x74\x6c\x65\x22\x3e\x33\x2e\x20\u96fb\u5b50\u7d50\u69cb\uff1a\x3c\x2f\x73\x70\x61\x6e\x3e\u96d6\u7136\u5448\u73fe\u66f2\u9762\uff0c\u4f46\u78b3\u539f\u5b50\u4ecd\u4fdd\u6301\x20\x3c\x73\x74\x72\x6f\x6e\x67\x3e\x73\x70\u00b2\x20\u6df7\u6210\x3c\x2f\x73\x74\x72\x6f\x6e\x67\x3e\u3002\u7531\u65bc\u8868\u9762\u66f2\u7387\u5728\u4e0d\u540c\u5340\u57df\u5dee\u7570\u5de8\u5927\uff0c\u5176\u96fb\u5b50\u96f2\u5206\u5e03\u6975\u4e0d\u5747\u52fb\uff0c\u9019\u8ce6\u4e88\u4e86\x20\x43\x31\x30\x30\x20\u7368\u7279\u7684\u5340\u57df\u5316\u5b78\u53cd\u61c9\u6d3b\u6027\u8207\u975e\u7dda\u6027\u5149\u5b78\u7279\u6027\u3002\x0a\x20\x20\x20\x20\x20\x20\x20\x20\x3c\x2f\x64\x69\x76\x3e\x0a\x20\x20\x20\x20\x3c\x2f\x64\x69\x76\x3e\x0a\x20\x20\x20\x20\x3c\x64\x69\x76\x20\x63\x6c\x61\x73\x73\x3d\x22\x69\x6e\x66\x6f\x2d\x73\x65\x63\x74\x69\x6f\x6e\x22\x20\x73\x74\x79\x6c\x65\x3d\x22\x6d\x61\x72\x67\x69\x6e\x2d\x74\x6f\x70\x3a\x20\x31\x32\x70\x78\x3b\x20\x62\x6f\x72\x64\x65\x72\x2d\x74\x6f\x70\x3a\x20\x31\x70\x78\x20\x64\x61\x73\x68\x65\x64\x20\x72\x67\x62\x61\x28\x32\x35\x35\x2c\x32\x35\x35\x2c\x32\x35\x35\x2c\x30\x2e\x32\x29\x3b\x20\x70\x61\x64\x64\x69\x6e\x67\x2d\x74\x6f\x70\x3a\x20\x31\x30\x70\x78\x3b\x22\x3e\x0a\x20\x20\x20\x20\x20\x20\x20\x20\x3c\x64\x69\x76\x20\x63\x6c\x61\x73\x73\x3d\x22\x69\x6e\x66\x6f\x2d\x74\x69\x74\x6c\x65\x22\x3e\ud83c\udfed\x20\u524d\u7aef\u79d1\u5b78\u61c9\u7528\x3c\x2f\x64\x69\x76\x3e\x0a\x20\x20\x20\x20\x20\x20\x20\x20\x3c\x64\x69\x76\x20\x63\x6c\x61\x73\x73\x3d\x22\x69\x6e\x66\x6f\x2d\x62\x6f\x64\x79\x22\x3e\x0a\x20\x20\x20\x20\x20\x20\x20\x20\x20\x20\x20\x20\x3c\x73\x70\x61\x6e\x20\x63\x6c\x61\x73\x73\x3d\x22\x68\x69\x67\x68\x6c\x69\x67\x68\x74\x2d\x74\x69\x74\x6c\x65\x22\x3e\x31\x2e\x20\u5206\u5b50\u5948\u7c73\u6280\u8853\uff1a\x3c\x2f\x73\x70\x61\x6e\x3e\x43\x31\x30\x30\x20\u7684\u5de8\u5927\u5167\u8154\u53ef\u540c\u6642\u5c01\u88dd\u591a\u500b\u91d1\u5c6c\u539f\u5b50\u6216\u8907\u96dc\u7684\u5206\u5b50\u7c07\uff08\u5982\u91d1\u5c6c\u78b3\u5316\u7269\u6216\u6c2e\u5316\u7269\u7c07\uff09\uff0c\u9019\u985e\u300c\u5167\u5d4c\u5bcc\u52d2\u70ef\u300d\u88ab\u8996\u70ba\x3c\x73\x74\x72\x6f\x6e\x67\x3e\u55ae\u5206\u5b50\u91cf\u5b50\u78c1\u9ad4\x3c\x2f\x73\x74\x72\x6f\x6e\x67\x3e\u8207\u91cf\u5b50\u8a08\u7b97\u7684\u91cd\u8981\u8f09\u9ad4\u3002\x3c\x62\x72\x3e\x0a\x20\x20\x20\x20\x20\x20\x20\x20\x20\x20\x20\x20\x3c\x73\x70\x61\x6e\x20\x63\x6c\x61\x73\x73\x3d\x22\x68\x69\x67\x68\x6c\x69\x67\x68\x74\x2d\x74\x69\x74\x6c\x65\x22\x3e\x32\x2e\x20\u6750\u6599\u6539\u6027\uff1a\x3c\x2f\x73\x70\x61\x6e\x3e\u56e0\u5176\u5f37\u5927\u7684\u96fb\u8ca0\u5ea6\uff0c\x43\x31\x30\x30\x20\u88ab\u7814\u7a76\u4f5c\u70ba\u9ad8\u6027\u80fd\u805a\u5408\u7269\u7684\u6dfb\u52a0\u5291\uff0c\u80fd\u5920\u986f\u8457\u63d0\u5347\u6750\u6599\u7684\u6297\u6c27\u5316\u6027\u8207\u71b1\u7a69\u5b9a\u6027\u3002\x3c\x62\x72\x3e\x0a\x20\x20\x20\x20\x20\x20\x20\x20\x20\x20\x20\x20\x3c\x73\x70\x61\x6e\x20\x63\x6c\x61\x73\x73\x3d\x22\x68\x69\x67\x68\x6c\x69\x67\x68\x74\x2d\x74\x69\x74\x6c\x65\x22\x3e\x33\x2e\x20\u6709\u6a5f\u5149\u4f0f\uff1a\x3c\x2f\x73\x70\x61\x6e\x3e\u5927\u578b\u5bcc\u52d2\u70ef\u5177\u6709\u66f4\u5bec\u7684\u96fb\u5b50\u5438\u6536\u5149\u8b5c\u3002\u5176\u884d\u751f\u7269\u5728\x3c\x73\x74\x72\x6f\x6e\x67\x3e\u6709\u6a5f\u8584\u819c\u592a\u967d\u80fd\u96fb\u6c60\x3c\x2f\x73\x74\x72\x6f\x6e\x67\x3e\u4e2d\u53ef\u4f5c\u70ba\u9ad8\u6548\u7684\u53d7\u9ad4\u6750\u6599\uff0c\u63d0\u5347\u5c0d\u592a\u967d\u5149\u80fd\u91cf\u7684\u8f49\u63db\u6548\u7387\u3002\x0a\x20\x20\x20\x20\x20\x20\x20\x20\x3c\x2f\x64\x69\x76\x3e\x0a\x20\x20\x20\x20\x3c\x2f\x64\x69\x76\x3e",
    "\x43\x32",
  ));
