const ELEMENT_PROPS = {
    "\x48": { "\x76\x65": 0x1, "\x63\x33\x64": "\x23\x46\x30\x46\x30\x46\x30", "\x72\x33\x64": 0xc, "\x6c\x70": 0x0, "\x6d\x61\x73\x73": 1.008, "\x65\x6e": 2.1 },
    "\x48\x65": { "\x76\x65": 0x2, "\x63\x33\x64": "\x23\x41\x35\x46\x33\x46\x43", "\x72\x33\x64": 0xb, "\x6c\x70": 0x1, "\x6d\x61\x73\x73": 4.002, "\x65\x6e": 0x0 },
    "\x4c\x69": { "\x76\x65": 0x1, "\x63\x33\x64": "\x23\x45\x38\x37\x39\x46\x39", "\x72\x33\x64": 0x1a, "\x6c\x70": 0x0, "\x6d\x61\x73\x73": 6.94, "\x65\x6e": 0.98 },
    "\x42\x65": { "\x76\x65": 0x2, "\x63\x33\x64": "\x23\x43\x32\x46\x39\x37\x30", "\x72\x33\x64": 0x16, "\x6c\x70": 0x0, "\x6d\x61\x73\x73": 9.012, "\x65\x6e": 1.57 },
    "\x42": { "\x76\x65": 0x3, "\x63\x33\x64": "\x23\x46\x44\x42\x41\x37\x34", "\x72\x33\x64": 0x14, "\x6c\x70": 0x0, "\x6d\x61\x73\x73": 10.81, "\x65\x6e": 2.04 },
    "\x43": { "\x76\x65": 0x4, "\x63\x33\x64": "\x23\x39\x34\x41\x33\x42\x38", "\x72\x33\x64": 0x13, "\x6c\x70": 0x0, "\x6d\x61\x73\x73": 12.011, "\x65\x6e": 2.55 },
    "\x4e": { "\x76\x65": 0x5, "\x63\x33\x64": "\x23\x33\x42\x38\x32\x46\x36", "\x72\x33\x64": 0x12, "\x6c\x70": 0x1, "\x6d\x61\x73\x73": 14.007, "\x65\x6e": 3.04 },
    "\x4f": { "\x76\x65": 0x6, "\x63\x33\x64": "\x23\x45\x46\x34\x34\x34\x34", "\x72\x33\x64": 0x11, "\x6c\x70": 0x2, "\x6d\x61\x73\x73": 15.999, "\x65\x6e": 3.44 },
    "\x46": { "\x76\x65": 0x7, "\x63\x33\x64": "\x23\x39\x30\x45\x30\x35\x30", "\x72\x33\x64": 0x10, "\x6c\x70": 0x3, "\x6d\x61\x73\x73": 18.998, "\x65\x6e": 3.98 },
    "\x4e\x65": { "\x76\x65": 0x8, "\x63\x33\x64": "\x23\x36\x37\x45\x38\x46\x39", "\x72\x33\x64": 0xf, "\x6c\x70": 0x4, "\x6d\x61\x73\x73": 20.18, "\x65\x6e": 0x0 },
    "\x4e\x61": { "\x76\x65": 0x1, "\x63\x33\x64": "\x23\x43\x30\x38\x34\x46\x43", "\x72\x33\x64": 0x1e, "\x6c\x70": 0x0, "\x6d\x61\x73\x73": 22.99, "\x65\x6e": 0.93 },
    "\x4d\x67": { "\x76\x65": 0x2, "\x63\x33\x64": "\x23\x31\x30\x42\x39\x38\x31", "\x72\x33\x64": 0x1a, "\x6c\x70": 0x0, "\x6d\x61\x73\x73": 24.305, "\x65\x6e": 1.31 },
    "\x41\x6c": { "\x76\x65": 0x3, "\x63\x33\x64": "\x23\x45\x32\x45\x38\x46\x30", "\x72\x33\x64": 0x18, "\x6c\x70": 0x0, "\x6d\x61\x73\x73": 26.982, "\x65\x6e": 1.61 },
    "\x53\x69": { "\x76\x65": 0x4, "\x63\x33\x64": "\x23\x43\x42\x44\x35\x45\x31", "\x72\x33\x64": 0x16, "\x6c\x70": 0x0, "\x6d\x61\x73\x73": 28.085, "\x65\x6e": 1.9 },
    "\x50": { "\x76\x65": 0x5, "\x63\x33\x64": "\x23\x46\x39\x37\x33\x31\x36", "\x72\x33\x64": 0x15, "\x6c\x70": 0x0, "\x6d\x61\x73\x73": 30.974, "\x65\x6e": 2.19 },
    "\x53": { "\x76\x65": 0x6, "\x63\x33\x64": "\x23\x46\x41\x43\x43\x31\x35", "\x72\x33\x64": 0x14, "\x6c\x70": 0x0, "\x6d\x61\x73\x73": 32.06, "\x65\x6e": 2.58 },
    "\x43\x6c": { "\x76\x65": 0x7, "\x63\x33\x64": "\x23\x32\x32\x43\x35\x35\x45", "\x72\x33\x64": 0x13, "\x6c\x70": 0x3, "\x6d\x61\x73\x73": 35.45, "\x65\x6e": 3.16 },
    "\x41\x72": { "\x76\x65": 0x8, "\x63\x33\x64": "\x23\x33\x38\x42\x44\x46\x38", "\x72\x33\x64": 0x12, "\x6c\x70": 0x4, "\x6d\x61\x73\x73": 39.948, "\x65\x6e": 0x0 },
    "\x4b": { "\x76\x65": 0x1, "\x63\x33\x64": "\x23\x38\x42\x35\x43\x46\x36", "\x72\x33\x64": 0x24, "\x6c\x70": 0x0, "\x6d\x61\x73\x73": 39.098, "\x65\x6e": 0.82 },
    "\x43\x61": { "\x76\x65": 0x2, "\x63\x33\x64": "\x23\x34\x41\x44\x45\x38\x30", "\x72\x33\x64": 0x20, "\x6c\x70": 0x0, "\x6d\x61\x73\x73": 40.078, "\x65\x6e": 0x1 },
    "\x53\x63": { "\x76\x65": 0x3, "\x63\x33\x64": "\x23\x45\x36\x45\x36\x45\x36", "\x72\x33\x64": 0x1c, "\x6c\x70": 0x0, "\x6d\x61\x73\x73": 44.96, "\x65\x6e": 1.36 },
    "\x54\x69": { "\x76\x65": 0x4, "\x63\x33\x64": "\x23\x42\x46\x43\x32\x43\x37", "\x72\x33\x64": 0x1a, "\x6c\x70": 0x0, "\x6d\x61\x73\x73": 47.87, "\x65\x6e": 1.54 },
    "\x56": { "\x76\x65": 0x5, "\x63\x33\x64": "\x23\x41\x36\x41\x36\x41\x42", "\x72\x33\x64": 0x19, "\x6c\x70": 0x0, "\x6d\x61\x73\x73": 50.94, "\x65\x6e": 1.63 },
    "\x43\x72": { "\x76\x65": 0x6, "\x63\x33\x64": "\x23\x39\x34\x41\x33\x42\x38", "\x72\x33\x64": 0x18, "\x6c\x70": 0x0, "\x6d\x61\x73\x73": 51.996, "\x65\x6e": 1.66 },
    "\x4d\x6e": { "\x76\x65": 0x7, "\x63\x33\x64": "\x23\x44\x39\x34\x36\x45\x46", "\x72\x33\x64": 0x18, "\x6c\x70": 0x0, "\x6d\x61\x73\x73": 54.938, "\x65\x6e": 1.55 },
    "\x46\x65": { "\x76\x65": 0x8, "\x63\x33\x64": "\x23\x45\x41\x35\x38\x30\x43", "\x72\x33\x64": 0x18, "\x6c\x70": 0x0, "\x6d\x61\x73\x73": 55.845, "\x65\x6e": 1.83 },
    "\x43\x6f": { "\x76\x65": 0x9, "\x63\x33\x64": "\x23\x46\x34\x37\x32\x42\x36", "\x72\x33\x64": 0x17, "\x6c\x70": 0x0, "\x6d\x61\x73\x73": 58.93, "\x65\x6e": 1.88 },
    "\x4e\x69": { "\x76\x65": 0xa, "\x63\x33\x64": "\x23\x35\x30\x44\x30\x35\x30", "\x72\x33\x64": 0x17, "\x6c\x70": 0x0, "\x6d\x61\x73\x73": 58.69, "\x65\x6e": 1.91 },
    "\x43\x75": { "\x76\x65": 0xb, "\x63\x33\x64": "\x23\x44\x39\x37\x37\x30\x36", "\x72\x33\x64": 0x17, "\x6c\x70": 0x0, "\x6d\x61\x73\x73": 63.546, "\x65\x6e": 1.9 },
    "\x5a\x6e": { "\x76\x65": 0xc, "\x63\x33\x64": "\x23\x37\x38\x37\x31\x36\x43", "\x72\x33\x64": 0x17, "\x6c\x70": 0x0, "\x6d\x61\x73\x73": 65.38, "\x65\x6e": 1.65 },
    "\x47\x61": { "\x76\x65": 0x3, "\x63\x33\x64": "\x23\x43\x32\x38\x46\x38\x46", "\x72\x33\x64": 0x17, "\x6c\x70": 0x0, "\x6d\x61\x73\x73": 69.72, "\x65\x6e": 1.81 },
    "\x47\x65": { "\x76\x65": 0x4, "\x63\x33\x64": "\x23\x36\x36\x38\x46\x38\x46", "\x72\x33\x64": 0x17, "\x6c\x70": 0x0, "\x6d\x61\x73\x73": 72.63, "\x65\x6e": 2.01 },
    "\x41\x73": { "\x76\x65": 0x5, "\x63\x33\x64": "\x23\x42\x44\x38\x30\x45\x33", "\x72\x33\x64": 0x16, "\x6c\x70": 0x0, "\x6d\x61\x73\x73": 74.92, "\x65\x6e": 2.18 },
    "\x53\x65": { "\x76\x65": 0x6, "\x63\x33\x64": "\x23\x46\x46\x41\x31\x30\x30", "\x72\x33\x64": 0x16, "\x6c\x70": 0x0, "\x6d\x61\x73\x73": 78.96, "\x65\x6e": 2.55 },
    "\x42\x72": { "\x76\x65": 0x7, "\x63\x33\x64": "\x23\x42\x39\x31\x43\x31\x43", "\x72\x33\x64": 0x15, "\x6c\x70": 0x3, "\x6d\x61\x73\x73": 79.904, "\x65\x6e": 2.96 },
    "\x4b\x72": { "\x76\x65": 0x8, "\x63\x33\x64": "\x23\x35\x43\x42\x38\x44\x31", "\x72\x33\x64": 0x14, "\x6c\x70": 0x4, "\x6d\x61\x73\x73": 83.8, "\x65\x6e": 0x3 },
    "\x52\x62": { "\x76\x65": 0x1, "\x63\x33\x64": "\x23\x37\x30\x32\x45\x42\x30", "\x72\x33\x64": 0x26, "\x6c\x70": 0x0, "\x6d\x61\x73\x73": 85.47, "\x65\x6e": 0.82 },
    "\x53\x72": { "\x76\x65": 0x2, "\x63\x33\x64": "\x23\x30\x30\x46\x46\x30\x30", "\x72\x33\x64": 0x22, "\x6c\x70": 0x0, "\x6d\x61\x73\x73": 87.62, "\x65\x6e": 0.95 },
    "\x41\x67": { "\x76\x65": 0xb, "\x63\x33\x64": "\x23\x46\x31\x46\x35\x46\x39", "\x72\x33\x64": 0x19, "\x6c\x70": 0x0, "\x6d\x61\x73\x73": 107.87, "\x65\x6e": 1.93 },
    "\x53\x6e": { "\x76\x65": 0x4, "\x63\x33\x64": "\x23\x36\x36\x38\x30\x38\x30", "\x72\x33\x64": 0x19, "\x6c\x70": 0x0, "\x6d\x61\x73\x73": 118.7, "\x65\x6e": 1.96 },
    "\x53\x62": { "\x76\x65": 0x5, "\x63\x33\x64": "\x23\x41\x38\x35\x35\x46\x37", "\x72\x33\x64": 0x19, "\x6c\x70": 0x0, "\x6d\x61\x73\x73": 121.76, "\x65\x6e": 2.05 },
    "\x54\x65": { "\x76\x65": 0x6, "\x63\x33\x64": "\x23\x45\x41\x35\x38\x30\x43", "\x72\x33\x64": 0x19, "\x6c\x70": 0x0, "\x6d\x61\x73\x73": 127.6, "\x65\x6e": 2.1 },
    "\x49": { "\x76\x65": 0x7, "\x63\x33\x64": "\x23\x41\x38\x35\x35\x46\x37", "\x72\x33\x64": 0x18, "\x6c\x70": 0x3, "\x6d\x61\x73\x73": 126.9, "\x65\x6e": 2.66 },
    "\x58\x65": { "\x76\x65": 0x8, "\x63\x33\x64": "\x23\x38\x31\x38\x43\x46\x38", "\x72\x33\x64": 0x18, "\x6c\x70": 0x3, "\x6d\x61\x73\x73": 131.29, "\x65\x6e": 2.6 },
    "\x43\x73": { "\x76\x65": 0x1, "\x63\x33\x64": "\x23\x35\x37\x31\x37\x38\x46", "\x72\x33\x64": 0x2a, "\x6c\x70": 0x0, "\x6d\x61\x73\x73": 132.9, "\x65\x6e": 0.79 },
    "\x42\x61": { "\x76\x65": 0x2, "\x63\x33\x64": "\x23\x30\x30\x43\x39\x30\x30", "\x72\x33\x64": 0x26, "\x6c\x70": 0x0, "\x6d\x61\x73\x73": 137.3, "\x65\x6e": 0.89 },
    "\x50\x74": { "\x76\x65": 0xa, "\x63\x33\x64": "\x23\x44\x30\x44\x30\x45\x30", "\x72\x33\x64": 0x19, "\x6c\x70": 0x0, "\x6d\x61\x73\x73": 195.1, "\x65\x6e": 2.28 },
    "\x41\x75": { "\x76\x65": 0xb, "\x63\x33\x64": "\x23\x46\x35\x39\x45\x30\x42", "\x72\x33\x64": 0x19, "\x6c\x70": 0x0, "\x6d\x61\x73\x73": 196.97, "\x65\x6e": 2.54 },
    "\x48\x67": { "\x76\x65": 0xc, "\x63\x33\x64": "\x23\x42\x38\x42\x38\x44\x30", "\x72\x33\x64": 0x18, "\x6c\x70": 0x0, "\x6d\x61\x73\x73": 200.6, "\x65\x6e": 0x2 },
    "\x50\x62": { "\x76\x65": 0x4, "\x63\x33\x64": "\x23\x35\x37\x35\x39\x36\x31", "\x72\x33\x64": 0x1a, "\x6c\x70": 0x0, "\x6d\x61\x73\x73": 207.2, "\x65\x6e": 2.33 },
    "\x50\x6f": { "\x76\x65": 0x6, "\x63\x33\x64": "\x23\x41\x42\x35\x43\x30\x30", "\x72\x33\x64": 0x1a, "\x6c\x70": 0x0, "\x6d\x61\x73\x73": 0xd1, "\x65\x6e": 0x2 },
    "\x46\x72": { "\x76\x65": 0x1, "\x63\x33\x64": "\x23\x34\x32\x30\x30\x36\x36", "\x72\x33\x64": 0x2c, "\x6c\x70": 0x0, "\x6d\x61\x73\x73": 0xdf, "\x65\x6e": 0.7 },
    "\x52\x61": { "\x76\x65": 0x2, "\x63\x33\x64": "\x23\x30\x30\x36\x34\x30\x30", "\x72\x33\x64": 0x28, "\x6c\x70": 0x0, "\x6d\x61\x73\x73": 0xe2, "\x65\x6e": 0.9 },
    "\x20": { "\x76\x65": 0x0, "\x63\x33\x64": "\x23\x33\x42\x38\x32\x46\x36", "\x72\x33\x64": 0x0 },
    "\x20\x20": { "\x76\x65": 0x0, "\x63\x33\x64": "\x23\x31\x30\x42\x39\x38\x31", "\x72\x33\x64": 0x0 },
    "\x20\x20\x20": { "\x76\x65": 0x0, "\x63\x33\x64": "\x23\x46\x35\x39\x45\x30\x42", "\x72\x33\x64": 0x0 },
    "\x4f\x72\x69\x67\x69\x6e": { "\x76\x65": 0x0, "\x63\x33\x64": "\x23\x30\x30\x30\x30\x30\x30", "\x72\x33\x64": 0x0, "\x6c\x70": 0x0, "\x6d\x61\x73\x73": 0x0, "\x65\x6e": 0x0 },
    "\x41\x78\x69\x73": { "\x76\x65": 0x0, "\x63\x33\x64": "\x23\x34\x34\x34\x34\x34\x34", "\x72\x33\x64": 0x1, "\x6c\x70": 0x0, "\x6d\x61\x73\x73": 0x0, "\x65\x6e": 0x0 },
    "\x58": { "\x76\x65": 0x0, "\x63\x33\x64": "\x23\x45\x46\x34\x34\x34\x34", "\x72\x33\x64": 0x0, "\x6c\x70": 0x0, "\x6d\x61\x73\x73": 0x0, "\x65\x6e": 0x0 },
    "\x59": { "\x76\x65": 0x0, "\x63\x33\x64": "\x23\x32\x32\x43\x35\x35\x45", "\x72\x33\x64": 0x0, "\x6c\x70": 0x0, "\x6d\x61\x73\x73": 0x0, "\x65\x6e": 0x0 },
    "\x5a": { "\x76\x65": 0x0, "\x63\x33\x64": "\x23\x33\x42\x38\x32\x46\x36", "\x72\x33\x64": 0x0, "\x6c\x70": 0x0, "\x6d\x61\x73\x73": 0x0, "\x65\x6e": 0x0 },
  },
  ELECTRON_DATA = [
    { "\x7a": 0x1, "\x73": "\x48", "\x6e": "\x48\x79\x64\x72\x6f\x67\x65\x6e", "\x63\x6e": "\u6c2b", "\x74\x79\x70\x65": "\u975e\u91d1\u5c6c", "\x73\x74\x61\x74\x65": "\u6c23\u9ad4", "\x6d\x70": "\x2d\x32\x35\x39\u00b0\x43", "\x62\x70": "\x2d\x32\x35\x33\u00b0\x43", "\x69\x65": [0x520], "\x70": 0x1, "\x67": "\x31\x41", "\x69\x75\x70\x61\x63": 0x1, "\x63": "\x31\x73\x31", "\x6e\x6f\x62\x6c\x65": "\x31\x73\x31" },
    { "\x7a": 0x2, "\x73": "\x48\x65", "\x6e": "\x48\x65\x6c\x69\x75\x6d", "\x63\x6e": "\u6c26", "\x74\x79\x70\x65": "\u975e\u91d1\u5c6c", "\x73\x74\x61\x74\x65": "\u6c23\u9ad4", "\x6d\x70": "\x2d\x32\x37\x32\u00b0\x43", "\x62\x70": "\x2d\x32\x36\x39\u00b0\x43", "\x69\x65": [0x944, 0x1482], "\x70": 0x1, "\x67": "\x38\x41", "\x69\x75\x70\x61\x63": 0x12, "\x63": "\x31\x73\x32", "\x6e\x6f\x62\x6c\x65": "\x31\x73\x32" },
    { "\x7a": 0x3, "\x73": "\x4c\x69", "\x6e": "\x4c\x69\x74\x68\x69\x75\x6d", "\x63\x6e": "\u92f0", "\x74\x79\x70\x65": "\u91d1\u5c6c", "\x73\x74\x61\x74\x65": "\u56fa\u9ad4", "\x6d\x70": "\x31\x38\x30\u00b0\x43", "\x62\x70": "\x31\x33\x34\x32\u00b0\x43", "\x69\x65": [520.2, 7298.1, 0x2e27], "\x70": 0x2, "\x67": "\x31\x41", "\x69\x75\x70\x61\x63": 0x1, "\x63": "\x31\x73\x32\x20\x32\x73\x31", "\x6e\x6f\x62\x6c\x65": "\x5b\x48\x65\x5d\x20\x32\x73\x31" },
    { "\x7a": 0x4, "\x73": "\x42\x65", "\x6e": "\x42\x65\x72\x79\x6c\x6c\x69\x75\x6d", "\x63\x6e": "\u9239", "\x74\x79\x70\x65": "\u91d1\u5c6c", "\x73\x74\x61\x74\x65": "\u56fa\u9ad4", "\x6d\x70": "\x31\x32\x38\x37\u00b0\x43", "\x62\x70": "\x32\x34\x36\x39\u00b0\x43", "\x69\x65": [899.5, 1757.1, 14848.7, 21006.6], "\x70": 0x2, "\x67": "\x32\x41", "\x69\x75\x70\x61\x63": 0x2, "\x63": "\x31\x73\x32\x20\x32\x73\x32", "\x6e\x6f\x62\x6c\x65": "\x5b\x48\x65\x5d\x20\x32\x73\x32" },
    {
      "\x7a": 0x5,
      "\x73": "\x42",
      "\x6e": "\x42\x6f\x72\x6f\x6e",
      "\x63\x6e": "\u787c",
      "\x74\x79\x70\x65": "\u985e\u91d1\u5c6c",
      "\x73\x74\x61\x74\x65": "\u56fa\u9ad4",
      "\x6d\x70": "\x32\x30\x37\x36\u00b0\x43",
      "\x62\x70": "\x33\x39\x32\x37\u00b0\x43",
      "\x69\x65": [800.6, 2427.1, 3659.7, 25025.8, 32826.7],
      "\x70": 0x2,
      "\x67": "\x33\x41",
      "\x69\x75\x70\x61\x63": 0xd,
      "\x63": "\x31\x73\x32\x20\x32\x73\x32\x20\x32\x70\x31",
      "\x6e\x6f\x62\x6c\x65": "\x5b\x48\x65\x5d\x20\x32\x73\x32\x20\x32\x70\x31",
    },
    {
      "\x7a": 0x6,
      "\x73": "\x43",
      "\x6e": "\x43\x61\x72\x62\x6f\x6e",
      "\x63\x6e": "\u78b3",
      "\x74\x79\x70\x65": "\u975e\u91d1\u5c6c",
      "\x73\x74\x61\x74\x65": "\u56fa\u9ad4",
      "\x6d\x70": "\x33\x35\x35\x30\u00b0\x43",
      "\x62\x70": "\x34\x30\x32\x37\u00b0\x43",
      "\x69\x65": [1086.5, 2352.6, 4620.5, 6222.7, 0x93c7, 0xb8ad],
      "\x70": 0x2,
      "\x67": "\x34\x41",
      "\x69\x75\x70\x61\x63": 0xe,
      "\x63": "\x31\x73\x32\x20\x32\x73\x32\x20\x32\x70\x32",
      "\x6e\x6f\x62\x6c\x65": "\x5b\x48\x65\x5d\x20\x32\x73\x32\x20\x32\x70\x32",
    },
    {
      "\x7a": 0x7,
      "\x73": "\x4e",
      "\x6e": "\x4e\x69\x74\x72\x6f\x67\x65\x6e",
      "\x63\x6e": "\u6c2e",
      "\x74\x79\x70\x65": "\u975e\u91d1\u5c6c",
      "\x73\x74\x61\x74\x65": "\u6c23\u9ad4",
      "\x6d\x70": "\x2d\x32\x31\x30\u00b0\x43",
      "\x62\x70": "\x2d\x31\x39\x36\u00b0\x43",
      "\x69\x65": [1402.3, 0xb28, 4578.1, 0x1d33, 9444.9, 53266.6, 0xfb68],
      "\x70": 0x2,
      "\x67": "\x35\x41",
      "\x69\x75\x70\x61\x63": 0xf,
      "\x63": "\x31\x73\x32\x20\x32\x73\x32\x20\x32\x70\x33",
      "\x6e\x6f\x62\x6c\x65": "\x5b\x48\x65\x5d\x20\x32\x73\x32\x20\x32\x70\x33",
    },
    {
      "\x7a": 0x8,
      "\x73": "\x4f",
      "\x6e": "\x4f\x78\x79\x67\x65\x6e",
      "\x63\x6e": "\u6c27",
      "\x74\x79\x70\x65": "\u975e\u91d1\u5c6c",
      "\x73\x74\x61\x74\x65": "\u6c23\u9ad4",
      "\x6d\x70": "\x2d\x32\x31\x38\u00b0\x43",
      "\x62\x70": "\x2d\x31\x38\x33\u00b0\x43",
      "\x69\x65": [1313.9, 3388.7, 5300.5, 7469.3, 10989.6, 13326.5, 71330.7, 84078.3],
      "\x70": 0x2,
      "\x67": "\x36\x41",
      "\x69\x75\x70\x61\x63": 0x10,
      "\x63": "\x31\x73\x32\x20\x32\x73\x32\x20\x32\x70\x34",
      "\x6e\x6f\x62\x6c\x65": "\x5b\x48\x65\x5d\x20\x32\x73\x32\x20\x32\x70\x34",
    },
    {
      "\x7a": 0x9,
      "\x73": "\x46",
      "\x6e": "\x46\x6c\x75\x6f\x72\x69\x6e\x65",
      "\x63\x6e": "\u6c1f",
      "\x74\x79\x70\x65": "\u975e\u91d1\u5c6c",
      "\x73\x74\x61\x74\x65": "\u6c23\u9ad4",
      "\x6d\x70": "\x2d\x32\x32\x30\u00b0\x43",
      "\x62\x70": "\x2d\x31\x38\x38\u00b0\x43",
      "\x69\x65": [0x691, 3374.2, 6050.4, 8407.7, 11022.7, 0x3b3c, 0x45cc, 92038.1, 106434.3],
      "\x70": 0x2,
      "\x67": "\x37\x41",
      "\x69\x75\x70\x61\x63": 0x11,
      "\x63": "\x31\x73\x32\x20\x32\x73\x32\x20\x32\x70\x35",
      "\x6e\x6f\x62\x6c\x65": "\x5b\x48\x65\x5d\x20\x32\x73\x32\x20\x32\x70\x35",
    },
    {
      "\x7a": 0xa,
      "\x73": "\x4e\x65",
      "\x6e": "\x4e\x65\x6f\x6e",
      "\x63\x6e": "\u6c16",
      "\x74\x79\x70\x65": "\u975e\u91d1\u5c6c",
      "\x73\x74\x61\x74\x65": "\u6c23\u9ad4",
      "\x6d\x70": "\x2d\x32\x34\x39\u00b0\x43",
      "\x62\x70": "\x2d\x32\x34\x36\u00b0\x43",
      "\x69\x65": [2080.7, 3952.3, 0x17ea, 0x249b, 0x2f91, 0x3b86, 0x4e1f, 23069.5, 115379.5, 0x20168],
      "\x70": 0x2,
      "\x67": "\x38\x41",
      "\x69\x75\x70\x61\x63": 0x12,
      "\x63": "\x31\x73\x32\x20\x32\x73\x32\x20\x32\x70\x36",
      "\x6e\x6f\x62\x6c\x65": "\x5b\x48\x65\x5d\x20\x32\x73\x32\x20\x32\x70\x36",
    },
    {
      "\x7a": 0xb,
      "\x73": "\x4e\x61",
      "\x6e": "\x53\x6f\x64\x69\x75\x6d",
      "\x63\x6e": "\u9209",
      "\x74\x79\x70\x65": "\u91d1\u5c6c",
      "\x73\x74\x61\x74\x65": "\u56fa\u9ad4",
      "\x6d\x70": "\x39\x38\u00b0\x43",
      "\x62\x70": "\x38\x38\x33\u00b0\x43",
      "\x69\x65": [495.8, 0x11d2, 6910.3, 0x2547, 0x342a, 0x40e5, 0x4e95, 0x6398],
      "\x70": 0x3,
      "\x67": "\x31\x41",
      "\x69\x75\x70\x61\x63": 0x1,
      "\x63": "\x31\x73\x32\x20\x32\x73\x32\x20\x32\x70\x36\x20\x33\x73\x31",
      "\x6e\x6f\x62\x6c\x65": "\x5b\x4e\x65\x5d\x20\x33\x73\x31",
    },
    {
      "\x7a": 0xc,
      "\x73": "\x4d\x67",
      "\x6e": "\x4d\x61\x67\x6e\x65\x73\x69\x75\x6d",
      "\x63\x6e": "\u9382",
      "\x74\x79\x70\x65": "\u91d1\u5c6c",
      "\x73\x74\x61\x74\x65": "\u56fa\u9ad4",
      "\x6d\x70": "\x36\x35\x30\u00b0\x43",
      "\x62\x70": "\x31\x30\x39\x30\u00b0\x43",
      "\x69\x65": [737.7, 1450.7, 7732.7, 10542.5, 0x353e, 0x4664, 0x54cf, 0x643d],
      "\x70": 0x3,
      "\x67": "\x32\x41",
      "\x69\x75\x70\x61\x63": 0x2,
      "\x63": "\x31\x73\x32\x20\x32\x73\x32\x20\x32\x70\x36\x20\x33\x73\x32",
      "\x6e\x6f\x62\x6c\x65": "\x5b\x4e\x65\x5d\x20\x33\x73\x32",
    },
    {
      "\x7a": 0xd,
      "\x73": "\x41\x6c",
      "\x6e": "\x41\x6c\x75\x6d\x69\x6e\x69\x75\x6d",
      "\x63\x6e": "\u92c1",
      "\x74\x79\x70\x65": "\u91d1\u5c6c",
      "\x73\x74\x61\x74\x65": "\u56fa\u9ad4",
      "\x6d\x70": "\x36\x36\x30\u00b0\x43",
      "\x62\x70": "\x32\x35\x31\x39\u00b0\x43",
      "\x69\x65": [577.5, 1816.7, 2744.8, 0x2d39, 0x39fa, 0x47cb, 0x5b1e, 0x6b49],
      "\x70": 0x3,
      "\x67": "\x33\x41",
      "\x69\x75\x70\x61\x63": 0xd,
      "\x63": "\x31\x73\x32\x20\x32\x73\x32\x20\x32\x70\x36\x20\x33\x73\x32\x20\x33\x70\x31",
      "\x6e\x6f\x62\x6c\x65": "\x5b\x4e\x65\x5d\x20\x33\x73\x32\x20\x33\x70\x31",
    },
    {
      "\x7a": 0xe,
      "\x73": "\x53\x69",
      "\x6e": "\x53\x69\x6c\x69\x63\x6f\x6e",
      "\x63\x6e": "\u77fd",
      "\x74\x79\x70\x65": "\u985e\u91d1\u5c6c",
      "\x73\x74\x61\x74\x65": "\u56fa\u9ad4",
      "\x6d\x70": "\x31\x34\x31\x34\u00b0\x43",
      "\x62\x70": "\x33\x32\x36\x35\u00b0\x43",
      "\x69\x65": [786.5, 1577.1, 3231.6, 4355.5, 0x3edb, 0x4d5d, 0x5ce4, 0x7267],
      "\x70": 0x3,
      "\x67": "\x34\x41",
      "\x69\x75\x70\x61\x63": 0xe,
      "\x63": "\x31\x73\x32\x20\x32\x73\x32\x20\x32\x70\x36\x20\x33\x73\x32\x20\x33\x70\x32",
      "\x6e\x6f\x62\x6c\x65": "\x5b\x4e\x65\x5d\x20\x33\x73\x32\x20\x33\x70\x32",
    },
    {
      "\x7a": 0xf,
      "\x73": "\x50",
      "\x6e": "\x50\x68\x6f\x73\x70\x68\x6f\x72\x75\x73",
      "\x63\x6e": "\u78f7",
      "\x74\x79\x70\x65": "\u975e\u91d1\u5c6c",
      "\x73\x74\x61\x74\x65": "\u56fa\u9ad4",
      "\x6d\x70": "\x34\x34\u00b0\x43",
      "\x62\x70": "\x32\x38\x30\u00b0\x43",
      "\x69\x65": [1011.8, 0x773, 2914.1, 4963.6, 6273.9, 0x5313, 0x6357, 0x74b0],
      "\x70": 0x3,
      "\x67": "\x35\x41",
      "\x69\x75\x70\x61\x63": 0xf,
      "\x63": "\x31\x73\x32\x20\x32\x73\x32\x20\x32\x70\x36\x20\x33\x73\x32\x20\x33\x70\x33",
      "\x6e\x6f\x62\x6c\x65": "\x5b\x4e\x65\x5d\x20\x33\x73\x32\x20\x33\x70\x33",
    },
    {
      "\x7a": 0x10,
      "\x73": "\x53",
      "\x6e": "\x53\x75\x6c\x66\x75\x72",
      "\x63\x6e": "\u786b",
      "\x74\x79\x70\x65": "\u975e\u91d1\u5c6c",
      "\x73\x74\x61\x74\x65": "\u56fa\u9ad4",
      "\x6d\x70": "\x31\x31\x35\u00b0\x43",
      "\x62\x70": "\x34\x34\x35\u00b0\x43",
      "\x69\x65": [999.6, 0x8cc, 0xd1d, 0x11cc, 7004.3, 8495.8, 0x69e3, 0x7be7],
      "\x70": 0x3,
      "\x67": "\x36\x41",
      "\x69\x75\x70\x61\x63": 0x10,
      "\x63": "\x31\x73\x32\x20\x32\x73\x32\x20\x32\x70\x36\x20\x33\x73\x32\x20\x33\x70\x34",
      "\x6e\x6f\x62\x6c\x65": "\x5b\x4e\x65\x5d\x20\x33\x73\x32\x20\x33\x70\x34",
    },
    {
      "\x7a": 0x11,
      "\x73": "\x43\x6c",
      "\x6e": "\x43\x68\x6c\x6f\x72\x69\x6e\x65",
      "\x63\x6e": "\u6c2f",
      "\x74\x79\x70\x65": "\u975e\u91d1\u5c6c",
      "\x73\x74\x61\x74\x65": "\u6c23\u9ad4",
      "\x6d\x70": "\x2d\x31\x30\x31\u00b0\x43",
      "\x62\x70": "\x2d\x33\x34\u00b0\x43",
      "\x69\x65": [1251.2, 0x8fa, 0xeee, 5158.6, 0x198e, 0x2492, 0x2b0a, 0x8344],
      "\x70": 0x3,
      "\x67": "\x37\x41",
      "\x69\x75\x70\x61\x63": 0x11,
      "\x63": "\x31\x73\x32\x20\x32\x73\x32\x20\x32\x70\x36\x20\x33\x73\x32\x20\x33\x70\x35",
      "\x6e\x6f\x62\x6c\x65": "\x5b\x4e\x65\x5d\x20\x33\x73\x32\x20\x33\x70\x35",
    },
    {
      "\x7a": 0x12,
      "\x73": "\x41\x72",
      "\x6e": "\x41\x72\x67\x6f\x6e",
      "\x63\x6e": "\u6c2c",
      "\x74\x79\x70\x65": "\u975e\u91d1\u5c6c",
      "\x73\x74\x61\x74\x65": "\u6c23\u9ad4",
      "\x6d\x70": "\x2d\x31\x38\x39\u00b0\x43",
      "\x62\x70": "\x2d\x31\x38\x36\u00b0\x43",
      "\x69\x65": [1520.6, 2665.8, 0xf5b, 0x168b, 0x1c46, 0x224d, 0x2edb, 0x3612],
      "\x70": 0x3,
      "\x67": "\x38\x41",
      "\x69\x75\x70\x61\x63": 0x12,
      "\x63": "\x31\x73\x32\x20\x32\x73\x32\x20\x32\x70\x36\x20\x33\x73\x32\x20\x33\x70\x36",
      "\x6e\x6f\x62\x6c\x65": "\x5b\x4e\x65\x5d\x20\x33\x73\x32\x20\x33\x70\x36",
    },
    {
      "\x7a": 0x13,
      "\x73": "\x4b",
      "\x6e": "\x50\x6f\x74\x61\x73\x73\x69\x75\x6d",
      "\x63\x6e": "\u9240",
      "\x74\x79\x70\x65": "\u91d1\u5c6c",
      "\x73\x74\x61\x74\x65": "\u56fa\u9ad4",
      "\x6d\x70": "\x36\x33\u00b0\x43",
      "\x62\x70": "\x37\x35\x39\u00b0\x43",
      "\x69\x65": [418.8, 0xbec, 0x1144, 0x16f5, 0x1f27, 0x2576, 0x2c4f, 0x3a60],
      "\x70": 0x4,
      "\x67": "\x31\x41",
      "\x69\x75\x70\x61\x63": 0x1,
      "\x63": "\x31\x73\x32\x20\x32\x73\x32\x20\x32\x70\x36\x20\x33\x73\x32\x20\x33\x70\x36\x20\x34\x73\x31",
      "\x6e\x6f\x62\x6c\x65": "\x5b\x41\x72\x5d\x20\x34\x73\x31",
    },
    {
      "\x7a": 0x14,
      "\x73": "\x43\x61",
      "\x6e": "\x43\x61\x6c\x63\x69\x75\x6d",
      "\x63\x6e": "\u9223",
      "\x74\x79\x70\x65": "\u91d1\u5c6c",
      "\x73\x74\x61\x74\x65": "\u56fa\u9ad4",
      "\x6d\x70": "\x38\x34\x32\u00b0\x43",
      "\x62\x70": "\x31\x34\x38\x34\u00b0\x43",
      "\x69\x65": [589.8, 1145.4, 4912.4, 0x195b, 0x1fd9, 0x2900, 0x2fee, 0x377e],
      "\x70": 0x4,
      "\x67": "\x32\x41",
      "\x69\x75\x70\x61\x63": 0x2,
      "\x63": "\x31\x73\x32\x20\x32\x73\x32\x20\x32\x70\x36\x20\x33\x73\x32\x20\x33\x70\x36\x20\x34\x73\x32",
      "\x6e\x6f\x62\x6c\x65": "\x5b\x41\x72\x5d\x20\x34\x73\x32",
    },
    {
      "\x7a": 0x15,
      "\x73": "\x53\x63",
      "\x6e": "\x53\x63\x61\x6e\x64\x69\x75\x6d",
      "\x63\x6e": "\u9227",
      "\x74\x79\x70\x65": "\u91d1\u5c6c",
      "\x73\x74\x61\x74\x65": "\u56fa\u9ad4",
      "\x6d\x70": "\x31\x35\x34\x31\u00b0\x43",
      "\x62\x70": "\x32\x38\x33\x36\u00b0\x43",
      "\x69\x65": [633.088, 1234.99, 2388.655, 7090.65, 8842.88, 0x29b7, 0x3403, 15254.3],
      "\x70": 0x4,
      "\x67": "\x33\x42",
      "\x69\x75\x70\x61\x63": 0x3,
      "\x63": "\x31\x73\x32\x20\x32\x73\x32\x20\x32\x70\x36\x20\x33\x73\x32\x20\x33\x70\x36\x20\x33\x64\x31\x20\x34\x73\x32",
      "\x6e\x6f\x62\x6c\x65": "\x5b\x41\x72\x5d\x20\x33\x64\x31\x20\x34\x73\x32",
    },
    {
      "\x7a": 0x16,
      "\x73": "\x54\x69",
      "\x6e": "\x54\x69\x74\x61\x6e\x69\x75\x6d",
      "\x63\x6e": "\u9226",
      "\x74\x79\x70\x65": "\u91d1\u5c6c",
      "\x73\x74\x61\x74\x65": "\u56fa\u9ad4",
      "\x6d\x70": "\x31\x36\x36\x38\u00b0\x43",
      "\x62\x70": "\x33\x32\x38\x37\u00b0\x43",
      "\x69\x65": [658.813, 1309.837, 2652.546, 4174.651, 0x256d, 11532.89, 13585.1, 16441.1],
      "\x70": 0x4,
      "\x67": "\x34\x42",
      "\x69\x75\x70\x61\x63": 0x4,
      "\x63": "\x31\x73\x32\x20\x32\x73\x32\x20\x32\x70\x36\x20\x33\x73\x32\x20\x33\x70\x36\x20\x33\x64\x32\x20\x34\x73\x32",
      "\x6e\x6f\x62\x6c\x65": "\x5b\x41\x72\x5d\x20\x33\x64\x32\x20\x34\x73\x32",
    },
    {
      "\x7a": 0x17,
      "\x73": "\x56",
      "\x6e": "\x56\x61\x6e\x61\x64\x69\x75\x6d",
      "\x63\x6e": "\u91e9",
      "\x74\x79\x70\x65": "\u91d1\u5c6c",
      "\x73\x74\x61\x74\x65": "\u56fa\u9ad4",
      "\x6d\x70": "\x31\x39\x31\x30\u00b0\x43",
      "\x62\x70": "\x33\x34\x30\x37\u00b0\x43",
      "\x69\x65": [650.908, 1410.423, 2828.082, 4506.734, 6298.727, 12362.67, 14530.7, 16730.6],
      "\x70": 0x4,
      "\x67": "\x35\x42",
      "\x69\x75\x70\x61\x63": 0x5,
      "\x63": "\x31\x73\x32\x20\x32\x73\x32\x20\x32\x70\x36\x20\x33\x73\x32\x20\x33\x70\x36\x20\x33\x64\x33\x20\x34\x73\x32",
      "\x6e\x6f\x62\x6c\x65": "\x5b\x41\x72\x5d\x20\x33\x64\x33\x20\x34\x73\x32",
    },
    {
      "\x7a": 0x18,
      "\x73": "\x43\x72",
      "\x6e": "\x43\x68\x72\x6f\x6d\x69\x75\x6d",
      "\x63\x6e": "\u927b",
      "\x74\x79\x70\x65": "\u91d1\u5c6c",
      "\x73\x74\x61\x74\x65": "\u56fa\u9ad4",
      "\x6d\x70": "\x31\x39\x30\x37\u00b0\x43",
      "\x62\x70": "\x32\x36\x37\x31\u00b0\x43",
      "\x69\x65": [652.869, 1590.628, 2987.19, 4743.22, 6701.87, 8744.939, 15455.02, 17820.8],
      "\x70": 0x4,
      "\x67": "\x36\x42",
      "\x69\x75\x70\x61\x63": 0x6,
      "\x63": "\x31\x73\x32\x20\x32\x73\x32\x20\x32\x70\x36\x20\x33\x73\x32\x20\x33\x70\x36\x20\x33\x64\x35\x20\x34\x73\x31",
      "\x6e\x6f\x62\x6c\x65": "\x5b\x41\x72\x5d\x20\x33\x64\x35\x20\x34\x73\x31",
      "\x65\x78": !![],
    },
    {
      "\x7a": 0x19,
      "\x73": "\x4d\x6e",
      "\x6e": "\x4d\x61\x6e\x67\x61\x6e\x65\x73\x65",
      "\x63\x6e": "\u9333",
      "\x74\x79\x70\x65": "\u91d1\u5c6c",
      "\x73\x74\x61\x74\x65": "\u56fa\u9ad4",
      "\x6d\x70": "\x31\x32\x34\x36\u00b0\x43",
      "\x62\x70": "\x32\x30\x36\x31\u00b0\x43",
      "\x69\x65": [717.274, 1509.03, 3248.468, 0x134c, 6985.5, 0x2408, 11501.342, 18766.4],
      "\x70": 0x4,
      "\x67": "\x37\x42",
      "\x69\x75\x70\x61\x63": 0x7,
      "\x63": "\x31\x73\x32\x20\x32\x73\x32\x20\x32\x70\x36\x20\x33\x73\x32\x20\x33\x70\x36\x20\x33\x64\x35\x20\x34\x73\x32",
      "\x6e\x6f\x62\x6c\x65": "\x5b\x41\x72\x5d\x20\x33\x64\x35\x20\x34\x73\x32",
    },
    {
      "\x7a": 0x1a,
      "\x73": "\x46\x65",
      "\x6e": "\x49\x72\x6f\x6e",
      "\x63\x6e": "\u9435",
      "\x74\x79\x70\x65": "\u91d1\u5c6c",
      "\x73\x74\x61\x74\x65": "\u56fa\u9ad4",
      "\x6d\x70": "\x31\x35\x33\x38\u00b0\x43",
      "\x62\x70": "\x32\x38\x36\x31\u00b0\x43",
      "\x69\x65": [762.466, 1561.876, 2957.469, 5287.4, 0x1c44, 9561.7, 12058.74, 14575.08],
      "\x70": 0x4,
      "\x67": "\x38\x42",
      "\x69\x75\x70\x61\x63": 0x8,
      "\x63": "\x31\x73\x32\x20\x32\x73\x32\x20\x32\x70\x36\x20\x33\x73\x32\x20\x33\x70\x36\x20\x33\x64\x36\x20\x34\x73\x32",
      "\x6e\x6f\x62\x6c\x65": "\x5b\x41\x72\x5d\x20\x33\x64\x36\x20\x34\x73\x32",
    },
    {
      "\x7a": 0x1b,
      "\x73": "\x43\x6f",
      "\x6e": "\x43\x6f\x62\x61\x6c\x74",
      "\x63\x6e": "\u9237",
      "\x74\x79\x70\x65": "\u91d1\u5c6c",
      "\x73\x74\x61\x74\x65": "\u56fa\u9ad4",
      "\x6d\x70": "\x31\x34\x39\x35\u00b0\x43",
      "\x62\x70": "\x32\x39\x32\x37\u00b0\x43",
      "\x69\x65": [760.402, 1648.356, 3232.3, 4949.7, 7670.6, 0x2672, 0x3095, 15225.4],
      "\x70": 0x4,
      "\x67": "\x38\x42",
      "\x69\x75\x70\x61\x63": 0x9,
      "\x63": "\x31\x73\x32\x20\x32\x73\x32\x20\x32\x70\x36\x20\x33\x73\x32\x20\x33\x70\x36\x20\x33\x64\x37\x20\x34\x73\x32",
      "\x6e\x6f\x62\x6c\x65": "\x5b\x41\x72\x5d\x20\x33\x64\x37\x20\x34\x73\x32",
    },
    {
      "\x7a": 0x1c,
      "\x73": "\x4e\x69",
      "\x6e": "\x4e\x69\x63\x6b\x65\x6c",
      "\x63\x6e": "\u93b3",
      "\x74\x79\x70\x65": "\u91d1\u5c6c",
      "\x73\x74\x61\x74\x65": "\u56fa\u9ad4",
      "\x6d\x70": "\x31\x34\x35\x35\u00b0\x43",
      "\x62\x70": "\x32\x37\x33\x30\u00b0\x43",
      "\x69\x65": [737.129, 1753.027, 3395.32, 0x14b1, 7338.67, 0x28b4, 0x3221, 0x3d0f],
      "\x70": 0x4,
      "\x67": "\x38\x42",
      "\x69\x75\x70\x61\x63": 0xa,
      "\x63": "\x31\x73\x32\x20\x32\x73\x32\x20\x32\x70\x36\x20\x33\x73\x32\x20\x33\x70\x36\x20\x33\x64\x38\x20\x34\x73\x32",
      "\x6e\x6f\x62\x6c\x65": "\x5b\x41\x72\x5d\x20\x33\x64\x38\x20\x34\x73\x32",
    },
    {
      "\x7a": 0x1d,
      "\x73": "\x43\x75",
      "\x6e": "\x43\x6f\x70\x70\x65\x72",
      "\x63\x6e": "\u9285",
      "\x74\x79\x70\x65": "\u91d1\u5c6c",
      "\x73\x74\x61\x74\x65": "\u56fa\u9ad4",
      "\x6d\x70": "\x31\x30\x38\x35\u00b0\x43",
      "\x62\x70": "\x32\x35\x36\x32\u00b0\x43",
      "\x69\x65": [745.482, 1957.919, 3554.616, 5536.33, 7699.5, 0x26d2, 0x3463, 0x3e91],
      "\x70": 0x4,
      "\x67": "\x31\x42",
      "\x69\x75\x70\x61\x63": 0xb,
      "\x63": "\x31\x73\x32\x20\x32\x73\x32\x20\x32\x70\x36\x20\x33\x73\x32\x20\x33\x70\x36\x20\x33\x64\x31\x30\x20\x34\x73\x31",
      "\x6e\x6f\x62\x6c\x65": "\x5b\x41\x72\x5d\x20\x33\x64\x31\x30\x20\x34\x73\x31",
      "\x65\x78": !![],
    },
    {
      "\x7a": 0x1e,
      "\x73": "\x5a\x6e",
      "\x6e": "\x5a\x69\x6e\x63",
      "\x63\x6e": "\u92c5",
      "\x74\x79\x70\x65": "\u91d1\u5c6c",
      "\x73\x74\x61\x74\x65": "\u56fa\u9ad4",
      "\x6d\x70": "\x34\x32\x30\u00b0\x43",
      "\x62\x70": "\x39\x30\x37\u00b0\x43",
      "\x69\x65": [906.402, 1733.3, 3832.687, 5731.2, 7969.7, 0x28b4, 0x3281, 0x4194],
      "\x70": 0x4,
      "\x67": "\x32\x42",
      "\x69\x75\x70\x61\x63": 0xc,
      "\x63": "\x31\x73\x32\x20\x32\x73\x32\x20\x32\x70\x36\x20\x33\x73\x32\x20\x33\x70\x36\x20\x33\x64\x31\x30\x20\x34\x73\x32",
      "\x6e\x6f\x62\x6c\x65": "\x5b\x41\x72\x5d\x20\x33\x64\x31\x30\x20\x34\x73\x32",
    },
    {
      "\x7a": 0x1f,
      "\x73": "\x47\x61",
      "\x6e": "\x47\x61\x6c\x6c\x69\x75\x6d",
      "\x63\x6e": "\u93b5",
      "\x74\x79\x70\x65": "\u91d1\u5c6c",
      "\x73\x74\x61\x74\x65": "\u56fa\u9ad4",
      "\x6d\x70": "\x32\x39\x2e\x37\x36\u00b0\x43",
      "\x62\x70": "\x32\x32\x30\x34\u00b0\x43",
      "\x69\x65": [578.847, 1979.3, 0xb93, 0x1824],
      "\x70": 0x4,
      "\x67": "\x33\x41",
      "\x69\x75\x70\x61\x63": 0xd,
      "\x63": "\x31\x73\x32\x20\x32\x73\x32\x20\x32\x70\x36\x20\x33\x73\x32\x20\x33\x70\x36\x20\x33\x64\x31\x30\x20\x34\x73\x32\x20\x34\x70\x31",
      "\x6e\x6f\x62\x6c\x65": "\x5b\x41\x72\x5d\x20\x33\x64\x31\x30\x20\x34\x73\x32\x20\x34\x70\x31",
    },
    {
      "\x7a": 0x20,
      "\x73": "\x47\x65",
      "\x6e": "\x47\x65\x72\x6d\x61\x6e\x69\x75\x6d",
      "\x63\x6e": "\u937a",
      "\x74\x79\x70\x65": "\u985e\u91d1\u5c6c",
      "\x73\x74\x61\x74\x65": "\u56fa\u9ad4",
      "\x6d\x70": "\x39\x33\x38\x2e\x32\x35\u00b0\x43",
      "\x62\x70": "\x32\x38\x33\x33\u00b0\x43",
      "\x69\x65": [762.179, 1537.456, 3302.124, 4410.644, 9021.4],
      "\x70": 0x4,
      "\x67": "\x34\x41",
      "\x69\x75\x70\x61\x63": 0xe,
      "\x63": "\x31\x73\x32\x20\x32\x73\x32\x20\x32\x70\x36\x20\x33\x73\x32\x20\x33\x70\x36\x20\x33\x64\x31\x30\x20\x34\x73\x32\x20\x34\x70\x32",
      "\x6e\x6f\x62\x6c\x65": "\x5b\x41\x72\x5d\x20\x33\x64\x31\x30\x20\x34\x73\x32\x20\x34\x70\x32",
    },
    {
      "\x7a": 0x21,
      "\x73": "\x41\x73",
      "\x6e": "\x41\x72\x73\x65\x6e\x69\x63",
      "\x63\x6e": "\u7837",
      "\x74\x79\x70\x65": "\u985e\u91d1\u5c6c",
      "\x73\x74\x61\x74\x65": "\u56fa\u9ad4",
      "\x6d\x70": "\x38\x31\x37\u00b0\x43",
      "\x62\x70": "\x36\x31\x34\u00b0\x43",
      "\x69\x65": [944.456, 1793.585, 2735.456, 4836.81, 6042.88, 12311.5],
      "\x70": 0x4,
      "\x67": "\x35\x41",
      "\x69\x75\x70\x61\x63": 0xf,
      "\x63": "\x31\x73\x32\x20\x32\x73\x32\x20\x32\x70\x36\x20\x33\x73\x32\x20\x33\x70\x36\x20\x33\x64\x31\x30\x20\x34\x73\x32\x20\x34\x70\x33",
      "\x6e\x6f\x62\x6c\x65": "\x5b\x41\x72\x5d\x20\x33\x64\x31\x30\x20\x34\x73\x32\x20\x34\x70\x33",
    },
    {
      "\x7a": 0x22,
      "\x73": "\x53\x65",
      "\x6e": "\x53\x65\x6c\x65\x6e\x69\x75\x6d",
      "\x63\x6e": "\u7852",
      "\x74\x79\x70\x65": "\u975e\u91d1\u5c6c",
      "\x73\x74\x61\x74\x65": "\u56fa\u9ad4",
      "\x6d\x70": "\x32\x32\x31\u00b0\x43",
      "\x62\x70": "\x36\x38\x35\u00b0\x43",
      "\x69\x65": [940.963, 2044.52, 2973.717, 4143.563, 6589.9, 7882.9, 14993.8],
      "\x70": 0x4,
      "\x67": "\x36\x41",
      "\x69\x75\x70\x61\x63": 0x10,
      "\x63": "\x31\x73\x32\x20\x32\x73\x32\x20\x32\x70\x36\x20\x33\x73\x32\x20\x33\x70\x36\x20\x33\x64\x31\x30\x20\x34\x73\x32\x20\x34\x70\x34",
      "\x6e\x6f\x62\x6c\x65": "\x5b\x41\x72\x5d\x20\x33\x64\x31\x30\x20\x34\x73\x32\x20\x34\x70\x34",
    },
    {
      "\x7a": 0x23,
      "\x73": "\x42\x72",
      "\x6e": "\x42\x72\x6f\x6d\x69\x6e\x65",
      "\x63\x6e": "\u6eb4",
      "\x74\x79\x70\x65": "\u975e\u91d1\u5c6c",
      "\x73\x74\x61\x74\x65": "\u6db2\u9ad4",
      "\x6d\x70": "\x2d\x37\x2e\x32\u00b0\x43",
      "\x62\x70": "\x35\x38\x2e\x38\u00b0\x43",
      "\x69\x65": [1139.859, 2083.215, 0xd91, 4563.8, 5760.2, 8548.6, 0x26d2, 18602.4],
      "\x70": 0x4,
      "\x67": "\x37\x41",
      "\x69\x75\x70\x61\x63": 0x11,
      "\x63": "\x31\x73\x32\x20\x32\x73\x32\x20\x32\x70\x36\x20\x33\x73\x32\x20\x33\x70\x36\x20\x33\x64\x31\x30\x20\x34\x73\x32\x20\x34\x70\x35",
      "\x6e\x6f\x62\x6c\x65": "\x5b\x41\x72\x5d\x20\x33\x64\x31\x30\x20\x34\x73\x32\x20\x34\x70\x35",
    },
    {
      "\x7a": 0x24,
      "\x73": "\x4b\x72",
      "\x6e": "\x4b\x72\x79\x70\x74\x6f\x6e",
      "\x63\x6e": "\u6c2a",
      "\x74\x79\x70\x65": "\u975e\u91d1\u5c6c",
      "\x73\x74\x61\x74\x65": "\u6c23\u9ad4",
      "\x6d\x70": "\x2d\x31\x35\x37\x2e\x33\x37\u00b0\x43",
      "\x62\x70": "\x2d\x31\x35\x33\x2e\x34\x31\x35\u00b0\x43",
      "\x69\x65": [1350.757, 2350.367, 3565.13, 5065.5, 6242.6, 7574.1, 0x29d6, 12138.049],
      "\x70": 0x4,
      "\x67": "\x38\x41",
      "\x69\x75\x70\x61\x63": 0x12,
      "\x63": "\x31\x73\x32\x20\x32\x73\x32\x20\x32\x70\x36\x20\x33\x73\x32\x20\x33\x70\x36\x20\x33\x64\x31\x30\x20\x34\x73\x32\x20\x34\x70\x36",
      "\x6e\x6f\x62\x6c\x65": "\x5b\x41\x72\x5d\x20\x33\x64\x31\x30\x20\x34\x73\x32\x20\x34\x70\x36",
    },
    {
      "\x7a": 0x25,
      "\x73": "\x52\x62",
      "\x6e": "\x52\x75\x62\x69\x64\x69\x75\x6d",
      "\x63\x6e": "\u92a3",
      "\x74\x79\x70\x65": "\u91d1\u5c6c",
      "\x73\x74\x61\x74\x65": "\u56fa\u9ad4",
      "\x6d\x70": "\x33\x39\x2e\x33\x30\u00b0\x43",
      "\x62\x70": "\x36\x38\x38\u00b0\x43",
      "\x69\x65": [403.032, 2633.037, 0xf13, 5075.1, 0x1ac2, 8143.4, 9571.3, 0x3342],
      "\x70": 0x5,
      "\x67": "\x31\x41",
      "\x69\x75\x70\x61\x63": 0x1,
      "\x63": "\x31\x73\x32\x20\x32\x73\x32\x20\x32\x70\x36\x20\x33\x73\x32\x20\x33\x70\x36\x20\x33\x64\x31\x30\x20\x34\x73\x32\x20\x34\x70\x36\x20\x35\x73\x31",
      "\x6e\x6f\x62\x6c\x65": "\x5b\x4b\x72\x5d\x20\x35\x73\x31",
    },
    {
      "\x7a": 0x26,
      "\x73": "\x53\x72",
      "\x6e": "\x53\x74\x72\x6f\x6e\x74\x69\x75\x6d",
      "\x63\x6e": "\u9376",
      "\x74\x79\x70\x65": "\u91d1\u5c6c",
      "\x73\x74\x61\x74\x65": "\u56fa\u9ad4",
      "\x6d\x70": "\x37\x37\x37\u00b0\x43",
      "\x62\x70": "\x31\x33\x37\x37\u00b0\x43",
      "\x69\x65": [549.47, 1064.243, 4138.26, 0x157c, 6908.4, 8760.9, 0x27f3, 11800.2],
      "\x70": 0x5,
      "\x67": "\x32\x41",
      "\x69\x75\x70\x61\x63": 0x2,
      "\x63": "\x31\x73\x32\x20\x32\x73\x32\x20\x32\x70\x36\x20\x33\x73\x32\x20\x33\x70\x36\x20\x33\x64\x31\x30\x20\x34\x73\x32\x20\x34\x70\x36\x20\x35\x73\x32",
      "\x6e\x6f\x62\x6c\x65": "\x5b\x4b\x72\x5d\x20\x35\x73\x32",
    },
    {
      "\x7a": 0x27,
      "\x73": "\x59",
      "\x6e": "\x59\x74\x74\x72\x69\x75\x6d",
      "\x63\x6e": "\u91d4",
      "\x74\x79\x70\x65": "\u91d1\u5c6c",
      "\x73\x74\x61\x74\x65": "\u56fa\u9ad4",
      "\x6d\x70": "\x31\x35\x32\x36\u00b0\x43",
      "\x62\x70": "\x33\x33\x33\x36\u00b0\x43",
      "\x69\x65": [599.878, 1179.437, 1979.88, 5846.722, 0x1d05, 0x230d, 0x2bb8, 0x309f],
      "\x70": 0x5,
      "\x67": "\x33\x42",
      "\x69\x75\x70\x61\x63": 0x3,
      "\x63": "\x31\x73\x32\x20\x32\x73\x32\x20\x32\x70\x36\x20\x33\x73\x32\x20\x33\x70\x36\x20\x33\x64\x31\x30\x20\x34\x73\x32\x20\x34\x70\x36\x20\x34\x64\x31\x20\x35\x73\x32",
      "\x6e\x6f\x62\x6c\x65": "\x5b\x4b\x72\x5d\x20\x34\x64\x31\x20\x35\x73\x32",
    },
    {
      "\x7a": 0x28,
      "\x73": "\x5a\x72",
      "\x6e": "\x5a\x69\x72\x63\x6f\x6e\x69\x75\x6d",
      "\x63\x6e": "\u92ef",
      "\x74\x79\x70\x65": "\u91d1\u5c6c",
      "\x73\x74\x61\x74\x65": "\u56fa\u9ad4",
      "\x6d\x70": "\x31\x38\x35\x35\u00b0\x43",
      "\x62\x70": "\x34\x34\x30\x39\u00b0\x43",
      "\x69\x65": [640.074, 0x4f0, 2218.2, 3313.31, 7752.404],
      "\x70": 0x5,
      "\x67": "\x34\x42",
      "\x69\x75\x70\x61\x63": 0x4,
      "\x63": "\x31\x73\x32\x20\x32\x73\x32\x20\x32\x70\x36\x20\x33\x73\x32\x20\x33\x70\x36\x20\x33\x64\x31\x30\x20\x34\x73\x32\x20\x34\x70\x36\x20\x34\x64\x32\x20\x35\x73\x32",
      "\x6e\x6f\x62\x6c\x65": "\x5b\x4b\x72\x5d\x20\x34\x64\x32\x20\x35\x73\x32",
    },
    {
      "\x7a": 0x29,
      "\x73": "\x4e\x62",
      "\x6e": "\x4e\x69\x6f\x62\x69\x75\x6d",
      "\x63\x6e": "\u922e",
      "\x74\x79\x70\x65": "\u91d1\u5c6c",
      "\x73\x74\x61\x74\x65": "\u56fa\u9ad4",
      "\x6d\x70": "\x32\x34\x37\x37\u00b0\x43",
      "\x62\x70": "\x34\x37\x34\x31\u00b0\x43",
      "\x69\x65": [652.13, 0x547, 2415.99, 3695.4, 4877.33, 9847.004, 0x2f1d],
      "\x70": 0x5,
      "\x67": "\x35\x42",
      "\x69\x75\x70\x61\x63": 0x5,
      "\x63": "\x31\x73\x32\x20\x32\x73\x32\x20\x32\x70\x36\x20\x33\x73\x32\x20\x33\x70\x36\x20\x33\x64\x31\x30\x20\x34\x73\x32\x20\x34\x70\x36\x20\x34\x64\x34\x20\x35\x73\x31",
      "\x6e\x6f\x62\x6c\x65": "\x5b\x4b\x72\x5d\x20\x34\x64\x34\x20\x35\x73\x31",
      "\x65\x78": !![],
    },
    {
      "\x7a": 0x2a,
      "\x73": "\x4d\x6f",
      "\x6e": "\x4d\x6f\x6c\x79\x62\x64\x65\x6e\x75\x6d",
      "\x63\x6e": "\u926c",
      "\x74\x79\x70\x65": "\u91d1\u5c6c",
      "\x73\x74\x61\x74\x65": "\u56fa\u9ad4",
      "\x6d\x70": "\x32\x36\x32\x32\u00b0\x43",
      "\x62\x70": "\x34\x36\x33\x39\u00b0\x43",
      "\x69\x65": [684.316, 1559.2, 2617.65, 4476.9, 5257.49, 6640.854, 12124.734, 13855.3],
      "\x70": 0x5,
      "\x67": "\x36\x42",
      "\x69\x75\x70\x61\x63": 0x6,
      "\x63": "\x31\x73\x32\x20\x32\x73\x32\x20\x32\x70\x36\x20\x33\x73\x32\x20\x33\x70\x36\x20\x33\x64\x31\x30\x20\x34\x73\x32\x20\x34\x70\x36\x20\x34\x64\x35\x20\x35\x73\x31",
      "\x6e\x6f\x62\x6c\x65": "\x5b\x4b\x72\x5d\x20\x34\x64\x35\x20\x35\x73\x31",
      "\x65\x78": !![],
    },
    {
      "\x7a": 0x2b,
      "\x73": "\x54\x63",
      "\x6e": "\x54\x65\x63\x68\x6e\x65\x74\x69\x75\x6d",
      "\x63\x6e": "\u939d",
      "\x74\x79\x70\x65": "\u91d1\u5c6c",
      "\x73\x74\x61\x74\x65": "\u56fa\u9ad4",
      "\x6d\x70": "\x32\x31\x35\x37\u00b0\x43",
      "\x62\x70": "\x34\x32\x36\x32\u00b0\x43",
      "\x69\x65": [702.41, 1472.37, 2850.18],
      "\x70": 0x5,
      "\x67": "\x37\x42",
      "\x69\x75\x70\x61\x63": 0x7,
      "\x63": "\x31\x73\x32\x20\x32\x73\x32\x20\x32\x70\x36\x20\x33\x73\x32\x20\x33\x70\x36\x20\x33\x64\x31\x30\x20\x34\x73\x32\x20\x34\x70\x36\x20\x34\x64\x35\x20\x35\x73\x32",
      "\x6e\x6f\x62\x6c\x65": "\x5b\x4b\x72\x5d\x20\x34\x64\x35\x20\x35\x73\x32",
    },
    {
      "\x7a": 0x2c,
      "\x73": "\x52\x75",
      "\x6e": "\x52\x75\x74\x68\x65\x6e\x69\x75\x6d",
      "\x63\x6e": "\u91d5",
      "\x74\x79\x70\x65": "\u91d1\u5c6c",
      "\x73\x74\x61\x74\x65": "\u56fa\u9ad4",
      "\x6d\x70": "\x32\x33\x33\x34\u00b0\x43",
      "\x62\x70": "\x34\x31\x35\x30\u00b0\x43",
      "\x69\x65": [710.18, 1617.09, 2746.94],
      "\x70": 0x5,
      "\x67": "\x38\x42",
      "\x69\x75\x70\x61\x63": 0x8,
      "\x63": "\x31\x73\x32\x20\x32\x73\x32\x20\x32\x70\x36\x20\x33\x73\x32\x20\x33\x70\x36\x20\x33\x64\x31\x30\x20\x34\x73\x32\x20\x34\x70\x36\x20\x34\x64\x37\x20\x35\x73\x31",
      "\x6e\x6f\x62\x6c\x65": "\x5b\x4b\x72\x5d\x20\x34\x64\x37\x20\x35\x73\x31",
      "\x65\x78": !![],
    },
    {
      "\x7a": 0x2d,
      "\x73": "\x52\x68",
      "\x6e": "\x52\x68\x6f\x64\x69\x75\x6d",
      "\x63\x6e": "\u92a0",
      "\x74\x79\x70\x65": "\u91d1\u5c6c",
      "\x73\x74\x61\x74\x65": "\u56fa\u9ad4",
      "\x6d\x70": "\x31\x39\x36\x33\u00b0\x43",
      "\x62\x70": "\x33\x36\x39\x35\u00b0\x43",
      "\x69\x65": [719.675, 1744.45, 2996.83],
      "\x70": 0x5,
      "\x67": "\x38\x42",
      "\x69\x75\x70\x61\x63": 0x9,
      "\x63": "\x31\x73\x32\x20\x32\x73\x32\x20\x32\x70\x36\x20\x33\x73\x32\x20\x33\x70\x36\x20\x33\x64\x31\x30\x20\x34\x73\x32\x20\x34\x70\x36\x20\x34\x64\x38\x20\x35\x73\x31",
      "\x6e\x6f\x62\x6c\x65": "\x5b\x4b\x72\x5d\x20\x34\x64\x38\x20\x35\x73\x31",
      "\x65\x78": !![],
    },
    {
      "\x7a": 0x2e,
      "\x73": "\x50\x64",
      "\x6e": "\x50\x61\x6c\x6c\x61\x64\x69\x75\x6d",
      "\x63\x6e": "\u9200",
      "\x74\x79\x70\x65": "\u91d1\u5c6c",
      "\x73\x74\x61\x74\x65": "\u56fa\u9ad4",
      "\x6d\x70": "\x31\x35\x35\x34\x2e\x38\u00b0\x43",
      "\x62\x70": "\x32\x39\x36\x33\u00b0\x43",
      "\x69\x65": [804.389, 1874.71, 3177.26],
      "\x70": 0x5,
      "\x67": "\x38\x42",
      "\x69\x75\x70\x61\x63": 0xa,
      "\x63": "\x31\x73\x32\x20\x32\x73\x32\x20\x32\x70\x36\x20\x33\x73\x32\x20\x33\x70\x36\x20\x33\x64\x31\x30\x20\x34\x73\x32\x20\x34\x70\x36\x20\x34\x64\x31\x30",
      "\x6e\x6f\x62\x6c\x65": "\x5b\x4b\x72\x5d\x20\x34\x64\x31\x30",
      "\x65\x78": !![],
    },
    {
      "\x7a": 0x2f,
      "\x73": "\x41\x67",
      "\x6e": "\x53\x69\x6c\x76\x65\x72",
      "\x63\x6e": "\u9280",
      "\x74\x79\x70\x65": "\u91d1\u5c6c",
      "\x73\x74\x61\x74\x65": "\u56fa\u9ad4",
      "\x6d\x70": "\x39\x36\x31\x2e\x37\x38\u00b0\x43",
      "\x62\x70": "\x32\x31\x36\x32\u00b0\x43",
      "\x69\x65": [730.995, 2072.26, 3360.58],
      "\x70": 0x5,
      "\x67": "\x31\x42",
      "\x69\x75\x70\x61\x63": 0xb,
      "\x63": "\x31\x73\x32\x20\x32\x73\x32\x20\x32\x70\x36\x20\x33\x73\x32\x20\x33\x70\x36\x20\x33\x64\x31\x30\x20\x34\x73\x32\x20\x34\x70\x36\x20\x34\x64\x31\x30\x20\x35\x73\x31",
      "\x6e\x6f\x62\x6c\x65": "\x5b\x4b\x72\x5d\x20\x34\x64\x31\x30\x20\x35\x73\x31",
      "\x65\x78": !![],
    },
    {
      "\x7a": 0x30,
      "\x73": "\x43\x64",
      "\x6e": "\x43\x61\x64\x6d\x69\x75\x6d",
      "\x63\x6e": "\u9398",
      "\x74\x79\x70\x65": "\u91d1\u5c6c",
      "\x73\x74\x61\x74\x65": "\u56fa\u9ad4",
      "\x6d\x70": "\x33\x32\x31\x2e\x30\x36\x39\u00b0\x43",
      "\x62\x70": "\x37\x36\x37\u00b0\x43",
      "\x69\x65": [867.772, 1631.404, 3616.27],
      "\x70": 0x5,
      "\x67": "\x32\x42",
      "\x69\x75\x70\x61\x63": 0xc,
      "\x63": "\x31\x73\x32\x20\x32\x73\x32\x20\x32\x70\x36\x20\x33\x73\x32\x20\x33\x70\x36\x20\x33\x64\x31\x30\x20\x34\x73\x32\x20\x34\x70\x36\x20\x34\x64\x31\x30\x20\x35\x73\x32",
      "\x6e\x6f\x62\x6c\x65": "\x5b\x4b\x72\x5d\x20\x34\x64\x31\x30\x20\x35\x73\x32",
    },
    {
      "\x7a": 0x31,
      "\x73": "\x49\x6e",
      "\x6e": "\x49\x6e\x64\x69\x75\x6d",
      "\x63\x6e": "\u92a6",
      "\x74\x79\x70\x65": "\u91d1\u5c6c",
      "\x73\x74\x61\x74\x65": "\u56fa\u9ad4",
      "\x6d\x70": "\x31\x35\x36\x2e\x36\x30\u00b0\x43",
      "\x62\x70": "\x32\x30\x32\x37\u00b0\x43",
      "\x69\x65": [558.299, 1820.707, 2704.48, 0x145a],
      "\x70": 0x5,
      "\x67": "\x33\x41",
      "\x69\x75\x70\x61\x63": 0xd,
      "\x63": "\x31\x73\x32\x20\x32\x73\x32\x20\x32\x70\x36\x20\x33\x73\x32\x20\x33\x70\x36\x20\x33\x64\x31\x30\x20\x34\x73\x32\x20\x34\x70\x36\x20\x34\x64\x31\x30\x20\x35\x73\x32\x20\x35\x70\x31",
      "\x6e\x6f\x62\x6c\x65": "\x5b\x4b\x72\x5d\x20\x34\x64\x31\x30\x20\x35\x73\x32\x20\x35\x70\x31",
    },
    {
      "\x7a": 0x32,
      "\x73": "\x53\x6e",
      "\x6e": "\x54\x69\x6e",
      "\x63\x6e": "\u932b",
      "\x74\x79\x70\x65": "\u91d1\u5c6c",
      "\x73\x74\x61\x74\x65": "\u56fa\u9ad4",
      "\x6d\x70": "\x32\x33\x31\x2e\x39\x32\x38\u00b0\x43",
      "\x62\x70": "\x32\x35\x38\x36\u00b0\x43",
      "\x69\x65": [708.581, 1411.793, 2943.054, 3930.332, 6973.96],
      "\x70": 0x5,
      "\x67": "\x34\x41",
      "\x69\x75\x70\x61\x63": 0xe,
      "\x63": "\x31\x73\x32\x20\x32\x73\x32\x20\x32\x70\x36\x20\x33\x73\x32\x20\x33\x70\x36\x20\x33\x64\x31\x30\x20\x34\x73\x32\x20\x34\x70\x36\x20\x34\x64\x31\x30\x20\x35\x73\x32\x20\x35\x70\x32",
      "\x6e\x6f\x62\x6c\x65": "\x5b\x4b\x72\x5d\x20\x34\x64\x31\x30\x20\x35\x73\x32\x20\x35\x70\x32",
    },
    {
      "\x7a": 0x33,
      "\x73": "\x53\x62",
      "\x6e": "\x41\x6e\x74\x69\x6d\x6f\x6e\x79",
      "\x63\x6e": "\u92bb",
      "\x74\x79\x70\x65": "\u985e\u91d1\u5c6c",
      "\x73\x74\x61\x74\x65": "\u56fa\u9ad4",
      "\x6d\x70": "\x36\x33\x30\x2e\x36\x33\u00b0\x43",
      "\x62\x70": "\x31\x35\x38\x37\u00b0\x43",
      "\x69\x65": [830.583, 1604.55, 2441.1, 4264.7, 0x151b, 0x28b4],
      "\x70": 0x5,
      "\x67": "\x35\x41",
      "\x69\x75\x70\x61\x63": 0xf,
      "\x63": "\x31\x73\x32\x20\x32\x73\x32\x20\x32\x70\x36\x20\x33\x73\x32\x20\x33\x70\x36\x20\x33\x64\x31\x30\x20\x34\x73\x32\x20\x34\x70\x36\x20\x34\x64\x31\x30\x20\x35\x73\x32\x20\x35\x70\x33",
      "\x6e\x6f\x62\x6c\x65": "\x5b\x4b\x72\x5d\x20\x34\x64\x31\x30\x20\x35\x73\x32\x20\x35\x70\x33",
    },
    {
      "\x7a": 0x34,
      "\x73": "\x54\x65",
      "\x6e": "\x54\x65\x6c\x6c\x75\x72\x69\x75\x6d",
      "\x63\x6e": "\u78b2",
      "\x74\x79\x70\x65": "\u985e\u91d1\u5c6c",
      "\x73\x74\x61\x74\x65": "\u56fa\u9ad4",
      "\x6d\x70": "\x34\x34\x39\x2e\x35\x31\u00b0\x43",
      "\x62\x70": "\x39\x38\x38\u00b0\x43",
      "\x69\x65": [869.294, 1794.6, 2697.73, 3609.52, 5668.51, 6821.5, 0x33a2],
      "\x70": 0x5,
      "\x67": "\x36\x41",
      "\x69\x75\x70\x61\x63": 0x10,
      "\x63": "\x31\x73\x32\x20\x32\x73\x32\x20\x32\x70\x36\x20\x33\x73\x32\x20\x33\x70\x36\x20\x33\x64\x31\x30\x20\x34\x73\x32\x20\x34\x70\x36\x20\x34\x64\x31\x30\x20\x35\x73\x32\x20\x35\x70\x34",
      "\x6e\x6f\x62\x6c\x65": "\x5b\x4b\x72\x5d\x20\x34\x64\x31\x30\x20\x35\x73\x32\x20\x35\x70\x34",
    },
    {
      "\x7a": 0x35,
      "\x73": "\x49",
      "\x6e": "\x49\x6f\x64\x69\x6e\x65",
      "\x63\x6e": "\u7898",
      "\x74\x79\x70\x65": "\u975e\u91d1\u5c6c",
      "\x73\x74\x61\x74\x65": "\u56fa\u9ad4",
      "\x6d\x70": "\x31\x31\x33\x2e\x37\u00b0\x43",
      "\x62\x70": "\x31\x38\x34\x2e\x33\u00b0\x43",
      "\x69\x65": [1008.393, 1845.89, 0xc70],
      "\x70": 0x5,
      "\x67": "\x37\x41",
      "\x69\x75\x70\x61\x63": 0x11,
      "\x63": "\x31\x73\x32\x20\x32\x73\x32\x20\x32\x70\x36\x20\x33\x73\x32\x20\x33\x70\x36\x20\x33\x64\x31\x30\x20\x34\x73\x32\x20\x34\x70\x36\x20\x34\x64\x31\x30\x20\x35\x73\x32\x20\x35\x70\x35",
      "\x6e\x6f\x62\x6c\x65": "\x5b\x4b\x72\x5d\x20\x34\x64\x31\x30\x20\x35\x73\x32\x20\x35\x70\x35",
    },
    {
      "\x7a": 0x36,
      "\x73": "\x58\x65",
      "\x6e": "\x58\x65\x6e\x6f\x6e",
      "\x63\x6e": "\u6c19",
      "\x74\x79\x70\x65": "\u975e\u91d1\u5c6c",
      "\x73\x74\x61\x74\x65": "\u6c23\u9ad4",
      "\x6d\x70": "\u2212\x31\x31\x31\x2e\x37\x35\u00b0\x43",
      "\x62\x70": "\u2212\x31\x30\x38\x2e\x30\x39\x39\u00b0\x43",
      "\x69\x65": [1170.352, 2023.78, 3099.399],
      "\x70": 0x5,
      "\x67": "\x38\x41",
      "\x69\x75\x70\x61\x63": 0x12,
      "\x63": "\x31\x73\x32\x20\x32\x73\x32\x20\x32\x70\x36\x20\x33\x73\x32\x20\x33\x70\x36\x20\x33\x64\x31\x30\x20\x34\x73\x32\x20\x34\x70\x36\x20\x34\x64\x31\x30\x20\x35\x73\x32\x20\x35\x70\x36",
      "\x6e\x6f\x62\x6c\x65": "\x5b\x4b\x72\x5d\x20\x34\x64\x31\x30\x20\x35\x73\x32\x20\x35\x70\x36",
    },
    {
      "\x7a": 0x37,
      "\x73": "\x43\x73",
      "\x6e": "\x43\x65\x73\x69\x75\x6d",
      "\x63\x6e": "\u92ab",
      "\x74\x79\x70\x65": "\u91d1\u5c6c",
      "\x73\x74\x61\x74\x65": "\u56fa\u9ad4",
      "\x6d\x70": "\x32\x38\x2e\x34\x34\u00b0\x43",
      "\x62\x70": "\x36\x37\x31\u00b0\x43",
      "\x69\x65": [375.705, 2234.3, 0xd48],
      "\x70": 0x6,
      "\x67": "\x31\x41",
      "\x69\x75\x70\x61\x63": 0x1,
      "\x63": "\x31\x73\x32\x20\x32\x73\x32\x20\x32\x70\x36\x20\x33\x73\x32\x20\x33\x70\x36\x20\x33\x64\x31\x30\x20\x34\x73\x32\x20\x34\x70\x36\x20\x34\x64\x31\x30\x20\x35\x73\x32\x20\x35\x70\x36\x20\x36\x73\x31",
      "\x6e\x6f\x62\x6c\x65": "\x5b\x58\x65\x5d\x20\x36\x73\x31",
    },
    {
      "\x7a": 0x38,
      "\x73": "\x42\x61",
      "\x6e": "\x42\x61\x72\x69\x75\x6d",
      "\x63\x6e": "\u92c7",
      "\x74\x79\x70\x65": "\u91d1\u5c6c",
      "\x73\x74\x61\x74\x65": "\u56fa\u9ad4",
      "\x6d\x70": "\x37\x32\x37\u00b0\x43",
      "\x62\x70": "\x31\x38\x39\x37\u00b0\x43",
      "\x69\x65": [502.849, 965.223],
      "\x70": 0x6,
      "\x67": "\x32\x41",
      "\x69\x75\x70\x61\x63": 0x2,
      "\x63": "\x31\x73\x32\x20\x32\x73\x32\x20\x32\x70\x36\x20\x33\x73\x32\x20\x33\x70\x36\x20\x33\x64\x31\x30\x20\x34\x73\x32\x20\x34\x70\x36\x20\x34\x64\x31\x30\x20\x35\x73\x32\x20\x35\x70\x36\x20\x36\x73\x32",
      "\x6e\x6f\x62\x6c\x65": "\x5b\x58\x65\x5d\x20\x36\x73\x32",
    },
    {
      "\x7a": 0x39,
      "\x73": "\x4c\x61",
      "\x6e": "\x4c\x61\x6e\x74\x68\x61\x6e\x75\x6d",
      "\x63\x6e": "\u946d",
      "\x74\x79\x70\x65": "\u91d1\u5c6c",
      "\x73\x74\x61\x74\x65": "\u56fa\u9ad4",
      "\x6d\x70": "\x39\x32\x30\u00b0\x43",
      "\x62\x70": "\x33\x34\x36\x34\u00b0\x43",
      "\x69\x65": [538.089, 1067.031, 1850.328, 4819.44, 5943.5],
      "\x70": 0x6,
      "\x67": "\u946d\u7cfb",
      "\x69\x75\x70\x61\x63": "\x2d",
      "\x63": "\x31\x73\x32\x20\x32\x73\x32\x20\x32\x70\x36\x20\x33\x73\x32\x20\x33\x70\x36\x20\x33\x64\x31\x30\x20\x34\x73\x32\x20\x34\x70\x36\x20\x34\x64\x31\x30\x20\x35\x73\x32\x20\x35\x70\x36\x20\x35\x64\x31\x20\x36\x73\x32",
      "\x6e\x6f\x62\x6c\x65": "\x5b\x58\x65\x5d\x20\x35\x64\x31\x20\x36\x73\x32",
      "\x65\x78": !![],
    },
    {
      "\x7a": 0x3a,
      "\x73": "\x43\x65",
      "\x6e": "\x43\x65\x72\x69\x75\x6d",
      "\x63\x6e": "\u9230",
      "\x74\x79\x70\x65": "\u91d1\u5c6c",
      "\x73\x74\x61\x74\x65": "\u56fa\u9ad4",
      "\x6d\x70": "\x37\x39\x39\u00b0\x43",
      "\x62\x70": "\x33\x34\x34\x33\u00b0\x43",
      "\x69\x65": [534.403, 1046.87, 1948.811, 3546.608, 6324.61, 7487.3],
      "\x70": 0x6,
      "\x67": "\u946d\u7cfb",
      "\x69\x75\x70\x61\x63": "\x2d",
      "\x63": "\x31\x73\x32\x20\x32\x73\x32\x20\x32\x70\x36\x20\x33\x73\x32\x20\x33\x70\x36\x20\x33\x64\x31\x30\x20\x34\x73\x32\x20\x34\x70\x36\x20\x34\x64\x31\x30\x20\x35\x73\x32\x20\x35\x70\x36\x20\x34\x66\x31\x20\x35\x64\x31\x20\x36\x73\x32",
      "\x6e\x6f\x62\x6c\x65": "\x5b\x58\x65\x5d\x20\x34\x66\x31\x20\x35\x64\x31\x20\x36\x73\x32",
      "\x65\x78": !![],
    },
    {
      "\x7a": 0x3b,
      "\x73": "\x50\x72",
      "\x6e": "\x50\x72\x61\x73\x65\x6f\x64\x79\x6d\x69\x75\x6d",
      "\x63\x6e": "\u9420",
      "\x74\x79\x70\x65": "\u91d1\u5c6c",
      "\x73\x74\x61\x74\x65": "\u56fa\u9ad4",
      "\x6d\x70": "\x39\x33\x31\u00b0\x43",
      "\x62\x70": "\x33\x35\x32\x30\u00b0\x43",
      "\x69\x65": [528.064, 1017.92, 2086.399, 0xeb1, 5550.8],
      "\x70": 0x6,
      "\x67": "\u946d\u7cfb",
      "\x69\x75\x70\x61\x63": "\x2d",
      "\x63": "\x31\x73\x32\x20\x32\x73\x32\x20\x32\x70\x36\x20\x33\x73\x32\x20\x33\x70\x36\x20\x33\x64\x31\x30\x20\x34\x73\x32\x20\x34\x70\x36\x20\x34\x64\x31\x30\x20\x35\x73\x32\x20\x35\x70\x36\x20\x34\x66\x33\x20\x36\x73\x32",
      "\x6e\x6f\x62\x6c\x65": "\x5b\x58\x65\x5d\x20\x34\x66\x33\x20\x36\x73\x32",
    },
    {
      "\x7a": 0x3c,
      "\x73": "\x4e\x64",
      "\x6e": "\x4e\x65\x6f\x64\x79\x6d\x69\x75\x6d",
      "\x63\x6e": "\u91f9",
      "\x74\x79\x70\x65": "\u91d1\u5c6c",
      "\x73\x74\x61\x74\x65": "\u56fa\u9ad4",
      "\x6d\x70": "\x31\x30\x31\x36\u00b0\x43",
      "\x62\x70": "\x33\x30\x37\x34\u00b0\x43",
      "\x69\x65": [533.082, 1034.32, 2132.3, 0xf3a],
      "\x70": 0x6,
      "\x67": "\u946d\u7cfb",
      "\x69\x75\x70\x61\x63": "\x2d",
      "\x63": "\x31\x73\x32\x20\x32\x73\x32\x20\x32\x70\x36\x20\x33\x73\x32\x20\x33\x70\x36\x20\x33\x64\x31\x30\x20\x34\x73\x32\x20\x34\x70\x36\x20\x34\x64\x31\x30\x20\x35\x73\x32\x20\x35\x70\x36\x20\x34\x66\x34\x20\x36\x73\x32",
      "\x6e\x6f\x62\x6c\x65": "\x5b\x58\x65\x5d\x20\x34\x66\x34\x20\x36\x73\x32",
    },
    {
      "\x7a": 0x3d,
      "\x73": "\x50\x6d",
      "\x6e": "\x50\x72\x6f\x6d\x65\x74\x68\x69\x75\x6d",
      "\x63\x6e": "\u9255",
      "\x74\x79\x70\x65": "\u91d1\u5c6c",
      "\x73\x74\x61\x74\x65": "\u56fa\u9ad4",
      "\x6d\x70": "\x31\x30\x34\x32\u00b0\x43",
      "\x62\x70": "\x33\x30\x30\x30\u00b0\x43",
      "\x69\x65": [538.581, 1051.7, 2151.6, 3965.5],
      "\x70": 0x6,
      "\x67": "\u946d\u7cfb",
      "\x69\x75\x70\x61\x63": "\x2d",
      "\x63": "\x31\x73\x32\x20\x32\x73\x32\x20\x32\x70\x36\x20\x33\x73\x32\x20\x33\x70\x36\x20\x33\x64\x31\x30\x20\x34\x73\x32\x20\x34\x70\x36\x20\x34\x64\x31\x30\x20\x35\x73\x32\x20\x35\x70\x36\x20\x34\x66\x35\x20\x36\x73\x32",
      "\x6e\x6f\x62\x6c\x65": "\x5b\x58\x65\x5d\x20\x34\x66\x35\x20\x36\x73\x32",
    },
    {
      "\x7a": 0x3e,
      "\x73": "\x53\x6d",
      "\x6e": "\x53\x61\x6d\x61\x72\x69\x75\x6d",
      "\x63\x6e": "\u91e4",
      "\x74\x79\x70\x65": "\u91d1\u5c6c",
      "\x73\x74\x61\x74\x65": "\u56fa\u9ad4",
      "\x6d\x70": "\x31\x30\x37\x32\u00b0\x43",
      "\x62\x70": "\x31\x37\x39\x34\u00b0\x43",
      "\x69\x65": [544.542, 1068.91, 2255.6, 0xf96],
      "\x70": 0x6,
      "\x67": "\u946d\u7cfb",
      "\x69\x75\x70\x61\x63": "\x2d",
      "\x63": "\x31\x73\x32\x20\x32\x73\x32\x20\x32\x70\x36\x20\x33\x73\x32\x20\x33\x70\x36\x20\x33\x64\x31\x30\x20\x34\x73\x32\x20\x34\x70\x36\x20\x34\x64\x31\x30\x20\x35\x73\x32\x20\x35\x70\x36\x20\x34\x66\x36\x20\x36\x73\x32",
      "\x6e\x6f\x62\x6c\x65": "\x5b\x58\x65\x5d\x20\x34\x66\x36\x20\x36\x73\x32",
    },
    {
      "\x7a": 0x3f,
      "\x73": "\x45\x75",
      "\x6e": "\x45\x75\x72\x6f\x70\x69\x75\x6d",
      "\x63\x6e": "\u92aa",
      "\x74\x79\x70\x65": "\u91d1\u5c6c",
      "\x73\x74\x61\x74\x65": "\u56fa\u9ad4",
      "\x6d\x70": "\x38\x32\x36\u00b0\x43",
      "\x62\x70": "\x31\x35\x32\x39\u00b0\x43",
      "\x69\x65": [547.109, 1085.46, 2404.41, 4119.9],
      "\x70": 0x6,
      "\x67": "\u946d\u7cfb",
      "\x69\x75\x70\x61\x63": "\x2d",
      "\x63": "\x31\x73\x32\x20\x32\x73\x32\x20\x32\x70\x36\x20\x33\x73\x32\x20\x33\x70\x36\x20\x33\x64\x31\x30\x20\x34\x73\x32\x20\x34\x70\x36\x20\x34\x64\x31\x30\x20\x35\x73\x32\x20\x35\x70\x36\x20\x34\x66\x37\x20\x36\x73\x32",
      "\x6e\x6f\x62\x6c\x65": "\x5b\x58\x65\x5d\x20\x34\x66\x37\x20\x36\x73\x32",
    },
    {
      "\x7a": 0x40,
      "\x73": "\x47\x64",
      "\x6e": "\x47\x61\x64\x6f\x6c\x69\x6e\x69\x75\x6d",
      "\x63\x6e": "\u91d3",
      "\x74\x79\x70\x65": "\u91d1\u5c6c",
      "\x73\x74\x61\x74\x65": "\u56fa\u9ad4",
      "\x6d\x70": "\x31\x33\x31\x33\u00b0\x43",
      "\x62\x70": "\x33\x32\x37\x33\u00b0\x43",
      "\x69\x65": [593.366, 1166.51, 1990.49, 0x1095],
      "\x70": 0x6,
      "\x67": "\u946d\u7cfb",
      "\x69\x75\x70\x61\x63": "\x2d",
      "\x63": "\x31\x73\x32\x20\x32\x73\x32\x20\x32\x70\x36\x20\x33\x73\x32\x20\x33\x70\x36\x20\x33\x64\x31\x30\x20\x34\x73\x32\x20\x34\x70\x36\x20\x34\x64\x31\x30\x20\x35\x73\x32\x20\x35\x70\x36\x20\x34\x66\x37\x20\x35\x64\x31\x20\x36\x73\x32",
      "\x6e\x6f\x62\x6c\x65": "\x5b\x58\x65\x5d\x20\x34\x66\x37\x20\x35\x64\x31\x20\x36\x73\x32",
      "\x65\x78": !![],
    },
    {
      "\x7a": 0x41,
      "\x73": "\x54\x62",
      "\x6e": "\x54\x65\x72\x62\x69\x75\x6d",
      "\x63\x6e": "\u92f1",
      "\x74\x79\x70\x65": "\u91d1\u5c6c",
      "\x73\x74\x61\x74\x65": "\u56fa\u9ad4",
      "\x6d\x70": "\x31\x33\x35\x36\u00b0\x43",
      "\x62\x70": "\x33\x32\x33\x30\u00b0\x43",
      "\x69\x65": [565.771, 1111.51, 2113.99, 3839.15],
      "\x70": 0x6,
      "\x67": "\u946d\u7cfb",
      "\x69\x75\x70\x61\x63": "\x2d",
      "\x63": "\x31\x73\x32\x20\x32\x73\x32\x20\x32\x70\x36\x20\x33\x73\x32\x20\x33\x70\x36\x20\x33\x64\x31\x30\x20\x34\x73\x32\x20\x34\x70\x36\x20\x34\x64\x31\x30\x20\x35\x73\x32\x20\x35\x70\x36\x20\x34\x66\x39\x20\x36\x73\x32",
      "\x6e\x6f\x62\x6c\x65": "\x5b\x58\x65\x5d\x20\x34\x66\x39\x20\x36\x73\x32",
    },
    {
      "\x7a": 0x42,
      "\x73": "\x44\x79",
      "\x6e": "\x44\x79\x73\x70\x72\x6f\x73\x69\x75\x6d",
      "\x63\x6e": "\u93d1",
      "\x74\x79\x70\x65": "\u91d1\u5c6c",
      "\x73\x74\x61\x74\x65": "\u56fa\u9ad4",
      "\x6d\x70": "\x31\x34\x30\x37\u00b0\x43",
      "\x62\x70": "\x32\x35\x36\x32\u00b0\x43",
      "\x69\x65": [573.03, 1130.3, 2199.6, 0xfd0],
      "\x70": 0x6,
      "\x67": "\u946d\u7cfb",
      "\x69\x75\x70\x61\x63": "\x2d",
      "\x63": "\x31\x73\x32\x20\x32\x73\x32\x20\x32\x70\x36\x20\x33\x73\x32\x20\x33\x70\x36\x20\x33\x64\x31\x30\x20\x34\x73\x32\x20\x34\x70\x36\x20\x34\x64\x31\x30\x20\x35\x73\x32\x20\x35\x70\x36\x20\x34\x66\x31\x30\x20\x36\x73\x32",
      "\x6e\x6f\x62\x6c\x65": "\x5b\x58\x65\x5d\x20\x34\x66\x31\x30\x20\x36\x73\x32",
    },
    {
      "\x7a": 0x43,
      "\x73": "\x48\x6f",
      "\x6e": "\x48\x6f\x6c\x6d\x69\x75\x6d",
      "\x63\x6e": "\u9225",
      "\x74\x79\x70\x65": "\u91d1\u5c6c",
      "\x73\x74\x61\x74\x65": "\u56fa\u9ad4",
      "\x6d\x70": "\x31\x34\x37\x34\u00b0\x43",
      "\x62\x70": "\x32\x37\x30\x30\u00b0\x43",
      "\x69\x65": [581.047, 1139.1, 2203.9, 4115.3],
      "\x70": 0x6,
      "\x67": "\u946d\u7cfb",
      "\x69\x75\x70\x61\x63": "\x2d",
      "\x63": "\x31\x73\x32\x20\x32\x73\x32\x20\x32\x70\x36\x20\x33\x73\x32\x20\x33\x70\x36\x20\x33\x64\x31\x30\x20\x34\x73\x32\x20\x34\x70\x36\x20\x34\x64\x31\x30\x20\x35\x73\x32\x20\x35\x70\x36\x20\x34\x66\x31\x31\x20\x36\x73\x32",
      "\x6e\x6f\x62\x6c\x65": "\x5b\x58\x65\x5d\x20\x34\x66\x31\x31\x20\x36\x73\x32",
    },
    {
      "\x7a": 0x44,
      "\x73": "\x45\x72",
      "\x6e": "\x45\x72\x62\x69\x75\x6d",
      "\x63\x6e": "\u927a",
      "\x74\x79\x70\x65": "\u91d1\u5c6c",
      "\x73\x74\x61\x74\x65": "\u56fa\u9ad4",
      "\x6d\x70": "\x31\x35\x32\x39\u00b0\x43",
      "\x62\x70": "\x32\x38\x36\x38\u00b0\x43",
      "\x69\x65": [589.349, 0x47f, 0x892, 4115.1],
      "\x70": 0x6,
      "\x67": "\u946d\u7cfb",
      "\x69\x75\x70\x61\x63": "\x2d",
      "\x63": "\x31\x73\x32\x20\x32\x73\x32\x20\x32\x70\x36\x20\x33\x73\x32\x20\x33\x70\x36\x20\x33\x64\x31\x30\x20\x34\x73\x32\x20\x34\x70\x36\x20\x34\x64\x31\x30\x20\x35\x73\x32\x20\x35\x70\x36\x20\x34\x66\x31\x32\x20\x36\x73\x32",
      "\x6e\x6f\x62\x6c\x65": "\x5b\x58\x65\x5d\x20\x34\x66\x31\x32\x20\x36\x73\x32",
    },
    {
      "\x7a": 0x45,
      "\x73": "\x54\x6d",
      "\x6e": "\x54\x68\x75\x6c\x69\x75\x6d",
      "\x63\x6e": "\u92a9",
      "\x74\x79\x70\x65": "\u91d1\u5c6c",
      "\x73\x74\x61\x74\x65": "\u56fa\u9ad4",
      "\x6d\x70": "\x31\x35\x34\x35\u00b0\x43",
      "\x62\x70": "\x31\x39\x35\x30\u00b0\x43",
      "\x69\x65": [596.711, 1160.23, 2285.3, 4119.5],
      "\x70": 0x6,
      "\x67": "\u946d\u7cfb",
      "\x69\x75\x70\x61\x63": "\x2d",
      "\x63": "\x31\x73\x32\x20\x32\x73\x32\x20\x32\x70\x36\x20\x33\x73\x32\x20\x33\x70\x36\x20\x33\x64\x31\x30\x20\x34\x73\x32\x20\x34\x70\x36\x20\x34\x64\x31\x30\x20\x35\x73\x32\x20\x35\x70\x36\x20\x34\x66\x31\x33\x20\x36\x73\x32",
      "\x6e\x6f\x62\x6c\x65": "\x5b\x58\x65\x5d\x20\x34\x66\x31\x33\x20\x36\x73\x32",
    },
    {
      "\x7a": 0x46,
      "\x73": "\x59\x62",
      "\x6e": "\x59\x74\x74\x65\x72\x62\x69\x75\x6d",
      "\x63\x6e": "\u943f",
      "\x74\x79\x70\x65": "\u91d1\u5c6c",
      "\x73\x74\x61\x74\x65": "\u56fa\u9ad4",
      "\x6d\x70": "\x38\x32\x34\x2e\x32\u00b0\x43",
      "\x62\x70": "\x31\x31\x39\x36\u00b0\x43",
      "\x69\x65": [603.415, 1174.83, 0x971, 4203.4],
      "\x70": 0x6,
      "\x67": "\u946d\u7cfb",
      "\x69\x75\x70\x61\x63": "\x2d",
      "\x63": "\x31\x73\x32\x20\x32\x73\x32\x20\x32\x70\x36\x20\x33\x73\x32\x20\x33\x70\x36\x20\x33\x64\x31\x30\x20\x34\x73\x32\x20\x34\x70\x36\x20\x34\x64\x31\x30\x20\x35\x73\x32\x20\x35\x70\x36\x20\x34\x66\x31\x34\x20\x36\x73\x32",
      "\x6e\x6f\x62\x6c\x65": "\x5b\x58\x65\x5d\x20\x34\x66\x31\x34\x20\x36\x73\x32",
    },
    {
      "\x7a": 0x47,
      "\x73": "\x4c\x75",
      "\x6e": "\x4c\x75\x74\x65\x74\x69\x75\x6d",
      "\x63\x6e": "\u93a6",
      "\x74\x79\x70\x65": "\u91d1\u5c6c",
      "\x73\x74\x61\x74\x65": "\u56fa\u9ad4",
      "\x6d\x70": "\x31\x36\x36\x33\u00b0\x43",
      "\x62\x70": "\x33\x34\x30\x32\u00b0\x43",
      "\x69\x65": [523.51, 1340.23, 2022.25, 0x1108],
      "\x70": 0x6,
      "\x67": "\u946d\u7cfb",
      "\x69\x75\x70\x61\x63": "\x2d",
      "\x63": "\x31\x73\x32\x20\x32\x73\x32\x20\x32\x70\x36\x20\x33\x73\x32\x20\x33\x70\x36\x20\x33\x64\x31\x30\x20\x34\x73\x32\x20\x34\x70\x36\x20\x34\x64\x31\x30\x20\x35\x73\x32\x20\x35\x70\x36\x20\x34\x66\x31\x34\x20\x35\x64\x31\x20\x36\x73\x32",
      "\x6e\x6f\x62\x6c\x65": "\x5b\x58\x65\x5d\x20\x34\x66\x31\x34\x20\x35\x64\x31\x20\x36\x73\x32",
    },
    {
      "\x7a": 0x48,
      "\x73": "\x48\x66",
      "\x6e": "\x48\x61\x66\x6e\x69\x75\x6d",
      "\x63\x6e": "\u927f",
      "\x74\x79\x70\x65": "\u91d1\u5c6c",
      "\x73\x74\x61\x74\x65": "\u56fa\u9ad4",
      "\x6d\x70": "\x32\x32\x33\x33\u00b0\x43",
      "\x62\x70": "\x34\x36\x30\x33\u00b0\x43",
      "\x69\x65": [658.5, 1438.1, 2251.6, 3215.7],
      "\x70": 0x6,
      "\x67": "\x34\x42",
      "\x69\x75\x70\x61\x63": 0x4,
      "\x63": "\x31\x73\x32\x20\x32\x73\x32\x20\x32\x70\x36\x20\x33\x73\x32\x20\x33\x70\x36\x20\x33\x64\x31\x30\x20\x34\x73\x32\x20\x34\x70\x36\x20\x34\x64\x31\x30\x20\x35\x73\x32\x20\x35\x70\x36\x20\x34\x66\x31\x34\x20\x35\x64\x32\x20\x36\x73\x32",
      "\x6e\x6f\x62\x6c\x65": "\x5b\x58\x65\x5d\x20\x34\x66\x31\x34\x20\x35\x64\x32\x20\x36\x73\x32",
    },
    {
      "\x7a": 0x49,
      "\x73": "\x54\x61",
      "\x6e": "\x54\x61\x6e\x74\x61\x6c\x75\x6d",
      "\x63\x6e": "\u926d",
      "\x74\x79\x70\x65": "\u91d1\u5c6c",
      "\x73\x74\x61\x74\x65": "\u56fa\u9ad4",
      "\x6d\x70": "\x33\x30\x31\x37\u00b0\x43",
      "\x62\x70": "\x35\x34\x35\x38\u00b0\x43",
      "\x69\x65": [728.423],
      "\x70": 0x6,
      "\x67": "\x35\x42",
      "\x69\x75\x70\x61\x63": 0x5,
      "\x63": "\x31\x73\x32\x20\x32\x73\x32\x20\x32\x70\x36\x20\x33\x73\x32\x20\x33\x70\x36\x20\x33\x64\x31\x30\x20\x34\x73\x32\x20\x34\x70\x36\x20\x34\x64\x31\x30\x20\x35\x73\x32\x20\x35\x70\x36\x20\x34\x66\x31\x34\x20\x35\x64\x33\x20\x36\x73\x32",
      "\x6e\x6f\x62\x6c\x65": "\x5b\x58\x65\x5d\x20\x34\x66\x31\x34\x20\x35\x64\x33\x20\x36\x73\x32",
    },
    {
      "\x7a": 0x4a,
      "\x73": "\x57",
      "\x6e": "\x54\x75\x6e\x67\x73\x74\x65\x6e",
      "\x63\x6e": "\u93a2",
      "\x74\x79\x70\x65": "\u91d1\u5c6c",
      "\x73\x74\x61\x74\x65": "\u56fa\u9ad4",
      "\x6d\x70": "\x33\x34\x32\x32\u00b0\x43",
      "\x62\x70": "\x35\x35\x35\x35\u00b0\x43",
      "\x69\x65": [758.764, 1553.4],
      "\x70": 0x6,
      "\x67": "\x36\x42",
      "\x69\x75\x70\x61\x63": 0x6,
      "\x63": "\x31\x73\x32\x20\x32\x73\x32\x20\x32\x70\x36\x20\x33\x73\x32\x20\x33\x70\x36\x20\x33\x64\x31\x30\x20\x34\x73\x32\x20\x34\x70\x36\x20\x34\x64\x31\x30\x20\x35\x73\x32\x20\x35\x70\x36\x20\x34\x66\x31\x34\x20\x35\x64\x34\x20\x36\x73\x32",
      "\x6e\x6f\x62\x6c\x65": "\x5b\x58\x65\x5d\x20\x34\x66\x31\x34\x20\x35\x64\x34\x20\x36\x73\x32",
    },
    {
      "\x7a": 0x4b,
      "\x73": "\x52\x65",
      "\x6e": "\x52\x68\x65\x6e\x69\x75\x6d",
      "\x63\x6e": "\u9338",
      "\x74\x79\x70\x65": "\u91d1\u5c6c",
      "\x73\x74\x61\x74\x65": "\u56fa\u9ad4",
      "\x6d\x70": "\x33\x31\x38\x36\u00b0\x43",
      "\x62\x70": "\x35\x35\x39\x36\u00b0\x43",
      "\x69\x65": [755.82],
      "\x70": 0x6,
      "\x67": "\x37\x42",
      "\x69\x75\x70\x61\x63": 0x7,
      "\x63": "\x31\x73\x32\x20\x32\x73\x32\x20\x32\x70\x36\x20\x33\x73\x32\x20\x33\x70\x36\x20\x33\x64\x31\x30\x20\x34\x73\x32\x20\x34\x70\x36\x20\x34\x64\x31\x30\x20\x35\x73\x32\x20\x35\x70\x36\x20\x34\x66\x31\x34\x20\x35\x64\x35\x20\x36\x73\x32",
      "\x6e\x6f\x62\x6c\x65": "\x5b\x58\x65\x5d\x20\x34\x66\x31\x34\x20\x35\x64\x35\x20\x36\x73\x32",
    },
    {
      "\x7a": 0x4c,
      "\x73": "\x4f\x73",
      "\x6e": "\x4f\x73\x6d\x69\x75\x6d",
      "\x63\x6e": "\u92e8",
      "\x74\x79\x70\x65": "\u91d1\u5c6c",
      "\x73\x74\x61\x74\x65": "\u56fa\u9ad4",
      "\x6d\x70": "\x33\x30\x33\x33\u00b0\x43",
      "\x62\x70": "\x35\x30\x31\x32\u00b0\x43",
      "\x69\x65": [814.165],
      "\x70": 0x6,
      "\x67": "\x38\x42",
      "\x69\x75\x70\x61\x63": 0x8,
      "\x63": "\x31\x73\x32\x20\x32\x73\x32\x20\x32\x70\x36\x20\x33\x73\x32\x20\x33\x70\x36\x20\x33\x64\x31\x30\x20\x34\x73\x32\x20\x34\x70\x36\x20\x34\x64\x31\x30\x20\x35\x73\x32\x20\x35\x70\x36\x20\x34\x66\x31\x34\x20\x35\x64\x36\x20\x36\x73\x32",
      "\x6e\x6f\x62\x6c\x65": "\x5b\x58\x65\x5d\x20\x34\x66\x31\x34\x20\x35\x64\x36\x20\x36\x73\x32",
    },
    {
      "\x7a": 0x4d,
      "\x73": "\x49\x72",
      "\x6e": "\x49\x72\x69\x64\x69\x75\x6d",
      "\x63\x6e": "\u92a5",
      "\x74\x79\x70\x65": "\u91d1\u5c6c",
      "\x73\x74\x61\x74\x65": "\u56fa\u9ad4",
      "\x6d\x70": "\x32\x34\x34\x36\u00b0\x43",
      "\x62\x70": "\x34\x34\x32\x38\u00b0\x43",
      "\x69\x65": [865.186],
      "\x70": 0x6,
      "\x67": "\x38\x42",
      "\x69\x75\x70\x61\x63": 0x9,
      "\x63": "\x31\x73\x32\x20\x32\x73\x32\x20\x32\x70\x36\x20\x33\x73\x32\x20\x33\x70\x36\x20\x33\x64\x31\x30\x20\x34\x73\x32\x20\x34\x70\x36\x20\x34\x64\x31\x30\x20\x35\x73\x32\x20\x35\x70\x36\x20\x34\x66\x31\x34\x20\x35\x64\x37\x20\x36\x73\x32",
      "\x6e\x6f\x62\x6c\x65": "\x5b\x58\x65\x5d\x20\x34\x66\x31\x34\x20\x35\x64\x37\x20\x36\x73\x32",
    },
    {
      "\x7a": 0x4e,
      "\x73": "\x50\x74",
      "\x6e": "\x50\x6c\x61\x74\x69\x6e\x75\x6d",
      "\x63\x6e": "\u9251",
      "\x74\x79\x70\x65": "\u91d1\u5c6c",
      "\x73\x74\x61\x74\x65": "\u56fa\u9ad4",
      "\x6d\x70": "\x31\x37\x36\x38\x2e\x33\u00b0\x43",
      "\x62\x70": "\x33\x38\x32\x35\u00b0\x43",
      "\x69\x65": [864.393, 1791.057],
      "\x70": 0x6,
      "\x67": "\x38\x42",
      "\x69\x75\x70\x61\x63": 0xa,
      "\x63": "\x31\x73\x32\x20\x32\x73\x32\x20\x32\x70\x36\x20\x33\x73\x32\x20\x33\x70\x36\x20\x33\x64\x31\x30\x20\x34\x73\x32\x20\x34\x70\x36\x20\x34\x64\x31\x30\x20\x35\x73\x32\x20\x35\x70\x36\x20\x34\x66\x31\x34\x20\x35\x64\x39\x20\x36\x73\x31",
      "\x6e\x6f\x62\x6c\x65": "\x5b\x58\x65\x5d\x20\x34\x66\x31\x34\x20\x35\x64\x39\x20\x36\x73\x31",
      "\x65\x78": !![],
    },
    {
      "\x7a": 0x4f,
      "\x73": "\x41\x75",
      "\x6e": "\x47\x6f\x6c\x64",
      "\x63\x6e": "\u91d1",
      "\x74\x79\x70\x65": "\u91d1\u5c6c",
      "\x73\x74\x61\x74\x65": "\u56fa\u9ad4",
      "\x6d\x70": "\x31\x30\x36\x34\x2e\x31\x38\u00b0\x43",
      "\x62\x70": "\x32\x38\x35\x36\u00b0\x43",
      "\x69\x65": [890.128, 0x79d],
      "\x70": 0x6,
      "\x67": "\x31\x42",
      "\x69\x75\x70\x61\x63": 0xb,
      "\x63": "\x31\x73\x32\x20\x32\x73\x32\x20\x32\x70\x36\x20\x33\x73\x32\x20\x33\x70\x36\x20\x33\x64\x31\x30\x20\x34\x73\x32\x20\x34\x70\x36\x20\x34\x64\x31\x30\x20\x35\x73\x32\x20\x35\x70\x36\x20\x34\x66\x31\x34\x20\x35\x64\x31\x30\x20\x36\x73\x31",
      "\x6e\x6f\x62\x6c\x65": "\x5b\x58\x65\x5d\x20\x34\x66\x31\x34\x20\x35\x64\x31\x30\x20\x36\x73\x31",
      "\x65\x78": !![],
    },
    {
      "\x7a": 0x50,
      "\x73": "\x48\x67",
      "\x6e": "\x4d\x65\x72\x63\x75\x72\x79",
      "\x63\x6e": "\u6c5e",
      "\x74\x79\x70\x65": "\u91d1\u5c6c",
      "\x73\x74\x61\x74\x65": "\u6db2\u9ad4",
      "\x6d\x70": "\x2d\x33\x38\x2e\x38\x33\u00b0\x43",
      "\x62\x70": "\x33\x35\x36\x2e\x37\x33\u00b0\x43",
      "\x69\x65": [1007.066, 1809.756, 3299.8],
      "\x70": 0x6,
      "\x67": "\x32\x42",
      "\x69\x75\x70\x61\x63": 0xc,
      "\x63": "\x31\x73\x32\x20\x32\x73\x32\x20\x32\x70\x36\x20\x33\x73\x32\x20\x33\x70\x36\x20\x33\x64\x31\x30\x20\x34\x73\x32\x20\x34\x70\x36\x20\x34\x64\x31\x30\x20\x35\x73\x32\x20\x35\x70\x36\x20\x34\x66\x31\x34\x20\x35\x64\x31\x30\x20\x36\x73\x32",
      "\x6e\x6f\x62\x6c\x65": "\x5b\x58\x65\x5d\x20\x34\x66\x31\x34\x20\x35\x64\x31\x30\x20\x36\x73\x32",
    },
    {
      "\x7a": 0x51,
      "\x73": "\x54\x6c",
      "\x6e": "\x54\x68\x61\x6c\x6c\x69\x75\x6d",
      "\x63\x6e": "\u9248",
      "\x74\x79\x70\x65": "\u91d1\u5c6c",
      "\x73\x74\x61\x74\x65": "\u56fa\u9ad4",
      "\x6d\x70": "\x33\x30\x34\u00b0\x43",
      "\x62\x70": "\x31\x34\x37\x33\u00b0\x43",
      "\x69\x65": [589.4, 0x7b3, 0xb3e],
      "\x70": 0x6,
      "\x67": "\x33\x41",
      "\x69\x75\x70\x61\x63": 0xd,
      "\x63": "\x31\x73\x32\x20\x32\x73\x32\x20\x32\x70\x36\x20\x33\x73\x32\x20\x33\x70\x36\x20\x33\x64\x31\x30\x20\x34\x73\x32\x20\x34\x70\x36\x20\x34\x64\x31\x30\x20\x35\x73\x32\x20\x35\x70\x36\x20\x34\x66\x31\x34\x20\x35\x64\x31\x30\x20\x36\x73\x32\x20\x36\x70\x31",
      "\x6e\x6f\x62\x6c\x65": "\x5b\x58\x65\x5d\x20\x34\x66\x31\x34\x20\x35\x64\x31\x30\x20\x36\x73\x32\x20\x36\x70\x31",
    },
    {
      "\x7a": 0x52,
      "\x73": "\x50\x62",
      "\x6e": "\x4c\x65\x61\x64",
      "\x63\x6e": "\u925b",
      "\x74\x79\x70\x65": "\u91d1\u5c6c",
      "\x73\x74\x61\x74\x65": "\u56fa\u9ad4",
      "\x6d\x70": "\x33\x32\x37\u00b0\x43",
      "\x62\x70": "\x31\x37\x34\x39\u00b0\x43",
      "\x69\x65": [715.6, 1450.5, 3081.5, 0xff3, 0x19f0],
      "\x70": 0x6,
      "\x67": "\x34\x41",
      "\x69\x75\x70\x61\x63": 0xe,
      "\x63": "\x31\x73\x32\x20\x32\x73\x32\x20\x32\x70\x36\x20\x33\x73\x32\x20\x33\x70\x36\x20\x33\x64\x31\x30\x20\x34\x73\x32\x20\x34\x70\x36\x20\x34\x64\x31\x30\x20\x35\x73\x32\x20\x35\x70\x36\x20\x34\x66\x31\x34\x20\x35\x64\x31\x30\x20\x36\x73\x32\x20\x36\x70\x32",
      "\x6e\x6f\x62\x6c\x65": "\x5b\x58\x65\x5d\x20\x34\x66\x31\x34\x20\x35\x64\x31\x30\x20\x36\x73\x32\x20\x36\x70\x32",
    },
    {
      "\x7a": 0x53,
      "\x73": "\x42\x69",
      "\x6e": "\x42\x69\x73\x6d\x75\x74\x68",
      "\x63\x6e": "\u924d",
      "\x74\x79\x70\x65": "\u91d1\u5c6c",
      "\x73\x74\x61\x74\x65": "\u56fa\u9ad4",
      "\x6d\x70": "\x32\x37\x31\u00b0\x43",
      "\x62\x70": "\x31\x35\x36\x34\u00b0\x43",
      "\x69\x65": [0x2bf, 0x64a, 0x9a2, 0x1112, 0x1518, 0x2148],
      "\x70": 0x6,
      "\x67": "\x35\x41",
      "\x69\x75\x70\x61\x63": 0xf,
      "\x63": "\x31\x73\x32\x20\x32\x73\x32\x20\x32\x70\x36\x20\x33\x73\x32\x20\x33\x70\x36\x20\x33\x64\x31\x30\x20\x34\x73\x32\x20\x34\x70\x36\x20\x34\x64\x31\x30\x20\x35\x73\x32\x20\x35\x70\x36\x20\x34\x66\x31\x34\x20\x35\x64\x31\x30\x20\x36\x73\x32\x20\x36\x70\x33",
      "\x6e\x6f\x62\x6c\x65": "\x5b\x58\x65\x5d\x20\x34\x66\x31\x34\x20\x35\x64\x31\x30\x20\x36\x73\x32\x20\x36\x70\x33",
    },
    {
      "\x7a": 0x54,
      "\x73": "\x50\x6f",
      "\x6e": "\x50\x6f\x6c\x6f\x6e\x69\x75\x6d",
      "\x63\x6e": "\u91d9",
      "\x74\x79\x70\x65": "\u91d1\u5c6c",
      "\x73\x74\x61\x74\x65": "\u56fa\u9ad4",
      "\x6d\x70": "\x32\x35\x34\u00b0\x43",
      "\x62\x70": "\x39\x36\x32\u00b0\x43",
      "\x69\x65": [812.1],
      "\x70": 0x6,
      "\x67": "\x36\x41",
      "\x69\x75\x70\x61\x63": 0x10,
      "\x63": "\x31\x73\x32\x20\x32\x73\x32\x20\x32\x70\x36\x20\x33\x73\x32\x20\x33\x70\x36\x20\x33\x64\x31\x30\x20\x34\x73\x32\x20\x34\x70\x36\x20\x34\x64\x31\x30\x20\x35\x73\x32\x20\x35\x70\x36\x20\x34\x66\x31\x34\x20\x35\x64\x31\x30\x20\x36\x73\x32\x20\x36\x70\x34",
      "\x6e\x6f\x62\x6c\x65": "\x5b\x58\x65\x5d\x20\x34\x66\x31\x34\x20\x35\x64\x31\x30\x20\x36\x73\x32\x20\x36\x70\x34",
    },
    {
      "\x7a": 0x55,
      "\x73": "\x41\x74",
      "\x6e": "\x41\x73\x74\x61\x74\x69\x6e\x65",
      "\x63\x6e": "\u7808",
      "\x74\x79\x70\x65": "\u985e\u91d1\u5c6c",
      "\x73\x74\x61\x74\x65": "\u56fa\u9ad4",
      "\x6d\x70": "\x33\x30\x32\u00b0\x43",
      "\x62\x70": "\x33\x33\x37\u00b0\x43",
      "\x69\x65": [0x37a],
      "\x70": 0x6,
      "\x67": "\x37\x41",
      "\x69\x75\x70\x61\x63": 0x11,
      "\x63": "\x31\x73\x32\x20\x32\x73\x32\x20\x32\x70\x36\x20\x33\x73\x32\x20\x33\x70\x36\x20\x33\x64\x31\x30\x20\x34\x73\x32\x20\x34\x70\x36\x20\x34\x64\x31\x30\x20\x35\x73\x32\x20\x35\x70\x36\x20\x34\x66\x31\x34\x20\x35\x64\x31\x30\x20\x36\x73\x32\x20\x36\x70\x35",
      "\x6e\x6f\x62\x6c\x65": "\x5b\x58\x65\x5d\x20\x34\x66\x31\x34\x20\x35\x64\x31\x30\x20\x36\x73\x32\x20\x36\x70\x35",
    },
    {
      "\x7a": 0x56,
      "\x73": "\x52\x6e",
      "\x6e": "\x52\x61\x64\x6f\x6e",
      "\x63\x6e": "\u6c21",
      "\x74\x79\x70\x65": "\u975e\u91d1\u5c6c",
      "\x73\x74\x61\x74\x65": "\u6c23\u9ad4",
      "\x6d\x70": "\x2d\x37\x31\u00b0\x43",
      "\x62\x70": "\x2d\x36\x32\u00b0\x43",
      "\x69\x65": [0x40d],
      "\x70": 0x6,
      "\x67": "\x38\x41",
      "\x69\x75\x70\x61\x63": 0x12,
      "\x63": "\x31\x73\x32\x20\x32\x73\x32\x20\x32\x70\x36\x20\x33\x73\x32\x20\x33\x70\x36\x20\x33\x64\x31\x30\x20\x34\x73\x32\x20\x34\x70\x36\x20\x34\x64\x31\x30\x20\x35\x73\x32\x20\x35\x70\x36\x20\x34\x66\x31\x34\x20\x35\x64\x31\x30\x20\x36\x73\x32\x20\x36\x70\x36",
      "\x6e\x6f\x62\x6c\x65": "\x5b\x58\x65\x5d\x20\x34\x66\x31\x34\x20\x35\x64\x31\x30\x20\x36\x73\x32\x20\x36\x70\x36",
    },
    {
      "\x7a": 0x57,
      "\x73": "\x46\x72",
      "\x6e": "\x46\x72\x61\x6e\x63\x69\x75\x6d",
      "\x63\x6e": "\u9345",
      "\x74\x79\x70\x65": "\u91d1\u5c6c",
      "\x73\x74\x61\x74\x65": "\u56fa\u9ad4",
      "\x6d\x70": "\x32\x37\u00b0\x43",
      "\x62\x70": "\x36\x37\x37\u00b0\x43",
      "\x69\x65": [0x17c],
      "\x70": 0x7,
      "\x67": "\x31\x41",
      "\x69\x75\x70\x61\x63": 0x1,
      "\x63": "\x31\x73\x32\x20\x32\x73\x32\x20\x32\x70\x36\x20\x33\x73\x32\x20\x33\x70\x36\x20\x33\x64\x31\x30\x20\x34\x73\x32\x20\x34\x70\x36\x20\x34\x64\x31\x30\x20\x35\x73\x32\x20\x35\x70\x36\x20\x34\x66\x31\x34\x20\x35\x64\x31\x30\x20\x36\x73\x32\x20\x36\x70\x36\x20\x37\x73\x31",
      "\x6e\x6f\x62\x6c\x65": "\x5b\x52\x6e\x5d\x20\x37\x73\x31",
    },
    {
      "\x7a": 0x58,
      "\x73": "\x52\x61",
      "\x6e": "\x52\x61\x64\x69\x75\x6d",
      "\x63\x6e": "\u9433",
      "\x74\x79\x70\x65": "\u91d1\u5c6c",
      "\x73\x74\x61\x74\x65": "\u56fa\u9ad4",
      "\x6d\x70": "\x37\x30\x30\u00b0\x43",
      "\x62\x70": "\x31\x37\x33\x37\u00b0\x43",
      "\x69\x65": [509.3, 0x3d3],
      "\x70": 0x7,
      "\x67": "\x32\x41",
      "\x69\x75\x70\x61\x63": 0x2,
      "\x63": "\x31\x73\x32\x20\x32\x73\x32\x20\x32\x70\x36\x20\x33\x73\x32\x20\x33\x70\x36\x20\x33\x64\x31\x30\x20\x34\x73\x32\x20\x34\x70\x36\x20\x34\x64\x31\x30\x20\x35\x73\x32\x20\x35\x70\x36\x20\x34\x66\x31\x34\x20\x35\x64\x31\x30\x20\x36\x73\x32\x20\x36\x70\x36\x20\x37\x73\x32",
      "\x6e\x6f\x62\x6c\x65": "\x5b\x52\x6e\x5d\x20\x37\x73\x32",
    },
    {
      "\x7a": 0x59,
      "\x73": "\x41\x63",
      "\x6e": "\x41\x63\x74\x69\x6e\x69\x75\x6d",
      "\x63\x6e": "\u9312",
      "\x74\x79\x70\x65": "\u91d1\u5c6c",
      "\x73\x74\x61\x74\x65": "\u56fa\u9ad4",
      "\x6d\x70": "\x31\x30\x35\x30\u00b0\x43",
      "\x62\x70": "\x33\x31\x39\x38\u00b0\x43",
      "\x69\x65": [0x1f3, 0x492, 0x76c],
      "\x70": 0x7,
      "\x67": "\u9312\u7cfb",
      "\x69\x75\x70\x61\x63": "\x2d",
      "\x63": "\x31\x73\x32\x20\x32\x73\x32\x20\x32\x70\x36\x20\x33\x73\x32\x20\x33\x70\x36\x20\x33\x64\x31\x30\x20\x34\x73\x32\x20\x34\x70\x36\x20\x34\x64\x31\x30\x20\x35\x73\x32\x20\x35\x70\x36\x20\x34\x66\x31\x34\x20\x35\x64\x31\x30\x20\x36\x73\x32\x20\x36\x70\x36\x20\x36\x64\x31\x20\x37\x73\x32",
      "\x6e\x6f\x62\x6c\x65": "\x5b\x52\x6e\x5d\x20\x36\x64\x31\x20\x37\x73\x32",
      "\x65\x78": !![],
    },
    {
      "\x7a": 0x5a,
      "\x73": "\x54\x68",
      "\x6e": "\x54\x68\x6f\x72\x69\x75\x6d",
      "\x63\x6e": "\u91f7",
      "\x74\x79\x70\x65": "\u91d1\u5c6c",
      "\x73\x74\x61\x74\x65": "\u56fa\u9ad4",
      "\x6d\x70": "\x31\x37\x35\x30\u00b0\x43",
      "\x62\x70": "\x34\x37\x38\x38\u00b0\x43",
      "\x69\x65": [0x24b, 0x456, 0x78a, 0xadc],
      "\x70": 0x7,
      "\x67": "\u9312\u7cfb",
      "\x69\x75\x70\x61\x63": "\x2d",
      "\x63": "\x31\x73\x32\x20\x32\x73\x32\x20\x32\x70\x36\x20\x33\x73\x32\x20\x33\x70\x36\x20\x33\x64\x31\x30\x20\x34\x73\x32\x20\x34\x70\x36\x20\x34\x64\x31\x30\x20\x35\x73\x32\x20\x35\x70\x36\x20\x34\x66\x31\x34\x20\x35\x64\x31\x30\x20\x36\x73\x32\x20\x36\x70\x36\x20\x36\x64\x32\x20\x37\x73\x32",
      "\x6e\x6f\x62\x6c\x65": "\x5b\x52\x6e\x5d\x20\x36\x64\x32\x20\x37\x73\x32",
      "\x65\x78": !![],
    },
    {
      "\x7a": 0x5b,
      "\x73": "\x50\x61",
      "\x6e": "\x50\x72\x6f\x74\x61\x63\x74\x69\x6e\x69\x75\x6d",
      "\x63\x6e": "\u93f7",
      "\x74\x79\x70\x65": "\u91d1\u5c6c",
      "\x73\x74\x61\x74\x65": "\u56fa\u9ad4",
      "\x6d\x70": "\x31\x35\x36\x38\u00b0\x43",
      "\x62\x70": "\x34\x30\x32\x37\u00b0\x43",
      "\x69\x65": [0x238],
      "\x70": 0x7,
      "\x67": "\u9312\u7cfb",
      "\x69\x75\x70\x61\x63": "\x2d",
      "\x63": "\x31\x73\x32\x20\x32\x73\x32\x20\x32\x70\x36\x20\x33\x73\x32\x20\x33\x70\x36\x20\x33\x64\x31\x30\x20\x34\x73\x32\x20\x34\x70\x36\x20\x34\x64\x31\x30\x20\x35\x73\x32\x20\x35\x70\x36\x20\x34\x66\x31\x34\x20\x35\x64\x31\x30\x20\x36\x73\x32\x20\x36\x70\x36\x20\x35\x66\x32\x20\x36\x64\x31\x20\x37\x73\x32",
      "\x6e\x6f\x62\x6c\x65": "\x5b\x52\x6e\x5d\x20\x35\x66\x32\x20\x36\x64\x31\x20\x37\x73\x32",
      "\x65\x78": !![],
    },
    {
      "\x7a": 0x5c,
      "\x73": "\x55",
      "\x6e": "\x55\x72\x61\x6e\x69\x75\x6d",
      "\x63\x6e": "\u923e",
      "\x74\x79\x70\x65": "\u91d1\u5c6c",
      "\x73\x74\x61\x74\x65": "\u56fa\u9ad4",
      "\x6d\x70": "\x31\x31\x33\x32\u00b0\x43",
      "\x62\x70": "\x34\x31\x33\x31\u00b0\x43",
      "\x69\x65": [597.6, 0x58c],
      "\x70": 0x7,
      "\x67": "\u9312\u7cfb",
      "\x69\x75\x70\x61\x63": "\x2d",
      "\x63": "\x31\x73\x32\x20\x32\x73\x32\x20\x32\x70\x36\x20\x33\x73\x32\x20\x33\x70\x36\x20\x33\x64\x31\x30\x20\x34\x73\x32\x20\x34\x70\x36\x20\x34\x64\x31\x30\x20\x35\x73\x32\x20\x35\x70\x36\x20\x34\x66\x31\x34\x20\x35\x64\x31\x30\x20\x36\x73\x32\x20\x36\x70\x36\x20\x35\x66\x33\x20\x36\x64\x31\x20\x37\x73\x32",
      "\x6e\x6f\x62\x6c\x65": "\x5b\x52\x6e\x5d\x20\x35\x66\x33\x20\x36\x64\x31\x20\x37\x73\x32",
      "\x65\x78": !![],
    },
    {
      "\x7a": 0x5d,
      "\x73": "\x4e\x70",
      "\x6e": "\x4e\x65\x70\x74\x75\x6e\x69\x75\x6d",
      "\x63\x6e": "\u933c",
      "\x74\x79\x70\x65": "\u91d1\u5c6c",
      "\x73\x74\x61\x74\x65": "\u56fa\u9ad4",
      "\x6d\x70": "\x36\x34\x34\u00b0\x43",
      "\x62\x70": "\x33\x39\x30\x32\u00b0\x43",
      "\x69\x65": [604.5],
      "\x70": 0x7,
      "\x67": "\u9312\u7cfb",
      "\x69\x75\x70\x61\x63": "\x2d",
      "\x63": "\x31\x73\x32\x20\x32\x73\x32\x20\x32\x70\x36\x20\x33\x73\x32\x20\x33\x70\x36\x20\x33\x64\x31\x30\x20\x34\x73\x32\x20\x34\x70\x36\x20\x34\x64\x31\x30\x20\x35\x73\x32\x20\x35\x70\x36\x20\x34\x66\x31\x34\x20\x35\x64\x31\x30\x20\x36\x73\x32\x20\x36\x70\x36\x20\x35\x66\x34\x20\x36\x64\x31\x20\x37\x73\x32",
      "\x6e\x6f\x62\x6c\x65": "\x5b\x52\x6e\x5d\x20\x35\x66\x34\x20\x36\x64\x31\x20\x37\x73\x32",
      "\x65\x78": !![],
    },
    {
      "\x7a": 0x5e,
      "\x73": "\x50\x75",
      "\x6e": "\x50\x6c\x75\x74\x6f\x6e\x69\x75\x6d",
      "\x63\x6e": "\u923d",
      "\x74\x79\x70\x65": "\u91d1\u5c6c",
      "\x73\x74\x61\x74\x65": "\u56fa\u9ad4",
      "\x6d\x70": "\x36\x34\x30\u00b0\x43",
      "\x62\x70": "\x33\x32\x32\x38\u00b0\x43",
      "\x69\x65": [584.7],
      "\x70": 0x7,
      "\x67": "\u9312\u7cfb",
      "\x69\x75\x70\x61\x63": "\x2d",
      "\x63": "\x31\x73\x32\x20\x32\x73\x32\x20\x32\x70\x36\x20\x33\x73\x32\x20\x33\x70\x36\x20\x33\x64\x31\x30\x20\x34\x73\x32\x20\x34\x70\x36\x20\x34\x64\x31\x30\x20\x35\x73\x32\x20\x35\x70\x36\x20\x34\x66\x31\x34\x20\x35\x64\x31\x30\x20\x36\x73\x32\x20\x36\x70\x36\x20\x35\x66\x36\x20\x37\x73\x32",
      "\x6e\x6f\x62\x6c\x65": "\x5b\x52\x6e\x5d\x20\x35\x66\x36\x20\x37\x73\x32",
    },
    {
      "\x7a": 0x5f,
      "\x73": "\x41\x6d",
      "\x6e": "\x41\x6d\x65\x72\x69\x63\x69\x75\x6d",
      "\x63\x6e": "\u92c2",
      "\x74\x79\x70\x65": "\u91d1\u5c6c",
      "\x73\x74\x61\x74\x65": "\u56fa\u9ad4",
      "\x6d\x70": "\x31\x31\x37\x36\u00b0\x43",
      "\x62\x70": "\x32\x30\x31\x31\u00b0\x43",
      "\x69\x65": [597.38],
      "\x70": 0x7,
      "\x67": "\u9312\u7cfb",
      "\x69\x75\x70\x61\x63": "\x2d",
      "\x63": "\x31\x73\x32\x20\x32\x73\x32\x20\x32\x70\x36\x20\x33\x73\x32\x20\x33\x70\x36\x20\x33\x64\x31\x30\x20\x34\x73\x32\x20\x34\x70\x36\x20\x34\x64\x31\x30\x20\x35\x73\x32\x20\x35\x70\x36\x20\x34\x66\x31\x34\x20\x35\x64\x31\x30\x20\x36\x73\x32\x20\x36\x70\x36\x20\x35\x66\x37\x20\x37\x73\x32",
      "\x6e\x6f\x62\x6c\x65": "\x5b\x52\x6e\x5d\x20\x35\x66\x37\x20\x37\x73\x32",
    },
    {
      "\x7a": 0x60,
      "\x73": "\x43\x6d",
      "\x6e": "\x43\x75\x72\x69\x75\x6d",
      "\x63\x6e": "\u92e6",
      "\x74\x79\x70\x65": "\u91d1\u5c6c",
      "\x73\x74\x61\x74\x65": "\u56fa\u9ad4",
      "\x6d\x70": "\x31\x33\x34\x30\u00b0\x43",
      "\x62\x70": "\x33\x31\x31\x30\u00b0\x43",
      "\x69\x65": [0x245],
      "\x70": 0x7,
      "\x67": "\u9312\u7cfb",
      "\x69\x75\x70\x61\x63": "\x2d",
      "\x63": "\x31\x73\x32\x20\x32\x73\x32\x20\x32\x70\x36\x20\x33\x73\x32\x20\x33\x70\x36\x20\x33\x64\x31\x30\x20\x34\x73\x32\x20\x34\x70\x36\x20\x34\x64\x31\x30\x20\x35\x73\x32\x20\x35\x70\x36\x20\x34\x66\x31\x34\x20\x35\x64\x31\x30\x20\x36\x73\x32\x20\x36\x70\x36\x20\x35\x66\x37\x20\x36\x64\x31\x20\x37\x73\x32",
      "\x6e\x6f\x62\x6c\x65": "\x5b\x52\x6e\x5d\x20\x35\x66\x37\x20\x36\x64\x31\x20\x37\x73\x32",
      "\x65\x78": !![],
    },
    {
      "\x7a": 0x61,
      "\x73": "\x42\x6b",
      "\x6e": "\x42\x65\x72\x6b\x65\x6c\x69\x75\x6d",
      "\x63\x6e": "\u9273",
      "\x74\x79\x70\x65": "\u91d1\u5c6c",
      "\x73\x74\x61\x74\x65": "\u56fa\u9ad4",
      "\x6d\x70": "\x39\x38\x36\u00b0\x43",
      "\x62\x70": "\x2d",
      "\x69\x65": [0x259],
      "\x70": 0x7,
      "\x67": "\u9312\u7cfb",
      "\x69\x75\x70\x61\x63": "\x2d",
      "\x63": "\x31\x73\x32\x20\x32\x73\x32\x20\x32\x70\x36\x20\x33\x73\x32\x20\x33\x70\x36\x20\x33\x64\x31\x30\x20\x34\x73\x32\x20\x34\x70\x36\x20\x34\x64\x31\x30\x20\x35\x73\x32\x20\x35\x70\x36\x20\x34\x66\x31\x34\x20\x35\x64\x31\x30\x20\x36\x73\x32\x20\x36\x70\x36\x20\x35\x66\x39\x20\x37\x73\x32",
      "\x6e\x6f\x62\x6c\x65": "\x5b\x52\x6e\x5d\x20\x35\x66\x39\x20\x37\x73\x32",
    },
    {
      "\x7a": 0x62,
      "\x73": "\x43\x66",
      "\x6e": "\x43\x61\x6c\x69\x66\x6f\x72\x6e\x69\x75\x6d",
      "\x63\x6e": "\u9272",
      "\x74\x79\x70\x65": "\u91d1\u5c6c",
      "\x73\x74\x61\x74\x65": "\u56fa\u9ad4",
      "\x6d\x70": "\x39\x30\x30\u00b0\x43",
      "\x62\x70": "\x2d",
      "\x69\x65": [0x260],
      "\x70": 0x7,
      "\x67": "\u9312\u7cfb",
      "\x69\x75\x70\x61\x63": "\x2d",
      "\x63": "\x31\x73\x32\x20\x32\x73\x32\x20\x32\x70\x36\x20\x33\x73\x32\x20\x33\x70\x36\x20\x33\x64\x31\x30\x20\x34\x73\x32\x20\x34\x70\x36\x20\x34\x64\x31\x30\x20\x35\x73\x32\x20\x35\x70\x36\x20\x34\x66\x31\x34\x20\x35\x64\x31\x30\x20\x36\x73\x32\x20\x36\x70\x36\x20\x35\x66\x31\x30\x20\x37\x73\x32",
      "\x6e\x6f\x62\x6c\x65": "\x5b\x52\x6e\x5d\x20\x35\x66\x31\x30\x20\x37\x73\x32",
    },
    {
      "\x7a": 0x63,
      "\x73": "\x45\x73",
      "\x6e": "\x45\x69\x6e\x73\x74\x65\x69\x6e\x69\x75\x6d",
      "\x63\x6e": "\u9440",
      "\x74\x79\x70\x65": "\u91d1\u5c6c",
      "\x73\x74\x61\x74\x65": "\u56fa\u9ad4",
      "\x6d\x70": "\x38\x36\x30\u00b0\x43",
      "\x62\x70": "\x2d",
      "\x69\x65": [0x26b],
      "\x70": 0x7,
      "\x67": "\u9312\u7cfb",
      "\x69\x75\x70\x61\x63": "\x2d",
      "\x63": "\x31\x73\x32\x20\x32\x73\x32\x20\x32\x70\x36\x20\x33\x73\x32\x20\x33\x70\x36\x20\x33\x64\x31\x30\x20\x34\x73\x32\x20\x34\x70\x36\x20\x34\x64\x31\x30\x20\x35\x73\x32\x20\x35\x70\x36\x20\x34\x66\x31\x34\x20\x35\x64\x31\x30\x20\x36\x73\x32\x20\x36\x70\x36\x20\x35\x66\x31\x31\x20\x37\x73\x32",
      "\x6e\x6f\x62\x6c\x65": "\x5b\x52\x6e\x5d\x20\x35\x66\x31\x31\x20\x37\x73\x32",
    },
    {
      "\x7a": 0x64,
      "\x73": "\x46\x6d",
      "\x6e": "\x46\x65\x72\x6d\x69\x75\x6d",
      "\x63\x6e": "\u9428",
      "\x74\x79\x70\x65": "\u91d1\u5c6c",
      "\x73\x74\x61\x74\x65": "\u56fa\u9ad4",
      "\x6d\x70": "\x31\x35\x32\x37\u00b0\x43",
      "\x62\x70": "\x2d",
      "\x69\x65": [0x273],
      "\x70": 0x7,
      "\x67": "\u9312\u7cfb",
      "\x69\x75\x70\x61\x63": "\x2d",
      "\x63": "\x31\x73\x32\x20\x32\x73\x32\x20\x32\x70\x36\x20\x33\x73\x32\x20\x33\x70\x36\x20\x33\x64\x31\x30\x20\x34\x73\x32\x20\x34\x70\x36\x20\x34\x64\x31\x30\x20\x35\x73\x32\x20\x35\x70\x36\x20\x34\x66\x31\x34\x20\x35\x64\x31\x30\x20\x36\x73\x32\x20\x36\x70\x36\x20\x35\x66\x31\x32\x20\x37\x73\x32",
      "\x6e\x6f\x62\x6c\x65": "\x5b\x52\x6e\x5d\x20\x35\x66\x31\x32\x20\x37\x73\x32",
    },
    {
      "\x7a": 0x65,
      "\x73": "\x4d\x64",
      "\x6e": "\x4d\x65\x6e\x64\x65\x6c\x65\x76\x69\x75\x6d",
      "\x63\x6e": "\u9346",
      "\x74\x79\x70\x65": "\u91d1\u5c6c",
      "\x73\x74\x61\x74\x65": "\u56fa\u9ad4",
      "\x6d\x70": "\x38\x32\x37\u00b0\x43",
      "\x62\x70": "\x2d",
      "\x69\x65": [0x27b],
      "\x70": 0x7,
      "\x67": "\u9312\u7cfb",
      "\x69\x75\x70\x61\x63": "\x2d",
      "\x63": "\x31\x73\x32\x20\x32\x73\x32\x20\x32\x70\x36\x20\x33\x73\x32\x20\x33\x70\x36\x20\x33\x64\x31\x30\x20\x34\x73\x32\x20\x34\x70\x36\x20\x34\x64\x31\x30\x20\x35\x73\x32\x20\x35\x70\x36\x20\x34\x66\x31\x34\x20\x35\x64\x31\x30\x20\x36\x73\x32\x20\x36\x70\x36\x20\x35\x66\x31\x33\x20\x37\x73\x32",
      "\x6e\x6f\x62\x6c\x65": "\x5b\x52\x6e\x5d\x20\x35\x66\x31\x33\x20\x37\x73\x32",
    },
    {
      "\x7a": 0x66,
      "\x73": "\x4e\x6f",
      "\x6e": "\x4e\x6f\x62\x65\x6c\x69\x75\x6d",
      "\x63\x6e": "\u9369",
      "\x74\x79\x70\x65": "\u91d1\u5c6c",
      "\x73\x74\x61\x74\x65": "\u56fa\u9ad4",
      "\x6d\x70": "\x38\x32\x37\u00b0\x43",
      "\x62\x70": "\x2d",
      "\x69\x65": [0x282],
      "\x70": 0x7,
      "\x67": "\u9312\u7cfb",
      "\x69\x75\x70\x61\x63": "\x2d",
      "\x63": "\x31\x73\x32\x20\x32\x73\x32\x20\x32\x70\x36\x20\x33\x73\x32\x20\x33\x70\x36\x20\x33\x64\x31\x30\x20\x34\x73\x32\x20\x34\x70\x36\x20\x34\x64\x31\x30\x20\x35\x73\x32\x20\x35\x70\x36\x20\x34\x66\x31\x34\x20\x35\x64\x31\x30\x20\x36\x73\x32\x20\x36\x70\x36\x20\x35\x66\x31\x34\x20\x37\x73\x32",
      "\x6e\x6f\x62\x6c\x65": "\x5b\x52\x6e\x5d\x20\x35\x66\x31\x34\x20\x37\x73\x32",
    },
    {
      "\x7a": 0x67,
      "\x73": "\x4c\x72",
      "\x6e": "\x4c\x61\x77\x72\x65\x6e\x63\x69\x75\x6d",
      "\x63\x6e": "\u9412",
      "\x74\x79\x70\x65": "\u91d1\u5c6c",
      "\x73\x74\x61\x74\x65": "\u56fa\u9ad4",
      "\x6d\x70": "\x31\x36\x32\x37\u00b0\x43",
      "\x62\x70": "\x2d",
      "\x69\x65": [0x1d6],
      "\x70": 0x7,
      "\x67": "\u9312\u7cfb",
      "\x69\x75\x70\x61\x63": "\x2d",
      "\x63": "\x31\x73\x32\x20\x32\x73\x32\x20\x32\x70\x36\x20\x33\x73\x32\x20\x33\x70\x36\x20\x33\x64\x31\x30\x20\x34\x73\x32\x20\x34\x70\x36\x20\x34\x64\x31\x30\x20\x35\x73\x32\x20\x35\x70\x36\x20\x34\x66\x31\x34\x20\x35\x64\x31\x30\x20\x36\x73\x32\x20\x36\x70\x36\x20\x35\x66\x31\x34\x20\x36\x64\x31\x20\x37\x73\x32",
      "\x6e\x6f\x62\x6c\x65": "\x5b\x52\x6e\x5d\x20\x35\x66\x31\x34\x20\x36\x64\x31\x20\x37\x73\x32",
    },
    {
      "\x7a": 0x68,
      "\x73": "\x52\x66",
      "\x6e": "\x52\x75\x74\x68\x65\x72\x66\x6f\x72\x64\x69\x75\x6d",
      "\x63\x6e": "\u946a",
      "\x74\x79\x70\x65": "\u91d1\u5c6c",
      "\x73\x74\x61\x74\x65": "\u56fa\u9ad4",
      "\x6d\x70": "\x2d",
      "\x62\x70": "\x2d",
      "\x69\x65": [0x244],
      "\x70": 0x7,
      "\x67": "\x34\x42",
      "\x69\x75\x70\x61\x63": 0x4,
      "\x63": "\x31\x73\x32\x20\x32\x73\x32\x20\x32\x70\x36\x20\x33\x73\x32\x20\x33\x70\x36\x20\x33\x64\x31\x30\x20\x34\x73\x32\x20\x34\x70\x36\x20\x34\x64\x31\x30\x20\x35\x73\x32\x20\x35\x70\x36\x20\x34\x66\x31\x34\x20\x35\x64\x31\x30\x20\x36\x73\x32\x20\x36\x70\x36\x20\x35\x66\x31\x34\x20\x36\x64\x32\x20\x37\x73\x32",
      "\x6e\x6f\x62\x6c\x65": "\x5b\x52\x6e\x5d\x20\x35\x66\x31\x34\x20\x36\x64\x32\x20\x37\x73\x32",
    },
    {
      "\x7a": 0x69,
      "\x73": "\x44\x62",
      "\x6e": "\x44\x75\x62\x6e\x69\x75\x6d",
      "\x63\x6e": "\ud862\uddc0",
      "\x74\x79\x70\x65": "\u91d1\u5c6c",
      "\x73\x74\x61\x74\x65": "\u56fa\u9ad4",
      "\x6d\x70": "\x2d",
      "\x62\x70": "\x2d",
      "\x69\x65": [0x28a],
      "\x70": 0x7,
      "\x67": "\x35\x42",
      "\x69\x75\x70\x61\x63": 0x5,
      "\x63": "\x31\x73\x32\x20\x32\x73\x32\x20\x32\x70\x36\x20\x33\x73\x32\x20\x33\x70\x36\x20\x33\x64\x31\x30\x20\x34\x73\x32\x20\x34\x70\x36\x20\x34\x64\x31\x30\x20\x35\x73\x32\x20\x35\x70\x36\x20\x34\x66\x31\x34\x20\x35\x64\x31\x30\x20\x36\x73\x32\x20\x36\x70\x36\x20\x35\x66\x31\x34\x20\x36\x64\x33\x20\x37\x73\x32",
      "\x6e\x6f\x62\x6c\x65": "\x5b\x52\x6e\x5d\x20\x35\x66\x31\x34\x20\x36\x64\x33\x20\x37\x73\x32",
    },
    {
      "\x7a": 0x6a,
      "\x73": "\x53\x67",
      "\x6e": "\x53\x65\x61\x62\x6f\x72\x67\x69\x75\x6d",
      "\x63\x6e": "\ud862\udf4e",
      "\x74\x79\x70\x65": "\u91d1\u5c6c",
      "\x73\x74\x61\x74\x65": "\u56fa\u9ad4",
      "\x6d\x70": "\x2d",
      "\x62\x70": "\x2d",
      "\x69\x65": [0x2ee],
      "\x70": 0x7,
      "\x67": "\x36\x42",
      "\x69\x75\x70\x61\x63": 0x6,
      "\x63": "\x31\x73\x32\x20\x32\x73\x32\x20\x32\x70\x36\x20\x33\x73\x32\x20\x33\x70\x36\x20\x33\x64\x31\x30\x20\x34\x73\x32\x20\x34\x70\x36\x20\x34\x64\x31\x30\x20\x35\x73\x32\x20\x35\x70\x36\x20\x34\x66\x31\x34\x20\x35\x64\x31\x30\x20\x36\x73\x32\x20\x36\x70\x36\x20\x35\x66\x31\x34\x20\x36\x64\x34\x20\x37\x73\x32",
      "\x6e\x6f\x62\x6c\x65": "\x5b\x52\x6e\x5d\x20\x35\x66\x31\x34\x20\x36\x64\x34\x20\x37\x73\x32",
    },
    {
      "\x7a": 0x6b,
      "\x73": "\x42\x68",
      "\x6e": "\x42\x6f\x68\x72\x69\x75\x6d",
      "\x63\x6e": "\ud862\ude0f",
      "\x74\x79\x70\x65": "\u91d1\u5c6c",
      "\x73\x74\x61\x74\x65": "\u56fa\u9ad4",
      "\x6d\x70": "\x2d",
      "\x62\x70": "\x2d",
      "\x69\x65": [],
      "\x70": 0x7,
      "\x67": "\x37\x42",
      "\x69\x75\x70\x61\x63": 0x7,
      "\x63": "\x31\x73\x32\x20\x32\x73\x32\x20\x32\x70\x36\x20\x33\x73\x32\x20\x33\x70\x36\x20\x33\x64\x31\x30\x20\x34\x73\x32\x20\x34\x70\x36\x20\x34\x64\x31\x30\x20\x35\x73\x32\x20\x35\x70\x36\x20\x34\x66\x31\x34\x20\x35\x64\x31\x30\x20\x36\x73\x32\x20\x36\x70\x36\x20\x35\x66\x31\x34\x20\x36\x64\x35\x20\x37\x73\x32",
      "\x6e\x6f\x62\x6c\x65": "\x5b\x52\x6e\x5d\x20\x35\x66\x31\x34\x20\x36\x64\x35\x20\x37\x73\x32",
    },
    {
      "\x7a": 0x6c,
      "\x73": "\x48\x73",
      "\x6e": "\x48\x61\x73\x73\x69\x75\x6d",
      "\x63\x6e": "\ud862\udf46",
      "\x74\x79\x70\x65": "\u91d1\u5c6c",
      "\x73\x74\x61\x74\x65": "\u56fa\u9ad4",
      "\x6d\x70": "\x2d",
      "\x62\x70": "\x2d",
      "\x69\x65": [],
      "\x70": 0x7,
      "\x67": "\x38\x42",
      "\x69\x75\x70\x61\x63": 0x8,
      "\x63": "\x31\x73\x32\x20\x32\x73\x32\x20\x32\x70\x36\x20\x33\x73\x32\x20\x33\x70\x36\x20\x33\x64\x31\x30\x20\x34\x73\x32\x20\x34\x70\x36\x20\x34\x64\x31\x30\x20\x35\x73\x32\x20\x35\x70\x36\x20\x34\x66\x31\x34\x20\x35\x64\x31\x30\x20\x36\x73\x32\x20\x36\x70\x36\x20\x35\x66\x31\x34\x20\x36\x64\x36\x20\x37\x73\x32",
      "\x6e\x6f\x62\x6c\x65": "\x5b\x52\x6e\x5d\x20\x35\x66\x31\x34\x20\x36\x64\x36\x20\x37\x73\x32",
    },
    {
      "\x7a": 0x6d,
      "\x73": "\x4d\x74",
      "\x6e": "\x4d\x65\x69\x74\x6e\x65\x72\x69\x75\x6d",
      "\x63\x6e": "\u4951",
      "\x74\x79\x70\x65": "\u91d1\u5c6c",
      "\x73\x74\x61\x74\x65": "\u56fa\u9ad4",
      "\x6d\x70": "\x2d",
      "\x62\x70": "\x2d",
      "\x69\x65": [],
      "\x70": 0x7,
      "\x67": "\x38\x42",
      "\x69\x75\x70\x61\x63": 0x9,
      "\x63": "\x31\x73\x32\x20\x32\x73\x32\x20\x32\x70\x36\x20\x33\x73\x32\x20\x33\x70\x36\x20\x33\x64\x31\x30\x20\x34\x73\x32\x20\x34\x70\x36\x20\x34\x64\x31\x30\x20\x35\x73\x32\x20\x35\x70\x36\x20\x34\x66\x31\x34\x20\x35\x64\x31\x30\x20\x36\x73\x32\x20\x36\x70\x36\x20\x35\x66\x31\x34\x20\x36\x64\x37\x20\x37\x73\x32",
      "\x6e\x6f\x62\x6c\x65": "\x5b\x52\x6e\x5d\x20\x35\x66\x31\x34\x20\x36\x64\x37\x20\x37\x73\x32",
    },
    {
      "\x7a": 0x6e,
      "\x73": "\x44\x73",
      "\x6e": "\x44\x61\x72\x6d\x73\x74\x61\x64\x74\x69\x75\x6d",
      "\x63\x6e": "\u943d",
      "\x74\x79\x70\x65": "\u91d1\u5c6c",
      "\x73\x74\x61\x74\x65": "\u56fa\u9ad4",
      "\x6d\x70": "\x2d",
      "\x62\x70": "\x2d",
      "\x69\x65": [],
      "\x70": 0x7,
      "\x67": "\x38\x42",
      "\x69\x75\x70\x61\x63": 0xa,
      "\x63": "\x31\x73\x32\x20\x32\x73\x32\x20\x32\x70\x36\x20\x33\x73\x32\x20\x33\x70\x36\x20\x33\x64\x31\x30\x20\x34\x73\x32\x20\x34\x70\x36\x20\x34\x64\x31\x30\x20\x35\x73\x32\x20\x35\x70\x36\x20\x34\x66\x31\x34\x20\x35\x64\x31\x30\x20\x36\x73\x32\x20\x36\x70\x36\x20\x35\x66\x31\x34\x20\x36\x64\x38\x20\x37\x73\x32",
      "\x6e\x6f\x62\x6c\x65": "\x5b\x52\x6e\x5d\x20\x35\x66\x31\x34\x20\x36\x64\x38\x20\x37\x73\x32",
    },
    {
      "\x7a": 0x6f,
      "\x73": "\x52\x67",
      "\x6e": "\x52\x6f\x65\x6e\x74\x67\x65\x6e\x69\x75\x6d",
      "\x63\x6e": "\u9300",
      "\x74\x79\x70\x65": "\u91d1\u5c6c",
      "\x73\x74\x61\x74\x65": "\u56fa\u9ad4",
      "\x6d\x70": "\x2d",
      "\x62\x70": "\x2d",
      "\x69\x65": [],
      "\x70": 0x7,
      "\x67": "\x31\x42",
      "\x69\x75\x70\x61\x63": 0xb,
      "\x63": "\x31\x73\x32\x20\x32\x73\x32\x20\x32\x70\x36\x20\x33\x73\x32\x20\x33\x70\x36\x20\x33\x64\x31\x30\x20\x34\x73\x32\x20\x34\x70\x36\x20\x34\x64\x31\x30\x20\x35\x73\x32\x20\x35\x70\x36\x20\x34\x66\x31\x34\x20\x35\x64\x31\x30\x20\x36\x73\x32\x20\x36\x70\x36\x20\x35\x66\x31\x34\x20\x36\x64\x39\x20\x37\x73\x32",
      "\x6e\x6f\x62\x6c\x65": "\x5b\x52\x6e\x5d\x20\x35\x66\x31\x34\x20\x36\x64\x39\x20\x37\x73\x32",
    },
    {
      "\x7a": 0x70,
      "\x73": "\x43\x6e",
      "\x6e": "\x43\x6f\x70\x65\x72\x6e\x69\x63\x69\x75\x6d",
      "\x63\x6e": "\u93b6",
      "\x74\x79\x70\x65": "\u91d1\u5c6c",
      "\x73\x74\x61\x74\x65": "\u56fa\u9ad4",
      "\x6d\x70": "\x2d",
      "\x62\x70": "\x2d",
      "\x69\x65": [],
      "\x70": 0x7,
      "\x67": "\x32\x42",
      "\x69\x75\x70\x61\x63": 0xc,
      "\x63": "\x31\x73\x32\x20\x32\x73\x32\x20\x32\x70\x36\x20\x33\x73\x32\x20\x33\x70\x36\x20\x33\x64\x31\x30\x20\x34\x73\x32\x20\x34\x70\x36\x20\x34\x64\x31\x30\x20\x35\x73\x32\x20\x35\x70\x36\x20\x34\x66\x31\x34\x20\x35\x64\x31\x30\x20\x36\x73\x32\x20\x36\x70\x36\x20\x35\x66\x31\x34\x20\x36\x64\x31\x30\x20\x37\x73\x32",
      "\x6e\x6f\x62\x6c\x65": "\x5b\x52\x6e\x5d\x20\x35\x66\x31\x34\x20\x36\x64\x31\x30\x20\x37\x73\x32",
    },
    {
      "\x7a": 0x71,
      "\x73": "\x4e\x68",
      "\x6e": "\x4e\x69\x68\x6f\x6e\x69\x75\x6d",
      "\x63\x6e": "\u9268",
      "\x74\x79\x70\x65": "\u91d1\u5c6c",
      "\x73\x74\x61\x74\x65": "\u56fa\u9ad4",
      "\x6d\x70": "\x2d",
      "\x62\x70": "\x2d",
      "\x69\x65": [],
      "\x70": 0x7,
      "\x67": "\x33\x41",
      "\x69\x75\x70\x61\x63": 0xd,
      "\x63": "\x31\x73\x32\x20\x32\x73\x32\x20\x32\x70\x36\x20\x33\x73\x32\x20\x33\x70\x36\x20\x33\x64\x31\x30\x20\x34\x73\x32\x20\x34\x70\x36\x20\x34\x64\x31\x30\x20\x35\x73\x32\x20\x35\x70\x36\x20\x34\x66\x31\x34\x20\x35\x64\x31\x30\x20\x36\x73\x32\x20\x36\x70\x36\x20\x35\x66\x31\x34\x20\x36\x64\x31\x30\x20\x37\x73\x32\x20\x37\x70\x31",
      "\x6e\x6f\x62\x6c\x65": "\x5b\x52\x6e\x5d\x20\x35\x66\x31\x34\x20\x36\x64\x31\x30\x20\x37\x73\x32\x20\x37\x70\x31",
    },
    {
      "\x7a": 0x72,
      "\x73": "\x46\x6c",
      "\x6e": "\x46\x6c\x65\x72\x6f\x76\x69\x75\x6d",
      "\x63\x6e": "\u9207",
      "\x74\x79\x70\x65": "\u91d1\u5c6c",
      "\x73\x74\x61\x74\x65": "\u56fa\u9ad4",
      "\x6d\x70": "\x2d",
      "\x62\x70": "\x2d",
      "\x69\x65": [],
      "\x70": 0x7,
      "\x67": "\x34\x41",
      "\x69\x75\x70\x61\x63": 0xe,
      "\x63": "\x31\x73\x32\x20\x32\x73\x32\x20\x32\x70\x36\x20\x33\x73\x32\x20\x33\x70\x36\x20\x33\x64\x31\x30\x20\x34\x73\x32\x20\x34\x70\x36\x20\x34\x64\x31\x30\x20\x35\x73\x32\x20\x35\x70\x36\x20\x34\x66\x31\x34\x20\x35\x64\x31\x30\x20\x36\x73\x32\x20\x36\x70\x36\x20\x35\x66\x31\x34\x20\x36\x64\x31\x30\x20\x37\x73\x32\x20\x37\x70\x32",
      "\x6e\x6f\x62\x6c\x65": "\x5b\x52\x6e\x5d\x20\x35\x66\x31\x34\x20\x36\x64\x31\x30\x20\x37\x73\x32\x20\x37\x70\x32",
    },
    {
      "\x7a": 0x73,
      "\x73": "\x4d\x63",
      "\x6e": "\x4d\x6f\x73\x63\x6f\x76\x69\x75\x6d",
      "\x63\x6e": "\u93cc",
      "\x74\x79\x70\x65": "\u91d1\u5c6c",
      "\x73\x74\x61\x74\x65": "\u56fa\u9ad4",
      "\x6d\x70": "\x2d",
      "\x62\x70": "\x2d",
      "\x69\x65": [],
      "\x70": 0x7,
      "\x67": "\x35\x41",
      "\x69\x75\x70\x61\x63": 0xf,
      "\x63": "\x31\x73\x32\x20\x32\x73\x32\x20\x32\x70\x36\x20\x33\x73\x32\x20\x33\x70\x36\x20\x33\x64\x31\x30\x20\x34\x73\x32\x20\x34\x70\x36\x20\x34\x64\x31\x30\x20\x35\x73\x32\x20\x35\x70\x36\x20\x34\x66\x31\x34\x20\x35\x64\x31\x30\x20\x36\x73\x32\x20\x36\x70\x36\x20\x35\x66\x31\x34\x20\x36\x64\x31\x30\x20\x37\x73\x32\x20\x37\x70\x33",
      "\x6e\x6f\x62\x6c\x65": "\x5b\x52\x6e\x5d\x20\x35\x66\x31\x34\x20\x36\x64\x31\x30\x20\x37\x73\x32\x20\x37\x70\x33",
    },
    {
      "\x7a": 0x74,
      "\x73": "\x4c\x76",
      "\x6e": "\x4c\x69\x76\x65\x72\x6d\x6f\x72\x69\x75\x6d",
      "\x63\x6e": "\u925d",
      "\x74\x79\x70\x65": "\u91d1\u5c6c",
      "\x73\x74\x61\x74\x65": "\u56fa\u9ad4",
      "\x6d\x70": "\x2d",
      "\x62\x70": "\x2d",
      "\x69\x65": [],
      "\x70": 0x7,
      "\x67": "\x36\x41",
      "\x69\x75\x70\x61\x63": 0x10,
      "\x63": "\x31\x73\x32\x20\x32\x73\x32\x20\x32\x70\x36\x20\x33\x73\x32\x20\x33\x70\x36\x20\x33\x64\x31\x30\x20\x34\x73\x32\x20\x34\x70\x36\x20\x34\x64\x31\x30\x20\x35\x73\x32\x20\x35\x70\x36\x20\x34\x66\x31\x34\x20\x35\x64\x31\x30\x20\x36\x73\x32\x20\x36\x70\x36\x20\x35\x66\x31\x34\x20\x36\x64\x31\x30\x20\x37\x73\x32\x20\x37\x70\x34",
      "\x6e\x6f\x62\x6c\x65": "\x5b\x52\x6e\x5d\x20\x35\x66\x31\x34\x20\x36\x64\x31\x30\x20\x37\x73\x32\x20\x37\x70\x34",
    },
    {
      "\x7a": 0x75,
      "\x73": "\x54\x73",
      "\x6e": "\x54\x65\x6e\x6e\x65\x73\x73\x69\x6e\x65",
      "\x63\x6e": "\u9fec",
      "\x74\x79\x70\x65": "\u985e\u91d1\u5c6c",
      "\x73\x74\x61\x74\x65": "\u56fa\u9ad4",
      "\x6d\x70": "\x2d",
      "\x62\x70": "\x2d",
      "\x69\x65": [],
      "\x70": 0x7,
      "\x67": "\x37\x41",
      "\x69\x75\x70\x61\x63": 0x11,
      "\x63": "\x31\x73\x32\x20\x32\x73\x32\x20\x32\x70\x36\x20\x33\x73\x32\x20\x33\x70\x36\x20\x33\x64\x31\x30\x20\x34\x73\x32\x20\x34\x70\x36\x20\x34\x64\x31\x30\x20\x35\x73\x32\x20\x35\x70\x36\x20\x34\x66\x31\x34\x20\x35\x64\x31\x30\x20\x36\x73\x32\x20\x36\x70\x36\x20\x35\x66\x31\x34\x20\x36\x64\x31\x30\x20\x37\x73\x32\x20\x37\x70\x35",
      "\x6e\x6f\x62\x6c\x65": "\x5b\x52\x6e\x5d\x20\x35\x66\x31\x34\x20\x36\x64\x31\x30\x20\x37\x73\x32\x20\x37\x70\x35",
    },
    {
      "\x7a": 0x76,
      "\x73": "\x4f\x67",
      "\x6e": "\x4f\x67\x61\x6e\x65\x73\x73\x6f\x6e",
      "\x63\x6e": "\u9feb",
      "\x74\x79\x70\x65": "\u975e\u91d1\u5c6c",
      "\x73\x74\x61\x74\x65": "\u6c23\u9ad4",
      "\x6d\x70": "\x2d",
      "\x62\x70": "\x2d",
      "\x69\x65": [],
      "\x70": 0x7,
      "\x67": "\x38\x41",
      "\x69\x75\x70\x61\x63": 0x12,
      "\x63": "\x31\x73\x32\x20\x32\x73\x32\x20\x32\x70\x36\x20\x33\x73\x32\x20\x33\x70\x36\x20\x33\x64\x31\x30\x20\x34\x73\x32\x20\x34\x70\x36\x20\x34\x64\x31\x30\x20\x35\x73\x32\x20\x35\x70\x36\x20\x34\x66\x31\x34\x20\x35\x64\x31\x30\x20\x36\x73\x32\x20\x36\x70\x36\x20\x35\x66\x31\x34\x20\x36\x64\x31\x30\x20\x37\x73\x32\x20\x37\x70\x36",
      "\x6e\x6f\x62\x6c\x65": "\x5b\x52\x6e\x5d\x20\x35\x66\x31\x34\x20\x36\x64\x31\x30\x20\x37\x73\x32\x20\x37\x70\x36",
    },
  ];
